Key,Id,English(en),Spanish(es),Italian(it),French(fr),Polish(pl),Ukrainian(uk),Russian(ru),German(de),Hungarian(hu),Romanian(ro),Arabic(ar)
"24_hours_of_le_mans",8827921425752064,"24 Hours of Le Mans","24 horas de Le Mans","24 ore di Le Mans","Les 24 Heures du Mans","24-godzinny wyścig Le Mans","24 години Ле-Мана","24 часа Ле-Мана","24 Stunden von Le Mans","24 órás Le Mans","24 de ore de la Le Mans","سباق لومان 24 ساعة"
"24_hours_of_le_mans.desc",8827921425752065,"A car race that lasts 24 hours. Teams drive day and night.","Una carrera de autos que dura 24 horas. Los equipos conducen día y noche.","Una gara automobilistica che dura 24 ore. Le squadre guidano giorno e notte.","C'est une course automobile qui dure 24 heures. Les équipes conduisent jour et nuit.","Wyścig samochodowy trwający 24 godziny. Zespoły ścigają się dniem i nocą.","Автомобільна гонка, яка триває 24 години. Бригади їздять вдень і вночі.","Автогонка, которая длится 24 часа. Команды участвуют в гонках днём и ночью.","Ein Autorennen, das 24 Stunden dauert. Die Teams fahren Tag und Nacht.","24 órán át tartó autóverseny. A csapatok éjjel-nappal vezetnek.","O cursă de mașini care durează 24 de ore. Echipele conduc zi și noapte.","سباق سيارات يستمر ٢٤ ساعة. تتنافس الفرق ليلًا ونهارًا."
"alps",8827921434140672,"Alps","Alpes","Alpi","Les Alpes","Alpy","Альпи","Альпы","Alpen","Alpok","Alpi","جبال الألب"
"alps.desc",8827921434140673,"A tall mountain range in Europe.","Una alta cadena montañosa en Europa.","Un'alta catena montuosa in Europa.","Une haute chaîne de montagnes en Europe.","Wysokie pasmo górskie w Europie.","Високий гірський масив у Європі.","Высокий горный хребет в Европе.","Eine hohe Bergkette in Europa.","Magas hegység Európában.","Un lanț muntos înalt în Europa.","سلسلة جبلية عالية في أوروبا."
"amber",8827921434140674,"Amber","Ámbar","Ambra","Ambre","Bursztyn","Бурштин","Янтарь","Bernstein","Borostyán","Chihlimbar","العنبر"
"amber_room",8827921434140676,"Amber Room","Sala de Ámbar","Camera d'Ambra","Chambre d'ambre","Bursztynowa Komnata","Бурштинова кімната","Янтарная комната","Bernsteinzimmer","Borostyánszoba","Camera de chihlimbar","غرفة العنبر"
"amber_room.desc",8827921434140677,"A famous room made of amber with a mysterious history.","Una famosa habitación hecha de ámbar con una historia misteriosa.","Una famosa stanza fatta di ambra con una storia misteriosa.","Une célèbre pièce en ambre avec une histoire mystérieuse.","Słynny pokój z bursztynu o tajemniczej historii.","Знаменита кімната з бурштину із загадковою історією.","Знаменитая комната из янтаря с загадочной историей.","Ein berühmter Raum aus Bernstein mit einer geheimnisvollen Geschichte.","Egy híres borostyánszoba titokzatos történelemmel.","O cameră celebră din chihlimbar cu o istorie misterioasă.","غرفة مشهورة مصنوعة من العنبر ولها تاريخ غامض."
"amber.desc",8827921434140675,"Shiny fossil tree resin called 'Baltic Gold'.","Resina de árbol fósil brillante llamada 'Oro Báltico'.","Resina fossile lucida di albero chiamata ""oro baltico"".","L'ambre est utilisée pour faire des bijoux.","Błyszcząca, skamieniała żywica drzew iglastych zwana ""złotem Bałtyku"".","Блискуча смола викопних дерев під назвою «Балтійське золото».","Блестящая окаменевшая древесная смола, называемая «Балтийское золото».","Glänzendes fossiles Baumharz namens „Baltic Gold“.","Fényes fosszilis fagyanta, az úgynevezett ""Baltic Gold"".","Rășină strălucitoare de copac fosil numită „Aur Baltic”.","شجرة راتنجية متحجرة لامعة تسمى ""الذهب البلطيقي""."
"animal_chimpanzee",16699856453099520,"Chimpanzee","Chimpancé","Scimpanzé","Le chimpanzé","Szympans","Шимпанзе","Шимпанзе","Schimpanse","Csimpánz","Cimpanzeu","الشمبانزي"
"animal_chimpanzee.desc",16699856482459648,"Smart and playful, it loves to climb trees. It uses sticks and stones like little tools!","Inteligente y juguetón, le encanta trepar a los árboles. ¡Usa palos y piedras como pequeñas herramientas!","Intelligente e giocoso, ama arrampicarsi sugli alberi. Usa bastoni e pietre come piccoli utensili!","C'est un singe intelligent et joueur. Il adore grimper aux arbres.","Sprytny i wesoły, uwielbia wspinać się na drzewa. Używa patyków i kamieni jak małych narzędzi!","Розумний і грайливий, він любить лазити по деревах. Він використовує палиці та каміння, як маленькі інструменти!","Умный и игривый, он обожает лазать по деревьям. Палки и камни он использует как маленькие инструменты!","Es ist klug und verspielt und liebt es, auf Bäume zu klettern. Es benutzt Stöcke und Steine ​​wie kleine Werkzeuge!","Okos és játékos, szeret fára mászni. Botokat és köveket használ, mint egy kis szerszámot!","Deștept și jucăuș, îi place să se cațere în copaci. Folosește bețe și pietre ca niște scule mici!","ذكي ومرح، يحب تسلق الأشجار. يستخدم العصي والحجارة كأدوات صغيرة!"
"animal_elephant",7717548228337664,"Elephant","Elefante","Elefante","L'éléphant","Słoń","слон","Слон","Elefant","Elefánt","Elefant","فيل"
"animal_elephant_adult",20437989829107712,"Adult elephant","Elefante adulto","Elefante adulto","Un éléphant adulte","Dorosły słoń","Дорослий слон","Взрослый слон","Erwachsener Elefant","Felnőtt elefánt","Elefant adult","فيل بالغ"
"animal_elephant_adult.desc",20437989829107713,"Big and strong, with long tusks and a loud trumpet. It cares for the herd and leads the way.","Grande y fuerte, con largos colmillos y una potente trompeta. Cuida de la manada y guía el camino.","Grande e forte, con lunghe zanne e un suono sonoro di tromba. Si prende cura della mandria e guida la strada.","C'est un animal grand et fort avec de longues défenses et une trompe.","Duży i silny, z długimi kłami i głośną trąbą. Troszczy się o stado i wskazuje drogę.","Великий і сильний, з довгими бивнями і голосною сурмою. Він доглядає за стадом і веде дорогу.","Большой и сильный, с длинными бивнями и громким трубным звуком. Он заботится о стаде и ведёт его за собой.","Groß und stark, mit langen Stoßzähnen und einem lauten Trompetenstoß. Es hütet die Herde und führt den Weg.","Nagy és erős, hosszú agyarral és hangos trombitával. Gondoskodik a csordáról, és utat mutat.","Mare și puternic, cu colți lungi și o trâmbiță puternică. Îi pasă de turmă și deschide calea.","كبير وقوي، ذو أنياب طويلة وبوق عالٍ. يهتم بالقطيع ويقوده."
"animal_elephant_baby",20437989829107714,"Baby elephant","Bebé elefante","Cucciolo di elefante","Un éléphanteau","Słoniątko","Слоненя","Слоненок","Elefantenbaby","Elefántbébi","Pui de elefant","فيل صغير"
"animal_elephant_baby.desc",20437989829107715,"Small and playful, it waves its tiny trunk. It loves to stay close to its mom.","Pequeño y juguetón, mueve su trompa. Le encanta estar cerca de su mamá.","Piccolo e giocoso, agita la sua piccola proboscide. Ama stare vicino alla mamma.","C'est un un bébé éléphant.","Mały i figlarny, macha swoją maleńką trąbą. Uwielbia przebywać blisko swojej mamy.","Маленький і грайливий, він махає своїм крихітним стовбуром. Воно любить бути поруч зі своєю мамою.","Маленький и игривый, он машет своим крошечным хоботком. Он любит быть рядом с мамой.","Es ist klein und verspielt, wedelt mit seinem winzigen Rüssel und bleibt gern in der Nähe seiner Mutter.","Kicsi és játékos, apró törzsét lengeti. Imád az anyja közelében lenni.","Mic și jucăuș, își flutură trunchiul minuscul. Îi place să stea aproape de mama sa.","صغير ومرح، يُلوّح بخرطومه الصغير. يُحبّ البقاء بالقرب من أمه."
"animal_elephant_young",20437989829107716,"Young elephant","Elefante joven","Giovane elefante","Un jeune éléphant","Młody słoń","Молодий слон","Молодой слон","Junger Elefant","Fiatal elefánt","Tânăr elefant","فيل صغير"
"animal_elephant_young.desc",20437989829107717,"Curious and learning, it follows the adults. It practices using its trunk every day!","Curioso y aprendiz, sigue a los adultos. ¡Practica el uso de su trompa todos los días!","Curioso e apprendente, segue gli adulti. Si esercita ogni giorno usando la proboscide!","Curieux, il suit les adultes. Il aime utiliser sa trompe tous les jours !","Ciekawski, szybko się uczy, podąża za dorosłymi. Codziennie ćwiczy używanie trąby!","Допитливий і навчальний, він слідує за дорослими. Він щодня вправляється користуватися своїм стовбуром!","Любопытный и обучаемый, он следует за взрослыми. Он тренируется пользоваться своим хоботом каждый день!","Neugierig und lernbegierig folgt es den Erwachsenen und übt jeden Tag, seinen Rüssel zu benutzen!","Kíváncsi és tanuló követi a felnőtteket. Minden nap gyakorolja a törzs használatát!","Curios și învățat, îi urmărește pe adulți. Se exersează să-și folosească trunchiul în fiecare zi!","فضوليٌّ ومتعلم، يتبع الكبار. يتدرب على استخدام خرطومه يوميًا!"
"animal_elephant.desc",7717548232531968,"A big animal with a trunk. Elephants are the biggest animals that walk on land. They have big ears and love to spray water!","Un animal grande con trompa. Los elefantes son los animales terrestres más grandes. Tienen orejas grandes y les encanta rociar agua.","Un grosso animale con una proboscide. Gli elefanti sono gli animali più grandi che camminano sulla terraferma. Hanno grandi orecchie e amano spruzzare acqua!","C'est un gros animal avec une trompe. Les éléphants sont les plus grands animaux terrestres. Ils ont de grandes oreilles et adorent souffler de l'eau !","Ogromne zwierzę z trąbą. Słonie to największe zwierzęta chodzące po lądzie. Mają duże uszy i uwielbiają pryskać wodą!","Велика тварина з хоботом. Слони - найбільші тварини, які ходять по суші. Вони мають великі вуха і люблять бризкати водою!","Большое животное с хоботом. Слоны — самые крупные животные, ходящие по суше. У них большие уши, и они любят разбрызгивать воду!","Ein großes Tier mit einem Rüssel. Elefanten sind die größten Landtiere. Sie haben große Ohren und lieben es, Wasser zu spritzen!","Egy nagy állat, törzsgel. Az elefántok a legnagyobb szárazföldi állatok. Nagy fülük van és szeretnek vizet permetezni!","Un animal mare cu un trunchi. Elefanții sunt cele mai mari animale care merg pe uscat. Au urechi mari și le place să pulverizeze apă!","حيوان كبير ذو خرطوم. الفيلة أكبر الحيوانات التي تمشي على اليابسة. لها آذان كبيرة وتحب رش الماء!"
"animal_enclosure",8827921438334976,"Animal Enclosure","Recinto para animales","Recinto per animali","Un enclos pour animaux","Wybieg dla zwierząt","Вольєр для тварин","Вольер для животных","Tiergehege","Állattartó","Incinta pentru animale","حظيرة الحيوانات"
"animal_enclosure.desc",8827921438334977,"A safe space made for animals to live at the zoo.","Un espacio seguro creado para que los animales vivan en el zoológico.","Uno spazio sicuro pensato per far vivere gli animali allo zoo.","C'est un espace pour les animaux dans le zoo.","Bezpieczna przestrzeń w zoo, w której mogą żyć zwierzęta.","Безпечний простір для тварин у зоопарку.","Безопасное пространство, созданное для жизни животных в зоопарке.","Ein sicherer Lebensraum für Tiere im Zoo.","Biztonságos hely az állatok számára az állatkertben.","Un spațiu sigur creat pentru ca animalele să trăiască la grădina zoologică.","مساحة آمنة مخصصة للحيوانات للعيش في حديقة الحيوان."
"animal_fox",21855487132688384,"Fox","Zorro","Volpe","Un renard","Lis","Лисиця","Лиса","Fuchs","Róka","Vulpe","ثعلب"
"animal_fox.desc",21855487157854208,"A smart predator that lives in the woods. They have a soft tail to keep them warm.","Un depredador inteligente que vive en el bosque. Tiene una cola suave para mantenerse caliente.","Un predatore intelligente che vive nei boschi. Ha una coda morbida che lo tiene al caldo.","C'est un animal  intelligent qui vit dans les bois. Sa queue lui tient chaud.","Inteligentny drapieżnik żyjący w lasach. Ma miękki ogon, który zapewnia mu ciepło.","Розумний хижак, який живе в лісі. Вони мають м’який хвостик, щоб зігріти їх.","Хищный хищник, живущий в лесу. Мягкий хвост помогает им согреться.","Ein intelligentes Raubtier, das im Wald lebt. Es hat einen weichen Schwanz, der es warm hält.","Okos ragadozó, amely az erdőben él. Puha farkuk van, hogy melegen tartsa őket.","Un prădător inteligent care trăiește în pădure. Au o coadă moale pentru a le ține de cald.","حيوان مفترس ذكي يعيش في الغابة. له ذيل ناعم ليبقيه دافئًا."
"animal_giraffe",7717548261892096,"Giraffe","Jirafa","Giraffa","une girafe","Żyrafa","Жираф","Жирафа","Giraffe","Zsiráf","Girafă","زرافة"
"animal_giraffe.desc",7717548261892097,"A very tall animal with a long neck. Giraffes are taller than trees! They eat leaves that other animals cannot reach.","Un animal muy alto con un cuello largo. ¡Las jirafas son más altas que los árboles! Comen hojas que otros animales no pueden alcanzar.","Un animale molto alto con un collo lungo. Le giraffe sono più alte degli alberi! Mangiano foglie che altri animali non possono raggiungere.","C'est un animal très grand avec un long cou. Les girafes sont plus hautes que les arbres ! Elles mangent des feuilles.","Bardzo wysokie zwierzę z długą szyją. Żyrafy są wyższe niż drzewa! Zjadają liście, do których inne zwierzęta nie mogą dosięgnąć.","Дуже висока тварина з довгою шиєю. Жирафи вищі за дерева! Вони їдять листя, до яких інші тварини не можуть дістатися.","Очень высокое животное с длинной шеей. Жирафы выше деревьев! Они едят листья, до которых другие животные не дотянутся.","Ein sehr großes Tier mit einem langen Hals. Giraffen sind größer als Bäume! Sie fressen Blätter, die andere Tiere nicht erreichen können.","Nagyon magas, hosszú nyakú állat. A zsiráfok magasabbak, mint a fák! Olyan leveleket esznek, amelyeket más állatok nem tudnak elérni.","Un animal foarte înalt, cu un gât lung. Girafele sunt mai înalte decât copacii! Ei mănâncă frunze pe care alte animale nu le pot ajunge.","حيوان طويل جدًا ذو رقبة طويلة. الزرافات أطول من الأشجار! تأكل أوراقًا لا تستطيع الحيوانات الأخرى الوصول إليها."
"animal_lion",7717548261892098,"Lion","León","Leone","Un lion","Lew","Лев","Лев","Löwe","Oroszlán","Leu","الأسد"
"animal_lion_cub",16699856486653952,"Lion Cub","Cachorro de león","Cucciolo di leone","Un lionceau","Lwiątko","Левеня","Львенок","Löwenjunges","Oroszlánkölyök","Pui de Leu","شبل الأسد"
"animal_lion_cub.desc",16699856486653953,"A small lion with soft fur and big paws. It spends its days playing and roaring softly.","Un pequeño león de pelaje suave y patas grandes. Se pasa el día jugando y rugiendo suavemente.","Un piccolo leone dalla pelliccia morbida e dalle zampe grandi. Trascorre le sue giornate giocando e ruggisce dolcemente.","C'est un bébé lion à la fourrure douce et aux grandes pattes. Il aime à jouer.","Mały lew o miękkim futrze i dużych łapach. Spędza czas, bawiąc się i cicho rycząc.","Маленький лев з м'якою шерстю і великими лапами. Він проводить дні, граючись і тихо ревучи.","Маленький лев с мягкой шерстью и большими лапами. Он проводит дни, играя и тихо рыча.","Ein kleiner Löwe mit weichem Fell und großen Pfoten. Er verbringt seine Tage mit Spielen und leisem Brüllen.","Kis oroszlán puha szőrrel és nagy mancsokkal. Napjait játszva és halkan üvöltve tölti.","Un leu mic cu blană moale și labe mari. Își petrece zilele jucându-se și răcnind încet.","أسد صغير ذو فراء ناعم ومخالب كبيرة. يقضي أيامه يلعب وزئيرًا خافتًا."
"animal_lion_young_male",16699856486653954,"Young Lion Male","León joven macho","Giovane leone maschio","C'est un jeune lion","Młody samiec lwa","Молодий лев самець","Молодой лев-самец","Junger männlicher Löwe","Fiatal oroszlán hím","Tânăr Leu Mascul","ذكر أسد صغير"
"animal_lion_young_male.desc",16699856486653955,"Growing strong with a short mane. He learns to hunt and protect his pride.","Crece fuerte con una melena corta. Aprende a cazar y a proteger a su manada.","Cresce forte con una corta criniera. Impara a cacciare e a proteggere il suo branco.","Il a une crinière courte et apprend à devenir fort.","Rośnie w siłę, ma krótką grzywę. Uczy się polować i chronić swoją dumę.","Росте сильний з короткою гривою. Він вчиться полювати і захищати свою гордість.","Он растёт сильным, с короткой гривой. Он учится охотиться и защищать свой прайд.","Er wächst stark heran und hat eine kurze Mähne. Er lernt zu jagen und sein Rudel zu beschützen.","Erős növekedésű, rövid sörénnyel. Megtanul vadászni és megvédeni büszkeségét.","Crește puternic cu coama scurtă. Învață să vâneze și să-și protejeze mândria.","ينمو قويًا بعرف قصير. يتعلم الصيد وحماية كبريائه."
"animal_lion.desc",7717548261892099,"A big cat called the king of animals. It lives in groups called prides.","Un gran felino, considerado el rey de los animales. Vive en manadas.","Un grosso felino chiamato il re degli animali. Vive in gruppi chiamati branchi.","On dit que c'est le roi des animaux. Il vit en groupe.","Duży kot zwany królem zwierząt. Żyje w grupach zwanych stadami.","Великого кота називають королем тварин. Він живе групами, які називаються прайдами.","Большая кошка, называемая царём зверей. Живёт группами, называемыми прайдами.","Eine Großkatze, die als König der Tiere gilt. Sie lebt in Gruppen, die als Rudel bezeichnet werden.","Egy nagymacska, akit az állatok királyának hívnak. Büszkeségnek nevezett csoportokban él.","O pisică mare numită regele animalelor. Trăiește în grupuri numite mândrie.","قطة كبيرة تُسمى ملك الحيوانات. تعيش في مجموعات تُسمى الزمر."
"animal_lover_dwarf",8827921438334978,"Animal Lover Dwarf","Enano amante de los animales","Nano amante degli animali","Un nain qui aime les animaux","Krasnal Miłośnik Zwierząt","Гном любитель тварин","Гном-любитель животных","Tierliebhaber-Zwerg","Állatszerető törpe","Pitic iubitor de animale","قزم محب للحيوانات"
"animal_lover_dwarf.desc",8827921438334979,"A dwarf statue that loves the zoo and animals.","Una estatua enana que ama el zoológico y los animales.","Una statua di un nano che ama lo zoo e gli animali.","Une statue naine qui aime le zoo et les animaux.","Figurka krasnala, który uwielbia zoo i zwierzęta.","Статуя гнома, яка любить зоопарк і тварин.","Статуя гнома, который любит зоопарк и животных.","Eine Zwergstatue, die den Zoo und Tiere liebt.","Törpe szobor, amely szereti az állatkertet és az állatokat.","O statuie pitic care iubește grădina zoologică și animalele.","تمثال قزم يحب حديقة الحيوانات والحيوانات."
"animal_monkey",7717548261892100,"Monkey","Mono","Scimmia","Un singe","Małpa","Мавпа","Обезьяна","Affe","Majom","Maimuţă","قرد"
"animal_monkey.desc",7717548261892101,"A smart animal that can climb and play. Some monkeys live in big families.","Un animal inteligente que puede trepar y jugar. Algunos monos viven en familias numerosas.","Un animale intelligente che sa arrampicarsi e giocare. Alcune scimmie vivono in famiglie numerose.","C'est un animal intelligent qui aime aller dans les arbres et jouer. Certains singes vivent en grandes familles.","Inteligentne zwierzę, które potrafi się wspinać i bawić. Niektóre małpy żyją w dużych rodzinach.","Розумна тварина, яка вміє лазити та гратися. Деякі мавпи живуть великими родинами.","Умное животное, которое умеет лазать и играть. Некоторые обезьяны живут большими семьями.","Ein intelligentes Tier, das klettern und spielen kann. Manche Affen leben in großen Familien.","Okos állat, amely tud mászni és játszani. Egyes majmok nagy családokban élnek.","Un animal inteligent care se poate cățăra și se poate juca. Unele maimuțe trăiesc în familii mari.","حيوان ذكيّ، يجيد التسلق واللعب. بعض القرود تعيش في عائلات كبيرة."
"animal_penguin",7717548261892102,"Penguin","Pingüino","Pinguino","Un manchot","Pingwin","Пінгвін","Пингвин","Pinguin","Pingvin","Pinguin","البطريق"
"animal_penguin.desc",7717548261892103,"A bird that cannot fly but swims very well. It lives in cold places.","Un pájaro que no puede volar, pero nada muy bien. Vive en lugares fríos.","Un uccello che non sa volare ma nuota molto bene. Vive in luoghi freddi.","C'est un oiseau qui ne peut pas voler mais qui nage très bien. Il vit dans les régions froides.","Ptak, który nie lata, ale świetnie pływa. Żyje w zimnych miejscach.","Птах, який не вміє літати, але дуже добре плаває. Живе в холодних місцях.","Птица, которая не умеет летать, но очень хорошо плавает. Обитает в холодных местах.","Ein Vogel, der nicht fliegen kann, aber sehr gut schwimmt. Er lebt an kalten Orten.","Egy madár, amely nem tud repülni, de nagyon jól úszik. Hideg helyeken él.","O pasăre care nu poate zbura, dar înoată foarte bine. Trăiește în locuri reci.","طائر لا يطير ولكنه يسبح جيدًا. يعيش في الأماكن الباردة."
"antura",20437989829107718,"Antura","Antura","Antura","Antura","Antura","Антура","Антура","Antura","Antura","Antura","أنتورا"
"antura_blocky_character",20437989829107720,"Blocky","Bloque","Blocchi","En blocs","Klockowi","Блоковий","Блочный","Blockig","Kockás","Blocky","كتلة"
"antura_blocky_character.desc",20437989829107721,"These funny people live in this world. Talk to them all...  they have stories to tell!","Esta gente tan graciosa vive en este mundo. Habla con todos ellos... ¡tienen historias que contar!","Queste persone divertenti vivono in questo mondo. Parlate con loro... hanno storie da raccontare!","Ces drôles de personnages vivent dans ce monde. Parle-leur à tous… ils ont des histoires à raconter !","Ci zabawni ludzie żyją na tym świecie. Porozmawiaj z nimi wszystkimi... ci zabawni ludzie mogą opowiedzieć ciekawe historie.","Ці смішні люди живуть у цьому світі. Поговоріть з ними всіма... їм є що розповісти!","Эти забавные люди живут в этом мире. Поговорите с ними... им есть что рассказать!","Diese lustigen Menschen leben auf dieser Welt. Sprich mit ihnen allen ... sie haben Geschichten zu erzählen!","Ezek a vicces emberek ebben a világban élnek. Beszélgess velük... van mesélnivalójuk!","Acești oameni amuzanți trăiesc în această lume. Vorbește cu toți... au povești de spus!","هؤلاء الأشخاص المضحكون يعيشون في هذا العالم. تحدث إليهم جميعًا... لديهم قصص ليخبروها!"
"antura_cards",20620920669331456,"Cards","Tarjetas","Carte","Les cartes","Karty","картки","Карты","Karten","Kártyák","Carduri","بطاقات"
"antura_cards.desc",20620920681914368,"Each card has something special to learn. Find them all and read them!","Cada tarjeta tiene algo especial que aprender. ¡Encuéntralas todas y léelas!","Ogni carta ha qualcosa di speciale da imparare. Trovale tutte e leggile!","Chaque carte a quelque chose de spécial à apprendre. Trouve-les toutes et lis-les !","Każda karta skrywa coś wyjątkowego. Znajdź je wszystkie i przeczytaj!","Кожна картка має щось особливе для вивчення. Знайдіть їх усіх і прочитайте!","Каждая карточка таит в себе что-то особенное. Найдите их все и прочтите!","Auf jeder Karte gibt es etwas Besonderes zu lernen. Finde sie alle und lies sie!","Minden kártyának van valami különleges tanulnivalója. Keresse meg mindegyiket és olvassa el!","Fiecare card are ceva special de învățat. Găsește-le pe toate și citește-le!","كل بطاقة تحتوي على شيء مميز لتتعلمه. ابحث عنها جميعًا واقرأها!"
"antura_cat",20437989829107724,"Cat","Gato","Gatto","Le chat","Kot","кішка","Кот","Katze","Macska","Pisică","قطة"
"antura_cat.desc",20437989829107725,"Antura’s best friend and travel buddy. Curious, clever, and always ready to help!","El mejor amigo y compañero de viaje de Antura. ¡Curioso, listo y siempre dispuesto a ayudar!","La migliore amica e compagna di viaggio di Antura. Curiosa, intelligente e sempre pronta ad aiutare!","C'est le meilleur ami et compagnon de voyage d'Antura. Il est curieux, intelligent et toujours prêt à aider !","Najlepszy przyjaciel i towarzysz podróży Antury. Ciekawy, sprytny i zawsze gotowy do pomocy!","Найкращий друг і приятель Антури в подорожах. Допитливий, кмітливий і завжди готовий прийти на допомогу!","Лучший друг и спутник Антуры в путешествиях. Любопытный, умный и всегда готовый помочь!","Anturas bester Freund und Reisegefährte. Neugierig, clever und immer bereit zu helfen!","Antura legjobb barátja és útitársa. Kíváncsi, okos és mindig készen áll a segítségre!","Cel mai bun prieten și prieten de călătorie al Anturii. Curios, inteligent și mereu gata să ajute!","صديق أنطورا المقرب ورفيق سفره. فضولي، ذكي، ومستعد دائمًا للمساعدة!"
"antura_cookies",20437989829107726,"Cookies","Galletas","Biscotti","Cookies","Ciasteczka","Печиво","Файлы cookie","Cookie Einstellungen","Cookie-k","Cookie-uri","ملفات تعريف الارتباط"
"antura_cookies.desc",20437989829107727,"Sweet rewards you can collect while playing! Use them to get new items and surprises.","¡Recoge recompensas increíbles mientras juegas! Úsalas para conseguir nuevos objetos y sorpresas.","Fantastiche ricompense che puoi collezionare giocando! Usale per ottenere nuovi oggetti e sorprese.","De belles récompenses à collectionner en jouant ! Utilisez-les pour obtenir de nouveaux objets et des surprises.","Słodkie nagrody, które możesz zbierać podczas gry! Wykorzystaj je, aby zdobyć nowe przedmioty i niespodzianki.","Солодкі нагороди, які ви можете збирати під час гри! Використовуйте їх, щоб отримати нові предмети та сюрпризи.","Сладкие награды, которые можно получить во время игры! Используйте их, чтобы получить новые предметы и сюрпризы.","Tolle Belohnungen, die du beim Spielen sammeln kannst! Nutze sie, um neue Items und Überraschungen zu erhalten.","Édes jutalmakat gyűjthetsz játék közben! Használja őket új tárgyak és meglepetések beszerzésére.","Recompense dulci pe care le poți colecta în timp ce joci! Folosiți-le pentru a obține articole noi și surprize.","مكافآت رائعة يمكنك جمعها أثناء اللعب! استخدمها للحصول على عناصر ومفاجآت جديدة."
"antura_livingletter",20437989829107730,"Living Letter","Carta viva","Lettera vivente","La lettre vivante","Żywa literka","Живий лист","Живое письмо","Lebender Brief","Élő levél","Scrisoare vie","رسالة حية"
"antura_livingletter.desc",20437989829107731,"A friendly letter that loves to talk and play! Talk to them to learn new words","¡Una carta amigable a la que le encanta hablar y jugar! Háblale para aprender palabras nuevas.","Una lettera amichevole che ama parlare e giocare! Parla con loro per imparare nuove parole","Une gentille lettre qui aime parler et jouer ! Parle-lui pour apprendre de nouveaux mots.","Przyjazny list, który uwielbia rozmawiać i się bawić! Rozmawiaj z nim, aby nauczyć się nowych słów.","Привітний лист, який любить говорити та грати! Поговоріть з ними, щоб вивчити нові слова","Дружелюбное письмо, которое любит болтать и играть! Разговаривайте с ним, чтобы выучить новые слова.","Ein freundlicher Buchstabe, der gerne spricht und spielt! Sprechen Sie mit ihnen, um neue Wörter zu lernen","Barátságos levél, aki szeret beszélni és játszani! Beszéljen velük, hogy új szavakat tanuljon","O scrisoare prietenoasă căreia îi place să vorbească și să se joace! Vorbește cu ei pentru a învăța cuvinte noi","رسالة ودودة تُحب الحديث واللعب! تحدث معها لتتعلم كلمات جديدة."
"antura_malus",20620920681914369,"Danger","Peligro","Pericolo","Le danger","Niebezpieczeństwo","Небезпека","Опасность","Gefahr","Veszély","Pericol","خطر"
"antura_malus.desc",20620920681914370,"Something you should not do! Be careful and stay safe.","¡Algo que no debes hacer! Ten cuidado y mantente a salvo.","Qualcosa che non dovresti fare! Fai attenzione e stai al sicuro.","À éviter absolument ! Sois prudent et protége-toi.","Czegoś takiego nie powinieneś robić! Zachowaj ostrożność i bądź bezpieczny.","Щось не варто робити! Будьте обережні та залишайтеся в безпеці.","Этого делать не стоит! Будьте осторожны и берегите себя.","Das sollten Sie nicht tun! Seien Sie vorsichtig und bleiben Sie sicher.","Valamit, amit nem szabad megtenned! Legyen óvatos és maradjon biztonságban.","Ceva ce nu ar trebui să faci! Fii atent și fii în siguranță.","شيء لا يجب عليك فعله! كن حذرًا وابقَ آمنًا."
"antura_portal",20437989829107732,"Portal","Portal","Portale","Un portail","Portal","Портал","Портал","Portal","Portál","Portal","منفذ"
"antura_portal.desc",20437989829107733,"A magic door that takes you to new places. Step in and see where it leads!","Una puerta mágica que te lleva a nuevos lugares. ¡Entra y descubre adónde te lleva!","Una porta magica che ti porta in nuovi luoghi. Entra e scopri dove ti porta!","Avec la porte magique tu peux aller vers de nouveaux lieux. Entre et découvre où elle te mène !","Magiczne drzwi, które zaprowadzą Cię do nowych miejsc. Wejdź i zobacz, dokąd trafisz tym razem!","Чарівні двері, які ведуть вас у нові місця. Увійдіть і подивіться, куди це веде!","Волшебная дверь, которая перенесёт вас в новые места. Войдите и посмотрите, куда она ведёт!","Eine magische Tür, die Sie an neue Orte führt. Treten Sie ein und sehen Sie, wohin sie führt!","Varázsajtó, amely új helyekre visz. Lépjen be, és nézze meg, hová vezet!","O ușă magică care te duce în locuri noi. Intră și vezi unde duce!","باب سحري يأخذك إلى أماكن جديدة. ادخل وانظر إلى أين يقودك!"
"antura_target",20620920681914371,"Target Symbol","Símbolo de objetivo","Simbolo del bersaglio","Un symbole cible","Symbol docelowy","Цільовий символ","Символ цели","Zielsymbol","Cél szimbólum","Simbol țintă","رمز الهدف"
"antura_target.desc",20620920681914372,"If you see this, go to it. it might be something important!","Si ves esto, ve a verlo. ¡Puede ser algo importante!","Se vedi questo, vai lì. Potrebbe essere qualcosa di importante!","Quand tu la vois, Vas-y. Ça peut être important !","Jeśli to widzisz, idź tam. Może to być coś ważnego!","Якщо ви бачите це, перейдіть до нього. може бути щось важливе!","Если вы это видите, перейдите по ссылке. Это может быть что-то важное!","Wenn Sie das sehen, gehen Sie dorthin. Es könnte etwas Wichtiges sein!","Ha ezt látod, menj hozzá. lehet valami fontos!","Dacă vezi asta, mergi la el. ar putea fi ceva important!","إذا رأيت هذا، اذهب إليه، فقد يكون شيئًا مهمًا!"
"antura.desc",20437989829107719,"The main character of this videogame","El personaje principal de este videojuego","Il personaggio principale di questo videogioco","C'est le personnage principal de ce jeu vidéo.","Główny bohater tej gry wideo","Головний герой цієї відеоігри","Главный герой этой видеоигры","Die Hauptfigur dieses Videospiels","Ennek a videojátéknak a főszereplője","Personajul principal al acestui joc video","الشخصية الرئيسية في لعبة الفيديو هذه"
"arc_de_triomphe",16699856495042560,"Arc De Triomphe","Arco del Triunfo","Arco di Trionfo","L'Arc de Triomphe","Łuk Triumfalny","Тріумфальна арка","Триумфальная арка","Arc De Triomphe","Diadalív","Arcul de Triumf","قوس النصر"
"arc_de_triomphe.desc",16699856495042561,"A grand arch in Paris, built to honor heroes. You can see it shining at the end of a long avenue!","Un gran arco en París, construido para honrar a los héroes. ¡Puedes verlo brillar al final de una larga avenida!","Un grande arco a Parigi, costruito in onore degli eroi. Lo si può vedere splendere alla fine di un lungo viale!","C'est une grande arche à Paris, construite en l'honneur des héros. On peut la voir briller au bout d'une longue avenue !","Wielki łuk w Paryżu wzniesiony ku czci bohaterów. Lśni tak, że widać go z drugiego końca długiej alei!","Велична арка в Парижі, побудована на честь героїв. Ви можете побачити, як воно сяє в кінці довгого проспекту!","Величественная арка в Париже, воздвигнутая в честь героев. Вы можете увидеть её сияние в конце длинной аллеи!","Ein großer Bogen in Paris, der zu Ehren der Helden errichtet wurde. Sie können ihn am Ende einer langen Allee leuchten sehen!","Nagy ív Párizsban, amelyet a hősök tiszteletére építettek. Láthatod, ahogy ragyog egy hosszú sugárút végén!","Un arc măreț din Paris, construit pentru a onora eroii. Îl poți vedea strălucind la capătul unui bulevard lung!","قوسٌ عظيمٌ في باريس، بُني لتكريم الأبطال. يُمكنك رؤيته مُشرقًا في نهاية شارعٍ طويل!"
"armor",8827921438334980,"Armor","Armadura","Armatura","Une armure","Zbroja","Броня","Броня","Rüstung","Páncél","Armură","درع"
"armor.desc",8827921438334981,"Protective metal clothing for a knight.","Ropa protectora metálica para caballero.","Indumento protettivo in metallo per un cavaliere.","C'est un habit en fer qui protège le chevalier.","Metalowy ubiór ochronny dla rycerza.","Захисний металевий одяг для лицаря.","Защитная металлическая одежда рыцаря.","Schützende Metallkleidung für einen Ritter.","Fém védőruha lovagnak.","Îmbrăcăminte metalică de protecție pentru un cavaler.","ملابس معدنية واقية للفارس."
"arrows",8827921438334982,"Arrows","Flechas","Frecce","Les flèches","Strzały","Стрілки","Стрелки","Pfeile","Nyilak","Săgeți","السهام"
"arrows.desc",8827921438334983,"Sharp sticks shot from a bow.","Palos afilados disparados desde un arco.","Bastoni appuntiti scagliati da un arco.","On tire les flèches avec un arc.","Ostre patyki wystrzeliwane z łuku.","Гострі палиці, стріляні з лука.","Острые палки, стреляемые из лука.","Scharfe Stöcke, die mit einem Bogen abgefeuert werden.","Éles botok íjból lövöldöztek.","Bețe ascuțite trase dintr-un arc.","العصي الحادة التي يتم إطلاقها من القوس."
"art_liberty_leading_the_people",7717548261892104,"Liberty Leading the People","La libertad guiando al pueblo","La libertà che guida il popolo","La liberté guidant le peuple","Wolność wiodąca lud na barykady","Свобода веде людей","Свобода, ведущая народ","Die Freiheit führt das Volk","Szabadság vezeti a népet","Libertatea conduce poporul","الحرية تقود الشعب"
"art_liberty_leading_the_people.desc",7717548261892105,"A famous painting about freedom and courage. It shows a brave woman holding the French flag and leading people to fight for their rights.","Una famosa pintura sobre la libertad y el coraje. Muestra a una mujer valiente sosteniendo la bandera francesa y liderando a la gente en la lucha por sus derechos.","Un famoso dipinto sulla libertà e il coraggio. Mostra una donna coraggiosa che regge la bandiera francese e guida il popolo nella lotta per i propri diritti.","Un tableau très connu sur la liberté et le courage. Il représente une femme courageuse, la liberté, qui tient le drapeau français.","Słynny obraz o wolności i odwadze. Przedstawia odważną kobietę trzymającą flagę Francji i prowadzącą ludzi do walki o swoje prawa.","Відома картина про свободу і мужність. На ньому зображена відважна жінка, яка тримає французький прапор і веде людей до боротьби за свої права.","Знаменитая картина о свободе и мужестве. На ней изображена отважная женщина, держащая французский флаг и ведущая людей на борьбу за свои права.","Ein berühmtes Gemälde über Freiheit und Mut. Es zeigt eine mutige Frau, die die französische Flagge hält und die Menschen anführt, für ihre Rechte zu kämpfen.","Híres festmény a szabadságról és a bátorságról. Egy bátor nőt ábrázol, aki a francia zászlót tartja, és az embereket a jogaikért való küzdelemre vezeti.","Un tablou celebru despre libertate și curaj. Prezintă o femeie curajoasă ținând steagul francez și conducând oamenii să lupte pentru drepturile lor.","لوحة شهيرة عن الحرية والشجاعة. تُظهر امرأة شجاعة تحمل العلم الفرنسي وتقود الشعب للنضال من أجل حقوقه."
"art_monalisa",7717548261892106,"Mona Lisa","Mona Lisa","Monna Lisa","La Joconde","Mona Lisa","Мона Ліза","Мона Лиза","Mona Lisa","Mona Lisa","Mona Lisa","الموناليزا"
"art_monalisa.desc",7553696484286464,"The most famous painting in the world! A woman with a mysterious smile painted by Leonardo da Vinci. She seems to follow you with her eyes.","¡La pintura más famosa del mundo! Una mujer con una sonrisa misteriosa, pintada por Leonardo da Vinci. Parece seguirte con la mirada.","Il dipinto più famoso del mondo! Una donna dal sorriso misterioso dipinta da Leonardo da Vinci. Sembra seguirti con lo sguardo.","Le tableau le plus connu du monde ! Une femme au sourire mystérieux, peinte par Léonard de Vinci. Elle semble vous suivre du regard.","Najsłynniejszy obraz świata! Kobieta o tajemniczym uśmiechu namalowana przez Leonarda da Vinci. Wydaje się, że śledzi cię wzrokiem.","Найвідоміша картина в світі! Жінка із загадковою усмішкою, яку намалював Леонардо да Вінчі. Вона ніби стежить за тобою очима.","Самая известная картина в мире! Женщина с загадочной улыбкой, написанная Леонардо да Винчи. Кажется, она следит за вами взглядом.","Das berühmteste Gemälde der Welt! Eine Frau mit einem geheimnisvollen Lächeln, gemalt von Leonardo da Vinci. Sie scheint einem mit ihren Augen zu folgen.","A világ leghíresebb festménye! Leonardo da Vinci által festett titokzatos mosolyú nő. Úgy tűnik, követ téged a szemével.","Cel mai faimos tablou din lume! O femeie cu un zâmbet misterios pictată de Leonardo da Vinci. Ea pare să te urmărească cu ochii.","أشهر لوحة في العالم! امرأة بابتسامة غامضة رسمها ليوناردو دافنشي. تبدو وكأنها تتبعك بعينيها."
"art_venus_milo",7717548261892107,"Venus de Milo","Venus de Milo","Venere di Milo","La Vénus de Milo","Wenus z Milo","Венера Мілоська","Венера Милосская","Venus von Milo","Milo Vénusz","Venus de Milo","فينوس دي ميلو"
"art_venus_milo.desc",7717548261892108,"A beautiful ancient statue of a woman made from white marble. Her arms are missing but she is still considered one of the most beautiful statues ever made.","Una hermosa estatua antigua de una mujer, hecha de mármol blanco. Le faltan los brazos, pero aun así se considera una de las estatuas más hermosas jamás realizadas.","Una splendida statua antica di donna in marmo bianco. Le mancano le braccia, ma è comunque considerata una delle statue più belle mai realizzate.","C'est une très belle statue de femme. Elle n'a pas de bras.","Piękna, starożytna statua kobiety wykonana z białego marmuru. Brakuje jej ramion, ale i tak jest uważana za jedną z najpiękniejszych rzeźb, jakie kiedykolwiek powstały.","Красива старовинна статуя жінки з білого мармуру. Її руки відсутні, але вона все ще вважається однією з найкрасивіших статуй, коли-небудь створених.","Прекрасная древняя статуя женщины из белого мрамора. Руки у неё отсутствуют, но она по-прежнему считается одной из самых красивых статуй, когда-либо созданных.","Eine wunderschöne antike Frauenstatue aus weißem Marmor. Ihre Arme fehlen, dennoch gilt sie als eine der schönsten Statuen aller Zeiten.","Egy gyönyörű ősi női szobor fehér márványból. A karjai hiányoznak, de még mindig a valaha készült egyik legszebb szobornak tartják.","O frumoasă statuie antică a unei femei făcută din marmură albă. Brațele îi lipsesc, dar este considerată în continuare una dintre cele mai frumoase statui realizate vreodată.","تمثال عتيق جميل لامرأة من الرخام الأبيض. ذراعاها مفقودتان، لكنها لا تزال تُعتبر من أجمل التماثيل التي صُنعت على الإطلاق."
"astronomy",8827921438334984,"Astronomy","Astronomía","Astronomia","L'astronomie","Astronomia","Астрономія","Астрономия","Astronomie","Csillagászat","Astronomie","علم الفلك"
"astronomy.desc",8827921438334985,"The science of studying the Sun, Moon, stars, and planets.","La ciencia de estudiar el Sol, la Luna, las estrellas y los planetas.","La scienza che studia il Sole, la Luna, le stelle e i pianeti.","C'est la science qui étudie le Soleil, la Lune, les étoiles et les planètes.","Nauka zajmująca się badaniem Słońca, Księżyca, gwiazd i planet.","Наука про вивчення Сонця, Місяця, зірок і планет.","Наука об изучении Солнца, Луны, звезд и планет.","Die Wissenschaft der Erforschung von Sonne, Mond, Sternen und Planeten.","A Nap, a Hold, a csillagok és a bolygók tanulmányozásának tudománya.","Știința studierii Soarelui, Lunii, stelelor și planetelor.","علم دراسة الشمس والقمر والنجوم والكواكب."
"backpack",8827921438334986,"Backpack","Mochila","Zaino","Un sac à dos","Plecak","Рюкзак","Рюкзак","Rucksack","Hátizsák","Rucsac","حقيبة الظهر"
"backpack.desc",8827921438334987,,,,,,,,,,,
"ball",8827921438334988,"Ball","Pelota","Palla","Une ballon","Piłka","М'яч","Мяч","Ball","Labda","minge","كرة"
"ball.desc",8827921438334989,,,,,,,,,,,
"ballroom",8827921438334990,"Ballroom","Salón de baile","Sala da ballo","Une salle de bal","Sala balowa","Бальний зал","Бальный зал","Ballsaal","Bálterem","Sala de bal","قاعة رقص"
"ballroom.desc",8827921438334991,"A big room for dancing and music.","Una gran sala para bailar y escuchar música.","Una grande sala per ballare e ascoltare musica.","C'est une grande salle pour danser et écouter de la musique.","Duża sala do tańca i muzyki.","Велика кімната для танців і музики.","Большая комната для танцев и музыки.","Ein großer Raum zum Tanzen und für Musik.","Egy nagy szoba táncra és zenére.","O cameră mare pentru dans și muzică.","غرفة كبيرة للرقص والموسيقى."
"baltic_sea",8827921438334992,"Baltic Sea","Mar Báltico","Mar Baltico","La mer Baltique","Morze Bałtyckie","Балтійське море","Балтийское море","Ostsee","Balti-tenger","Marea Baltică","بحر البلطيق"
"baltic_sea_coast",8827921438334994,"Baltic Sea Coast","Costa del mar Báltico","Costa del Mar Baltico","La Côte de la mer Baltique","Wybrzeże Morza Bałtyckiego","Узбережжя Балтійського моря","Побережье Балтийского моря","Ostseeküste","Balti-tenger partja","Coasta Mării Baltice","ساحل بحر البلطيق"
"baltic_sea_coast.desc",8827921438334995,,,,,,,,,,,
"baltic_sea.desc",8827921438334993,"A big sea in northern Europe where Poland, Germany, and other countries meet. It has beautiful beaches and is famous for amber treasures!","Un gran mar en el norte de Europa donde confluyen Polonia, Alemania y otros países. Tiene hermosas playas y es famoso por sus tesoros de ámbar.","Un grande mare nel nord Europa, dove si incontrano Polonia, Germania e altri paesi. Ha spiagge bellissime ed è famoso per i tesori d'ambra!","Une grande mer d'Europe du Nord, à côté de la Pologne, l'Allemagne et d'autres pays. Elle a de magnifiques plages et est connue pour ses trésors d'ambre !","Wielkie morze w północnej Europie, gdzie spotykają się Polska, Niemcy i inne kraje. Ma piękne plaże i słynie z bursztynowych skarbów!","Велике море на півночі Європи, де сходяться Польща, Німеччина та інші країни. Він має чудові пляжі та славиться бурштиновими скарбами!","Большое море на севере Европы, где встречаются Польша, Германия и другие страны. Оно славится прекрасными пляжами и янтарными сокровищами!","Ein großes Meer in Nordeuropa, wo Polen, Deutschland und andere Länder aufeinandertreffen. Es hat wunderschöne Strände und ist berühmt für seine Bernsteinschätze!","Egy nagy tenger Észak-Európában, ahol Lengyelország, Németország és más országok találkoznak. Gyönyörű strandjai vannak, és borostyánkincseiről híres!","O mare mare în nordul Europei, unde se întâlnesc Polonia, Germania și alte țări. Are plaje frumoase și este renumit pentru comorile de chihlimbar!","بحرٌ شاسعٌ في شمال أوروبا، حيث تلتقي بولندا وألمانيا ودولٌ أخرى. يتميز بشواطئه الخلابة ويشتهر بكنوز الكهرمان!"
"barge",8827921438334998,"Barge","Barcaza","Chiatta","Une péniche","Barka","Баржа","Баржа","Lastkahn","Uszály","Şlep","بارجة"
"barge.desc",8827921438334999,"A long, flat boat that carries goods on rivers.","Una embarcación larga y plana que transporta mercancías por los ríos.","Una lunga imbarcazione piatta che trasporta merci sui fiumi.","C'est un bateau long et plat qui transporte des marchandises sur les rivières.","Długa, płaska łódź przeznaczona do transportu towarów po rzekach.","Довгий плоский човен, який перевозить вантажі по річках.","Длинная плоская лодка, перевозящая грузы по рекам.","Ein langes, flaches Boot, das Güter auf Flüssen transportiert.","Hosszú, lapos hajó, amely árukat szállít a folyókon.","O barcă lungă și plată care transportă mărfuri pe râuri.","قارب طويل ومسطح ينقل البضائع عبر الأنهار."
"beekeeper",8827921438335000,"Beekeeper","Apicultor","Apicoltore","Un apiculteur","Pszczelarz","Пасічник","Пчеловод","Imker","Méhész","Apicultor","النحال"
"beekeeper.desc",8827921438335001,"A person who cares for bees and collects honey.","Una persona que cuida abejas y recolecta miel.","Persona che si prende cura delle api e raccoglie il miele.","C'est une personne qui s’occupe des abeilles et prend le miel.","Osoba opiekująca się pszczołami i zbierająca miód.","Людина, яка доглядає бджіл і збирає мед.","Человек, который ухаживает за пчелами и собирает мед.","Eine Person, die sich um Bienen kümmert und Honig sammelt.","Méheket gondozó és mézet gyűjtő személy.","O persoană care are grijă de albine și culege miere.","الشخص الذي يهتم بالنحل ويجمع العسل."
"bicycle",8827921438335002,"Bicycle","Bicicleta","Bicicletta","Un vélo","Rower","велосипед","Велосипед","Fahrrad","Kerékpár","Bicicleta","دراجة"
"bicycle.desc",8827921438335003,"A vehicle with two wheels you pedal.","Un vehículo con dos ruedas que se pedalea.","Un veicolo con due ruote su cui si pedala.",,"Pojazd z dwoma kołami, napędzany nogami.","Транспортний засіб із двома колесами, які ви крутите педалями.","Транспортное средство с двумя колесами, на которых крутятся педали.","Ein Fahrzeug mit zwei Rädern, die Sie in die Pedale treten.","Egy jármű két kerékkel, pedálozva.","Un vehicul cu două roți pe care pedalezi.","مركبة ذات عجلتين يمكنك الدواسات عليها."
"bike",8827921438335004,"Bike","Bicicleta","Bicicletta","Un vélo","Rower","велосипед","Велосипед","Fahrrad","Bicikli","bicicleta","دراجة"
"bike.desc",8827921438335005,"A two‑wheeled vehicle you pedal.","Un vehículo de dos ruedas que se pedalea.","Un veicolo a due ruote su cui si pedala.",,"Dwukołowy pojazd, który napędza się pedałami.","Двоколісний транспортний засіб, яким ви крутите педалі.","Двухколесное транспортное средство, которое крутится педалями.","Ein zweirädriges Fahrzeug, das Sie in die Pedale treten.","Egy kétkerekű jármű, amelyet pedáloz.","Un vehicul cu două roți pe care pedalezi.","مركبة ذات عجلتين يمكنك ركوبها."
"bishop_dwarf",8827921438335006,"Bishop Dwarf","Obispo Enano","Vescovo nano","Un évêque Nain","Krasnal Biskup","Єпископ Гном","Епископ Гном","Bischofszwerg","Törpe püspök","Episcopul Piticului","الأسقف القزم"
"bishop_dwarf.desc",8827921438335007,"A dwarf statue who asks a church question.","Una estatua enana que hace una pregunta a la iglesia.","Una statua nana che pone una domanda in chiesa.","Une statue de nain qui pose une question d'église.","Posąg karła zadającego pytanie kościelne.","Статуя гнома, яка ставить церковне запитання.","Статуя карлика, задающего церковный вопрос.","Eine Zwergstatue, die eine kirchliche Frage stellt.","Törpe szobor, aki egyházi kérdést tesz fel.","O statuie pitic care pune o întrebare la biserică.","تمثال قزم يطرح سؤالاً على الكنيسة."
"boat",8827921438335008,"Boat","Bote","Barca","Un bateau ","Łódź","Човен","Лодка","Boot","Hajó","barca","قارب"
"boat_eiffel_tower",8827921438335010,"Seine River Boat","Barco por el río Sena","Battello sulla Senna","Un bateau sur la Seine","Statek na Sekwanie","Човен по річці Сена","Теплоход по реке Сена","Boot auf der Seine","Szajna folyami hajó","Barcă fluvială Sena","قارب نهر السين"
"boat_eiffel_tower.desc",8827921438335011,"A special boat that sails on the Seine River in Paris. You can see the Eiffel Tower and other beautiful buildings from the water!","Un barco especial que navega por el río Sena en París. ¡Puedes ver la Torre Eiffel y otros hermosos edificios desde el agua!","Un'imbarcazione speciale che naviga sulla Senna a Parigi. Dall'acqua si possono ammirare la Torre Eiffel e altri splendidi edifici!","Un bateau qui est sur la Seine à Paris. Depuis l'eau, tu peux voir la Tour Eiffel et d'autres très beaux monuments !","Wyjątkowa łódź, która pływa po Sekwanie w Paryżu. Z wody widać Wieżę Eiffla i inne piękne budynki!","Спеціальний човен, який плаває по річці Сена в Парижі. Ви можете побачити Ейфелеву вежу та інші красиві будівлі з води!","Необычный корабль, курсирующий по Сене в Париже. С воды открывается вид на Эйфелеву башню и другие красивые здания!","Ein besonderes Boot, das auf der Seine in Paris fährt. Vom Wasser aus können Sie den Eiffelturm und andere wunderschöne Gebäude sehen!","Egy különleges hajó, amely a Szajnán közlekedik Párizsban. A vízből láthatod az Eiffel-tornyot és más gyönyörű épületeket!","O barcă specială care navighează pe râul Sena din Paris. Poti vedea Turnul Eiffel si alte cladiri frumoase din apa!","قارب مميز يُبحر على نهر السين في باريس. يُمكنك رؤية برج إيفل ومبانٍ جميلة أخرى من الماء!"
"boat_for_goods",8827921438335012,"Boat for goods","Barco de mercancías","Barca per merci","Un bateau pour marchandises","Łódź towarowa","Човен для товарів","Лодка для товаров","Boot für Waren","Csónak áruért","Barcă pentru mărfuri","قارب لنقل البضائع"
"boat_for_goods.desc",8827921438335013,"A big boat that carries boxes, food, and other things from place to place.","Un barco grande que transporta cajas, alimentos y otras cosas de un lugar a otro.","Una grande imbarcazione che trasporta scatole, cibo e altre cose da un posto all'altro.","Un grand bateau qui transporte des boîtes, de la nourriture et d’autres choses.","Duża łódź, która przewozi paczki, żywność i inne rzeczy z miejsca na miejsce.","Великий човен, який перевозить ящики, їжу та інші речі з місця на місце.","Большая лодка, которая перевозит ящики, еду и другие вещи с места на место.","Ein großes Boot, das Kisten, Lebensmittel und andere Dinge von Ort zu Ort transportiert.","Egy nagy csónak, amely dobozokat, élelmet és egyéb dolgokat szállít egyik helyről a másikra.","O barcă mare care transportă cutii, mâncare și alte lucruri din loc în loc.","قارب كبير يحمل الصناديق والطعام والأشياء الأخرى من مكان إلى آخر."
"boat_house",8827921442529280,"Boat House","Casa de botes","Rimessa per barche","Un bateau habitable","Dom na wodzie","Boat House","Дом для лодок","Bootshaus","Csónakház","Casă cu bărci","بيت القارب"
"boat_house.desc",8827921442529281,"A house that floats on water like a boat. People can live in boat houses!","Una casa que flota en el agua como un barco. ¡La gente puede vivir en casas flotantes!","Una casa che galleggia sull'acqua come una barca. Le persone possono vivere nelle case galleggianti!","C'est un bateau où on habite comme dans une maison.","Dom, który unosi się na wodzie jak łódź. Ludzie mogą mieszkać w domkach na łodziach!","Будинок, який пливе по воді, як човен. Люди можуть жити в будиночках на човнах!","Дом, который плавает по воде, как лодка. В домах-лодках можно жить!","Ein Haus, das wie ein Boot auf dem Wasser schwimmt. In Bootshäusern kann man leben!","Egy ház, amely úgy lebeg a vízen, mint egy csónak. Csónakházakban lakhatnak az emberek!","O casă care plutește pe apă ca o barcă. Oamenii pot trăi în căsuțe pentru bărci!","بيتٌ يطفو على الماء كالقارب. يُمكن للناس العيش في بيوتٍ على شكل قارب!"
"boat_people",8827921442529282,"Boat for People","Barco para la gente","Barca per le persone","Un bateau pour les gens","Łódź dla ludzi","Човен для людей","Лодка для людей","Boot für Menschen","Hajó az embereknek","Barcă pentru oameni","قارب للناس"
"boat_people.desc",8827921442529283,"A boat that carries people from one place to another across the water.","Un barco que transporta personas de un lugar a otro a través del agua.","Un'imbarcazione che trasporta le persone da un luogo all'altro attraverso l'acqua.","Un bateau qui transporte les gens.","Łódź przewożąca ludzi.","Човен, який перевозить людей з одного місця в інше по воді.","Лодка, перевозящая людей из одного места в другое по воде.","Ein Boot, das Menschen über das Wasser von einem Ort zum anderen befördert.","Egy csónak, amely egyik helyről a másikra szállítja az embereket a vízen.","O barcă care transportă oameni dintr-un loc în altul peste apă.","قارب ينقل الناس من مكان إلى آخر عبر الماء."
"boat_river",8827921442529284,"River boat","barco fluvial","barca fluviale","Un bateau sur un fleuve","Łódź rzeczna","Річковий човен","Речной катер","Flussboot","Folyami hajó","Barcă fluvială","قارب نهري"
"boat_river.desc",8827921442529285,"A boat that travels on rivers. Rivers are like roads made of water!","Un barco que navega por los ríos. ¡Los ríos son como caminos de agua!","Una barca che naviga sui fiumi. I fiumi sono come strade fatte d'acqua!","Un bateau qui navigue sur les rivières. Les rivières sont comme des routes sur d'eau !","Łódź, która pływa po rzekach. Rzeki są jak drogi zbudowane z wody!","Човен, який подорожує по річках. Річки, як дороги з води!","Лодка, которая плывёт по рекам. Реки — словно дороги из воды!","Ein Boot, das auf Flüssen fährt. Flüsse sind wie Straßen aus Wasser!","A folyókon közlekedő hajó. A folyók olyanok, mint a vízből készült utak!","O barcă care călătorește pe râuri. Râurile sunt ca drumurile făcute din apă!","قاربٌ يجوب الأنهار. الأنهار كالطرق المائية!"
"boat.desc",8827921438335009,"A vehicle that moves on water.","Un vehículo que se mueve sobre el agua.","Un veicolo che si muove sull'acqua.","C'est un véhicule qui se déplace sur l'eau.","Pojazd poruszający się po wodzie.","Транспортний засіб, що пересувається по воді.","Транспортное средство, передвигающееся по воде.","Ein Fahrzeug, das sich auf dem Wasser bewegt.","Vízen mozgó jármű.","Un vehicul care se deplasează pe apă.","مركبة تتحرك على الماء."
"boatman",8827921442529286,"Boatman","Barquero","Barcaiolo","Un passeur","Przewoźnik","Човняр","Лодочник","Bootsmann","Csónakos","Barcagiu","المراكبي"
"boatman.desc",8827921442529287,"A person who rows the boat on the Loire.","Una persona que rema el barco en el Loira.","Una persona che rema sulla barca sulla Loira.","Une personne qui rame sur la Loire.","Osoba pływająca łódką po Loarze.","Людина, яка веслує на човні по Луарі.","Человек, который гребет на лодке по Луаре.","Eine Person, die auf der Loire rudert.","Egy személy, aki a Loire-parton evez.","O persoană care vâslă cu barca pe Loara.","الشخص الذي يقود القارب على نهر اللوار."
"bobsled",8827921442529288,"Bobsled","Bobsleigh","Bob","Le bobsleigh","Bobsleje","Бобслей","Бобслей","Bobfahren","Bob","Bob","مزلقة"
"bobsled.desc",8827921442529289,"A fast sled used to slide down ice.","Un trineo rápido utilizado para deslizarse por el hielo.","Una slitta veloce usata per scivolare sul ghiaccio.","Un traîneau rapide utilisé pour glisser sur la glace.","Szybkie sanki służące do zjeżdżania po lodzie.","Швидкі сани, якими катаються по льоду.","Скоростные сани, используемые для катания по льду.","Ein schneller Schlitten, mit dem man auf Eis hinuntergleitet.","Egy gyors szán a jégen való lecsúszáshoz.","O sanie rapidă folosită pentru a aluneca pe gheață.","زلاجة سريعة تستخدم للانزلاق على الجليد."
"book_20000_leagues_under_the_sea",16699856499236864,"20000 Leagues Under the Sea","20000 leguas de viaje submarino","20000 leghe sotto i mari","20000 lieues sous les mers","20000 mil podmorskiej żeglugi","20000 льє під водою","20000 лье под водой","20.000 Meilen unter dem Meer","20000 liga a tenger alatt","20000 de leghe sub mare","20000 فرسخ تحت البحر"
"book_20000_leagues_under_the_sea.desc",16699856499236865,"A book by Jules Verne about underwater adventures in a submarine called the Nautilus. You meet giant sea creatures!","Un libro de Julio Verne sobre aventuras submarinas en un submarino llamado Nautilus. ¡Conocerás criaturas marinas gigantes!","Un libro di Jules Verne sulle avventure subacquee a bordo di un sottomarino chiamato Nautilus. Incontrerete creature marine giganti!","C'est un livre écrit par Jules Verne. Il parle d'un voyage dans le sous-marin qui s'appelle le Nautilus et des grands animaux qui vivent sous la mer.","Książka Juliusza Verne'a o podwodnych przygodach w łodzi podwodnej Nautilus. Możesz spotkać gigantyczne morskie stworzenia!","Книга Жуля Верна про підводні пригоди на підводному човні «Наутілус». Ви зустрічаєтеся з гігантськими морськими істотами!","Книга Жюля Верна о подводных приключениях на подводной лодке «Наутилус». Встреча с гигантскими морскими существами!","Ein Buch von Jules Verne über Unterwasserabenteuer in einem U-Boot namens Nautilus. Sie treffen riesige Meerestiere!","Jules Verne könyve a Nautilus nevű tengeralattjáró víz alatti kalandjairól. Óriási tengeri lényekkel találkozhatsz!","O carte de Jules Verne despre aventurile subacvatice într-un submarin numit Nautilus. Întâlnești creaturi marine uriașe!","كتاب لجول فيرن عن مغامرات تحت الماء في غواصة تُدعى نوتيلوس. ستقابل مخلوقات بحرية عملاقة!"
"book_around_the_world_80_days",16699856499236866,"Around the World in Eighty Days","La vuelta al mundo en ochenta días","Il giro del mondo in ottanta giorni","Le tour du monde en 80 jours","W osiemdziesiąt dni dookoła świata","Навколо світу за вісімдесят днів","Вокруг света за восемьдесят дней","In 80 Tagen um die Welt","Nyolcvan nap alatt a világ körül","Înconjurul lumii în optzeci de zile","حول العالم في ثمانين يومًا"
"book_around_the_world_80_days.desc",16699856499236867,"Jules Verne wrote this book. It tells of a wonderful, very fast trip around the world by train, boat, and balloon!","Este libro lo escribió Jules Verne. Cuenta un viaje muy bonito y muy rápido alrededor del mundo en tren, barco y globo.","Questo libro è stato scritto da Jules Verne. Racconta un viaggio molto bello e veloce intorno al mondo in treno, in nave e in mongolfiera!","C'est un livre écrit par Jules Verne. Il parle d'un très beau et très rapide voyage autour du monde en train, en bateau et en ballon !","To książka napisana przez Juliusza Verne'a. Opowiada o pięknej i bardzo szybkiej podróży dookoła świata pociągiem, statkiem i balonem!","Цю книгу написав Жуль Верн. У ній розповідається про чудову й дуже швидку подорож навколо світу потягом, кораблем і повітряною кулею!","Эту книгу написал Жюль Верн. В ней рассказывается о прекрасном и очень быстром путешествии вокруг света на поезде, корабле и воздушном шаре!","Dieses Buch wurde von Jules Verne geschrieben. Es erzählt von einer wunderschönen und sehr schnellen Reise um die Welt mit dem Zug, dem Schiff und einem Ballon!","Ezt a könyvet Jules Verne írta. Egy gyönyörű és nagyon gyors, vonattal, hajóval és léggömbbel tett világ körüli utazásról szól!","Această carte a fost scrisă de Jules Verne. Este despre o călătorie minunată și foarte rapidă în jurul lumii, cu trenul, vaporul și balonul!","كتب جول فيرن هذا الكتاب. وهو يحكي عن رحلة جميلة وسريعة جدًا حول العالم بالقطار والسفينة والمنطاد!"
"book_five_weeks_in_a_balloon",16699856499236868,"Five Weeks in a Balloon","Cinco semanas en globo","Cinque settimane in mongolfiera","5 semaines en ballon","Pięć tygodni w balonie","П'ять тижнів на повітряній кулі","Пять недель на воздушном шаре","Fünf Wochen im Ballon","Öt hét léggömbben","Cinci săptămâni într-un balon","خمسة أسابيع في البالون"
"book_five_weeks_in_a_balloon.desc",16699856499236869,"A book by Jules Verne about flying across Africa in a hot air balloon. It's full of adventure and discovery!","Un libro de Julio Verne sobre un viaje por África en globo aerostático. ¡Está lleno de aventuras y descubrimientos!","Un libro di Jules Verne sul volo attraverso l'Africa in mongolfiera. È pieno di avventure e scoperte!","C'est un livre de Jules Verne qui raconte un voyage en ballon au-dessus de l'Afrique, plein d'aventures et de découvertes !","Książka Juliusza Verne'a o locie nad Afryką balonem na ogrzane powietrze. Pełna przygód i odkryć!","Книга Жуля Верна про політ через Африку на повітряній кулі. Тут повно пригод і відкриттів!","Книга Жюля Верна о полёте через Африку на воздушном шаре. Она полна приключений и открытий!","Ein Buch von Jules Verne über eine Reise mit dem Heißluftballon über Afrika. Es steckt voller Abenteuer und Entdeckungen!","Jules Verne könyve arról, hogyan repül át Afrikán hőlégballonnal. Tele van kalanddal és felfedezéssel!","O carte de Jules Verne despre zborul prin Africa cu un balon cu aer cald. Este plin de aventură și descoperire!","كتابٌ لجول فيرن عن رحلةٍ عبر أفريقيا بمنطاد هواء ساخن. إنه مليءٌ بالمغامرة والاستكشاف!"
"book_from_earth_to_moon",16699856499236870,"From the Earth to the Moon","De la Tierra a la Luna","Dalla Terra alla Luna","De la Terre à la Lune","Z Ziemi na Księżyc","Від Землі до Місяця","С Земли на Луну","Von der Erde zum Mond","A Földtől a Holdig","De la Pământ la Lună","من الأرض إلى القمر"
"book_from_earth_to_moon.desc",16699856499236871,"Jules Verne wrote this book. It tells about a trip to the Moon in a spacecraft launched by a giant cannon. At that time, space rockets did not exist yet!","Este libro lo escribió Jules Verne. Cuenta un viaje a la Luna en una nave espacial lanzada por un cañón enorme. En esa época, ¡todavía no existían los cohetes espaciales!","Questo libro è stato scritto da Jules Verne. Racconta un viaggio verso la Luna a bordo di un veicolo spaziale lanciato da un grande cannone. A quel tempo, i razzi spaziali non esistevano ancora!","C'est un livre écrit par Jules Verne. Il raconte un voyage vers la Lune dans un engin spatial lancé par un grand canon. À l'époque, les fusées spatiales n'existaient pas encore !","Tę książkę napisał Juliusz Verne. Opowiada o podróży na Księżyc w statku kosmicznym wystrzelonym z wielkiej armaty. W tamtych czasach prawdziwe rakiety kosmiczne jeszcze nie istniały!","Цю книгу написав Жуль Верн. У ній розповідається про подорож на Місяць у космічному кораблі, який запустили з великої гармати. Тоді справжніх космічних ракет ще не існувало!","Эту книгу написал Жюль Верн. В ней рассказывается о полёте на Луну в космическом корабле, запущенном из огромной пушки. В те времена настоящих космических ракет ещё не было!","Dieses Buch hat Jules Verne geschrieben. Es erzählt von einer Reise zum Mond in einem Raumschiff, das aus einer riesigen Kanone abgeschossen wird. Damals gab es noch keine echten Weltraumraketen!","Ezt a könyvet Jules Verne írta. Egy ágyúból kilőtt űrhajó holdutazásáról szól. Akkoriban még nem léteztek igazi űrrakéták!","Această carte a fost scrisă de Jules Verne. Povestește despre o călătorie spre Lună cu o navă spațială lansată dintr-un tun uriaș. Pe atunci, rachetele spațiale adevărate încă nu existau!","كتب جول فيرن هذا الكتاب. ويحكي عن رحلة إلى القمر على متن مركبة فضائية أُطلقت من مدفع ضخم. في ذلك الوقت، لم تكن الصواريخ الفضائية الحقيقية موجودة بعد!"
"bouillabaisse",8827921442529290,"Bouillabaisse","Bullabesa","Bouillabaisse","La bouillabaisse","Bouillabaisse","Буйабес","Буйабес","Bouillabaisse","Bouillabaisse","Bouillabaisse","بويابيس"
"bouillabaisse.desc",8827921442529291,"A special fish soup from Marseille in southern France. It's made with many different types of fish and has a delicious smell!","Una sopa de pescado especial de Marsella, en el sur de Francia. Se prepara con muchos tipos de pescado y tiene un aroma delicioso.","Una zuppa di pesce speciale tipica di Marsiglia, nel sud della Francia. È preparata con molti tipi diversi di pesce e ha un profumo delizioso!","C'est une soupe de poisson de Marseille, dans le sud de la France.  Elle sent bon !","Wyjątkowa zupa rybna z Marsylii w południowej Francji. Przyrządzana z wielu różnych gatunków ryb, ma wspaniały zapach!","Особливий рибний суп з Марселя на півдні Франції. Він виготовлений із багатьох видів риби та має чудовий запах!","Особый рыбный суп из Марселя на юге Франции. Он готовится из разных видов рыбы и имеет восхитительный аромат!","Eine besondere Fischsuppe aus Marseille in Südfrankreich. Sie wird mit vielen verschiedenen Fischarten zubereitet und duftet köstlich!","Egy különleges halászlé a dél-franciaországi Marseille-ből. Sokféle halból készül, és finom illata van!","O supă specială de pește din Marsilia, în sudul Franței. Este făcută cu multe tipuri diferite de pește și are un miros delicios!","حساء سمك مميز من مرسيليا جنوب فرنسا. يُحضّر بأنواع مختلفة من الأسماك، وله رائحة شهية!"
"bow",8827921442529292,"Bow","Arco","Arco","Un arc","Łuk","Лук","Поклон","Bogen","Íj","Arc","قَوس"
"bow.desc",8827921442529293,"A weapon that shoots arrows.","Un arma que dispara flechas.","Un'arma che scocca frecce.",,"Broń miotająca strzały.","Зброя, яка стріляє стрілами.","Оружие, стреляющее стрелами.","Eine Waffe, die Pfeile schießt.","Nyilakat lő fegyver.","O armă care trage săgeți.","سلاح يطلق السهام."
"bridge",8827921442529294,"Bridge","Puente","Ponte","Un pont","Most","Міст","Мост","Brücke","Híd","Pod","كوبري"
"bridge.desc",8827921442529295,"A structure that lets people or vehicles cross water.","Una estructura que permite que personas o vehículos crucen el agua.","Una struttura che consente alle persone o ai veicoli di attraversare l'acqua.",,"Konstrukcja umożliwiająca ludziom lub pojazdom przekraczanie wody.","Споруда, яка дозволяє людям або транспортним засобам перетинати воду.","Сооружение, позволяющее людям или транспортным средствам пересекать воду.","Eine Struktur, die es Menschen oder Fahrzeugen ermöglicht, Wasser zu überqueren.","Olyan szerkezet, amely lehetővé teszi az emberek vagy járművek átkelését a vízen.","O structură care permite oamenilor sau vehiculelor să traverseze apa.","هيكل يسمح للأشخاص أو المركبات بعبور المياه."
"bus",8827921442529296,"Bus","Autobús","Autobus","Un bus","Autobus","Автобус","Автобус","Bus","Busz","Autobuz","حافلة"
"bus.desc",8827921442529297,"A big vehicle that carries many people.","Un vehículo grande que transporta muchas personas.","Un veicolo di grandi dimensioni che trasporta molte persone.",,"Duży pojazd, który przewozi wiele osób.","Великий автомобіль, який перевозить багато людей.","Большое транспортное средство, перевозящее много людей.","Ein großes Fahrzeug, das viele Menschen befördert.","Egy nagy jármű, amely sok embert szállít.","Un vehicul mare care transportă mulți oameni.","مركبة كبيرة تحمل عددًا كبيرًا من الأشخاص."
"butcher",8827921442529298,"Butcher","Carnicero","Macellaio","Un boucher","Rzeźnik","М'ясник","мясник","Metzger","Hentes","Măcelar","جزار"
"butcher.desc",8827921442529299,"A person who sells meat.","Una persona que vende carne.","Una persona che vende carne.","C'est une personne qui vend de la viande.","Osoba sprzedająca mięso.","Людина, яка продає м'ясо.","Человек, торгующий мясом.","Eine Person, die Fleisch verkauft.","Olyan személy, aki húst árul.","O persoană care vinde carne.","الشخص الذي يبيع اللحوم."
"butter",8827921442529300,"Butter","Manteca","Burro","Du beurre","Masło","Вершкове масло","Масло","Butter","Vaj","Unt","سمنة"
"butter.desc",8827921442529301,"A yellow fat made from milk, used for cooking and baking.","Una grasa amarilla derivada de la leche, utilizada para cocinar y hornear.","Grasso giallo ricavato dal latte, utilizzato per cucinare e cuocere al forno.","On fait du beurre avec du lait. On l'utilise pour cuisiner et faire des pâtisseries.","Żółty tłuszcz wytwarzany z mleka, używany do gotowania i pieczenia.","Жовтий жир, виготовлений з молока, який використовується для приготування їжі та випічки.","Желтый жир, получаемый из молока, используемый для приготовления пищи и выпечки.","Ein gelbes Fett aus Milch, das zum Kochen und Backen verwendet wird.","Tejből készült sárga zsír, főzéshez és sütéshez használják.","O grăsime galbenă făcută din lapte, folosită pentru gătit și coacere.","مادة دهنية صفراء تُستخرج من الحليب، وتُستعمل في الطبخ والخَبز."
"capital_berlin",8827921442529302,"Berlin","Berlina","Berlino","Berlin","Berlin","Берлін","Берлин","Berlin","Berlin","Berlin","برلين"
"capital_berlin.desc",8827921442529303,"The capital city of Germany.","La capital de Alemania.","La capitale della Germania.","C'est la capitale de l'Allemagne.","Stolica Niemiec.","Столиця Німеччини.","Столица Германии.","Die Hauptstadt Deutschlands.","Németország fővárosa.","Capitala Germaniei.","عاصمة ألمانيا."
"capital_bern",8827921442529304,"Bern","Berna","Berna","Bern","Berno","Берн","Берн","Bern","Bern","Berna","برن"
"capital_bern.desc",8827921442529305,"The capital city of Switzerland.","La capital de Suiza.","La capitale della Svizzera.","C'est la capitale de la Suisse.","Stolica Szwajcarii.","Столиця Швейцарії.","Столица Швейцарии.","Die Hauptstadt der Schweiz.","Svájc fővárosa.","Capitala Elveției.","عاصمة سويسرا."
"capital_bratislava",8827921442529306,"Bratislava","Bratislava","Bratislava","Bratislava","Bratysława","Братислава","Братислава","Bratislava","Pozsony","Bratislava","براتيسلافا"
"capital_bratislava.desc",8827921442529307,"The capital city of Slovakia.","La capital de Eslovaquia.","La capitale della Slovacchia.","C'est la capitale de la Slovaquie.","Stolica Słowacji.","Столиця Словаччини.","Столица Словакии.","Die Hauptstadt der Slowakei.","Szlovákia fővárosa.","Capitala Slovaciei.","عاصمة سلوفاكيا."
"capital_brussels",8827921442529308,"Brussels","Bruselas","Bruxelles","Bruxelles","Bruksela","Брюссель","Брюссель","Brüssel","Brüsszel","Bruxelles","بروكسل"
"capital_brussels.desc",8827921442529309,"The capital city of Belgium.","La capital de Bélgica.","La capitale del Belgio.","C'est la capitale de la Belgique.","Stolica Belgii.","Столиця Бельгії.","Столица Бельгии.","Die Hauptstadt Belgiens.","Belgium fővárosa.","Capitala Belgiei.","عاصمة بلجيكا."
"capital_kyiv",8827921442529310,"Kyiv","Kyiv","Kiev","Kyiv","Kijów","Київ","Киев","Kiew","Kijev","Kiev","كييف"
"capital_kyiv.desc",8827921442529311,"The capital city of Ukraine.","La capital de Ucrania.","La capitale dell'Ucraina.","C'est la capitale de l'Ukraine.","Stolica Ukrainy.","Столиця України.","Столица Украины.","Die Hauptstadt der Ukraine.","Ukrajna fővárosa.","Capitala Ucrainei.","عاصمة أوكرانيا."
"capital_luxembourg_city",8827921446723584,"Luxembourg City","Ciudad de Luxemburgo","Città di Lussemburgo","La ville de Luxembourg","Miasto Luksemburg","Місто Люксембург","Город Люксембург","Luxemburg-Stadt","Luxemburg város","Orașul Luxemburg","مدينة لوكسمبورغ"
"capital_luxembourg_city.desc",8827921446723585,"The capital of Luxembourg is also called Luxembourg.","La capital de Luxemburgo también se llama Luxemburgo.","Anche la capitale del Lussemburgo si chiama Lussemburgo.","La capitale du Luxembourg s’appelle aussi Luxembourg.","Stolicę Luksemburga również nazywa się Luksemburg.","Столицю Люксембургу також називають Люксембургом.","Столица Люксембурга также называется Люксембургом.","Die Hauptstadt Luxemburgs heißt ebenfalls Luxemburg.","Luxemburg fővárosát Luxemburgnak is nevezik.","Capitala Luxemburgului se numește și Luxemburg.","عاصمة لوكسمبورغ تسمى أيضاً لوكسمبورغ."
"capital_madrid",8827921446723586,"Madrid","Madrid","Madrid","Madrid","Madryt","Мадрид","Мадрид","Madrid","Madrid","Madrid","مدريد"
"capital_madrid.desc",8827921446723587,"The capital city of Spain.","La capital de España.","La capitale della Spagna.","C'est la capitale de l'Espagne.","Stolica Hiszpanii.","Столиця Іспанії.","Столица Испании.","Die Hauptstadt Spaniens.","Spanyolország fővárosa.","Capitala Spaniei.","عاصمة اسبانيا."
"capital_minsk",8827921446723588,"Minsk","Minsk","Minsk","Minsk","Mińsk","Мінськ","Минск","Minsk","Minszk","Minsk","مينسك"
"capital_minsk.desc",8827921446723589,"The capital city of Belarus.","La capital de Bielorrusia.","La capitale della Bielorussia.","C'est la capitale de la Biélorussie.","Stolica Białorusi.","Столиця Білорусі.","Столица Беларуси.","Die Hauptstadt von Weißrussland.","Fehéroroszország fővárosa.","Capitala Belarusului.","عاصمة بيلاروسيا."
"capital_moscow",8827921446723590,"Moscow","Moscú","Mosca","Moscou","Moskwa","Москва","Москва","Moskau","Moszkva","Moscova","موسكو"
"capital_moscow.desc",8827921446723591,"The capital city of Russia.","La capital de Rusia.","La capitale della Russia.","C'est la capitale de la Russie.","Stolica Rosji.","Столиця Росії.","Столица России.","Die Hauptstadt Russlands.","Oroszország fővárosa.","Capitala Rusiei.","عاصمة روسيا."
"capital_paris",8827921446723592,"Paris","París","Parigi","Paris","Paryż","Париж","Париж","Paris","Párizs","Paris","باريس"
"capital_paris.desc",8827921446723593,"The capital city of France. Paris has a famous tall tower called the Eiffel Tower!","La capital de Francia, París, tiene una famosa torre alta llamada la Torre Eiffel.","La capitale della Francia. Parigi ha una famosa torre alta chiamata Torre Eiffel!","C'est la capitale de la France.  La tour Eiffel est à Paris !","Stolica Francji. Paryż ma słynną wysoką wieżę zwaną Wieżą Eiffla!","Столиця Франції. У Парижі є знаменита висока вежа, яку називають Ейфелевою!","В столице Франции, Париже, находится знаменитая высокая башня — Эйфелева башня!","Die Hauptstadt Frankreichs. Paris hat einen berühmten hohen Turm namens Eiffelturm!","Franciaország fővárosa. Párizsnak van egy híres magas tornya, az Eiffel-torony!","Capitala Franței. Parisul are un turn înalt faimos numit Turnul Eiffel!","عاصمة فرنسا. باريس لديها برج طويل شهير يُدعى برج إيفل!"
"capital_prague",8827921446723594,"Prague","Praga","Praga","Prague","Praga","Прага","Прага","Prag","Prága","Praga","براغ"
"capital_prague.desc",8827921446723595,"The capital city of Czech Republic.","La capital de la República Checa.","La capitale della Repubblica Ceca.","C'est la capitale de la République tchèque.","Stolica Republiki Czeskiej.","Столиця Чехії.","Столица Чехии.","Die Hauptstadt der Tschechischen Republik.","Csehország fővárosa.","Capitala Republicii Cehe.","عاصمة جمهورية التشيك."
"capital_rome",8827921446723596,"Rome","Roma","Roma","Rome","Rzym","Рим","Рим","Rom","Róma","Roma","روما"
"capital_rome.desc",8827921446723597,"The capital city of Italy.","La capital de Italia.","La capitale d'Italia.","C'est la capitale de l'Italie.","Stolica Włoch.","Столиця Італії.","Столица Италии.","Die Hauptstadt Italiens.","Olaszország fővárosa.","Capitala Italiei.","عاصمة ايطاليا."
"capital_vilnius",8827921446723598,"Vilnius","Vilna","Vilnius","Vilnius","Wilno","Вільнюс","Вильнюс","Wilna","Vilnius","Vilnius","فيلنيوس"
"capital_vilnius.desc",8827921446723599,"The capital city of Lithuania.","La capital de Lituania.","La capitale della Lituania.","C'est la capitale de la Lituanie.","Stolica Litwy.","Столиця Литви.","Столица Литвы.","Die Hauptstadt Litauens.","Litvánia fővárosa.","Capitala Lituaniei.","عاصمة ليتوانيا."
"capital_warsaw",8827921446723600,"Warsaw","Varsovia","Varsavia","Varsovie","Warszawa","Варшава","Варшава","Warschau","Varsó","Varşovia","وارسو"
"capital_warsaw.desc",8827921446723601,"The capital city of Poland.","La capital de Polonia.","La capitale della Polonia.","C'est la capitale de la Pologne.","Stolica Polski.","Столиця Польщі.","Столица Польши.","Die Hauptstadt Polens.","Lengyelország fővárosa.","Capitala Poloniei.","عاصمة بولندا."
"car",8827921446723602,"Car","Auto","Auto","une voiture","Samochód","автомобіль","Машина","Auto","Autó","masina","سيارة"
"car.desc",8827921446723603,"A small vehicle for roads.","Un vehículo pequeño para carreteras.","Un piccolo veicolo per le strade.",,"Mały pojazd przeznaczony do jazdy po drogach.","Невеликий автомобіль для доріг.","Небольшое транспортное средство для дорог.","Ein kleines Fahrzeug für die Straße.","Kisméretű jármű közutakra.","Un vehicul mic pentru drumuri.","مركبة صغيرة للطرق."
"castle_chinon",8827921446723604,"Castle Chinon","Castillo de Chinon","Castello di Chinon","Le château de Chinon","Zamek Chinon","Замок Шинон","Замок Шинон","Schloss Chinon","Chinon kastély","Castelul Chinon","قلعة شينون"
"castle_chinon.desc",8827921446723605,"Château de Chinon is a strong stone fortress on a hill above the river in the Loire Valley. Long ago, kings stayed here and Joan of Arc came to meet the future king of France.","El Castillo de Chinon es una sólida fortaleza de piedra en una colina sobre el río en el Valle del Loira. Antaño, los reyes se alojaban aquí, y Juana de Arco vino a conocer al futuro rey de Francia.","Il Castello di Chinon è una possente fortezza in pietra su una collina che domina il fiume nella Valle della Loira. Molto tempo fa, i re soggiornavano qui e Giovanna d'Arco vi si recò per incontrare il futuro re di Francia.","Le château de Chinon est en pierre. Il est près du fleuve la Loire. Des rois y ont habité et Jeanne d'Arc y a rencontré le futur roi de France.","Zamek Chinon to potężna kamienna twierdza na wzgórzu nad rzeką w Dolinie Loary. Dawno temu zatrzymywali się tu królowie, a Joanna d'Arc przybyła tu, aby spotkać się z przyszłym królem Francji.","Château de Chinon — потужна кам'яна фортеця на пагорбі над річкою в долині Луари. Давним-давно тут зупинялися королі, а Жанна д'Арк приїжджала зустрічати майбутнього короля Франції.","Замок Шинон — мощная каменная крепость на холме над рекой в ​​долине Луары. Давным-давно здесь останавливались короли, и Жанна д'Арк приезжала сюда, чтобы встретиться с будущим королём Франции.","Das Schloss Chinon ist eine mächtige Steinfestung auf einem Hügel über dem Fluss im Loiretal. Vor langer Zeit residierten hier Könige, und auch Jeanne d’Arc traf sich hier mit dem zukünftigen König von Frankreich.","A Château de Chinon egy erős kőerőd a Loire-völgyben, a folyó feletti dombon. Réges-régen királyok tartózkodtak itt, és Jeanne of Arc eljött, hogy találkozzon Franciaország leendő királyával.","Château de Chinon este o fortăreață puternică de piatră pe un deal deasupra râului din Valea Loarei. Cu mult timp în urmă, regii au rămas aici și Ioana d’Arc a venit să-l cunoască pe viitorul rege al Franței.","قلعة شينون حصن حجري منيع على تلة تطل على النهر في وادي لوار. في قديم الزمان، أقام الملوك هنا، وجاءت جان دارك للقاء ملك فرنسا المستقبلي."
"castle_facade_windows",8827921446723606,"Castle Facade (Windows)","Fachada del castillo (ventanas)","Facciata del castello (finestre)","Façade du château (fenêtres)","Fasada zamku (okna)","Фасад замку (вікна)","Фасад замка (окна)","Schlossfassade (Fenster)","Várhomlokzat (ablakok)","Fațada castelului (ferestre)","واجهة القلعة (النوافذ)"
"castle_facade_windows.desc",8827921446723607,"A front wall with many large windows for light and views.","Una pared frontal con muchos ventanales que aportan luz y vistas.","Una parete frontale con numerose grandi finestre che lasciano entrare luce e vista.","Un mur avant avec de nombreuses grandes fenêtres pour la lumière et la vue.","Ściana frontowa z wieloma dużymi oknami zapewniającymi światło i widoki.","Передня стіна з багатьма великими вікнами для світла та краєвидів.","Передняя стена с множеством больших окон, обеспечивающих свет и обзор.","Eine Vorderwand mit vielen großen Fenstern für Licht und Aussicht.","Elülső fal sok nagy ablakkal a fényért és a kilátásért.","Un perete frontal cu multe ferestre mari pentru lumină și priveliști.","حائط أمامي به العديد من النوافذ الكبيرة للضوء والمناظر."
"catapult",8827921446723610,"Catapult","Catapulta","Catapulta","Catapulte","Katapulta","Катапульта","Катапульта","Katapult","Katapult","Catapulta","منجنيق"
"catapult.desc",8827921446723611,"A machine that throws stones far.","Una máquina que lanza piedras lejos.","Una macchina che lancia pietre lontano.","Une machine qui lance des pierres loin.","Maszyna, która wyrzuca kamienie na dużą odległość.","Машина, яка далеко кидає каміння.","Машина, которая далеко бросает камни.","Eine Maschine, die Steine ​​weit wirft.","Egy gép, amely messzire hajítja a köveket.","O mașinărie care aruncă cu pietre departe.","آلة ترمي الحجارة إلى مسافة بعيدة."
"cathedral",8827921446723612,"Cathedral","Catedral","Cattedrale","Cathédrale","Katedra","Собор","Собор","Kathedrale","Székesegyház","Catedrală","كاتدرائية"
"cathedral.desc",8827921446723613,"A very large and important church in a city.","Una iglesia muy grande e importante en una ciudad.","Una chiesa molto grande e importante in una città.","Une très grande et importante église dans une ville.","Bardzo duży i ważny kościół w mieście.","Дуже велика і важлива церква в місті.","Очень большая и важная церковь в городе.","Eine sehr große und wichtige Kirche in einer Stadt.","Nagyon nagy és fontos templom egy városban.","O biserică foarte mare și importantă dintr-un oraș.","كنيسة كبيرة ومهمة جدًا في المدينة."
"chateau_de_chambord",8827921446723614,"Château de Chambord","Castillo de Chambord","Castello di Chambord","Château de Chambord","Zamek Chambord","Шато де Шамбор","Замок Шамбор","Schloss Chambord","Château de Chambord","Castelul Chambord","قلعة شامبورد"
"chateau_de_chambord.desc",8827921446723615,"A grand palace with many windows and gardens.","Un gran palacio con muchas ventanas y jardines.","Un grande palazzo con numerose finestre e giardini.","Un grand palais avec de nombreuses fenêtres et jardins.","Wspaniały pałac z wieloma oknami i ogrodami.","Величний палац із багатьма вікнами та садами.","Большой дворец со множеством окон и садов.","Ein großer Palast mit vielen Fenstern und Gärten.","Hatalmas palota sok ablakkal és kerttel.","Un palat măreț cu multe ferestre și grădini.","قصر كبير به العديد من النوافذ والحدائق."
"chateau_de_chinon",8827921446723616,"Château de Chinon","Castillo de Chinon","Castello di Chinon","Château de Chinon","Zamek Chinon","Шато де Шинон","Замок Шинон","Schloss Chinon","Château de Chinon","Castelul Chinon","قلعة شينون"
"chateau_de_chinon.desc",8827921446723617,"A strong stone fortress used for defense.","Una fuerte fortaleza de piedra utilizada para defensa.","Una robusta fortezza in pietra utilizzata a scopo difensivo.","Une solide forteresse en pierre utilisée pour la défense.","Mocna kamienna twierdza, wykorzystywana do obrony.","Міцна кам'яна фортеця, яка використовувалася для оборони.","Прочная каменная крепость, использовавшаяся для обороны.","Eine starke Steinfestung zur Verteidigung.","Erős kőerőd, amelyet védekezésre használnak.","O fortăreață puternică de piatră folosită pentru apărare.","حصن حجري قوي يستخدم للدفاع."
"chopin_monument",8827921446723618,"Chopin Monument","Monumento a Chopin","Monumento a Chopin","Monument à Chopin","Pomnik Chopina","Пам'ятник Шопену","Памятник Шопену","Chopin-Denkmal","Chopin-emlékmű","Monumentul Chopin","نصب شوبان التذكاري"
"chopin_monument.desc",8827921446723619,"A large statue in Warsaw’s Łazienki Park dedicated to Frédéric Chopin. It’s also the site of popular open-air piano concerts in summer.","Una gran estatua en el Parque Łazienki de Varsovia dedicada a Frédéric Chopin. También es sede de populares conciertos de piano al aire libre en verano. (El árbol bajo el que se sienta es un sauce típicamente polaco).","Una grande statua nel Parco Łazienki di Varsavia, dedicata a Frédéric Chopin. È anche sede di popolari concerti di pianoforte all'aperto in estate. (L'albero speciale sotto cui è seduto è un tipico salice polacco)","Une grande statue du parc Łazienki de Varsovie est dédiée à Frédéric Chopin. C'est également le lieu de concerts de piano en plein air très populaires en été. (L'arbre sous lequel il est assis est un saule polonais typique.)","Duży pomnik w warszawskich Łazienkach Królewskich poświęcony Fryderykowi Chopinowi. Latem odbywają się tam również popularne plenerowe koncerty fortepianowe. (Drzewo, pod którym siedzi, to typowa polska wierzba).","Велика статуя у варшавському парку Лазєнки, присвячена Фредеріку Шопену. Це також місце популярних фортепіанних концертів просто неба влітку. (особливе дерево, під яким він сидить, типове польське. Верба)","Большая статуя в варшавском парке Лазенки, посвящённая Фредерику Шопену. Летом здесь также проходят популярные концерты фортепианной музыки под открытым небом. (Дерево, под которым он сидит, — типичная польская ива).","Eine große Statue im Warschauer Łazienki-Park ist Frédéric Chopin gewidmet. Im Sommer finden hier auch beliebte Open-Air-Klavierkonzerte statt. (Der besondere Baum, unter dem er sitzt, ist eine typisch polnische Weide.)","Frédéric Chopinnek szentelt nagy szobor a varsói Łazienki parkban. Nyáron népszerű szabadtéri zongorakoncertek helyszíne is. (a különleges fa, ami alatt ül, tipikus fényezés.. Fűzfa)","O statuie mare din parcul Łazienki din Varșovia, dedicată lui Frédéric Chopin. Este, de asemenea, locul de concerte populare de pian în aer liber vara. (pomul special sub care stă este un polonez tipic.. Salcie)","تمثال كبير في حديقة لازينكي بوارسو، مُكرّس لفريدريك شوبان. كما تُقام فيه حفلات البيانو الشهيرة في الهواء الطلق خلال الصيف. (الشجرة المميزة التي يجلس تحتها هي شجرة صفصاف بولندية تقليدية)."
"church",8827921446723620,"Church","Iglesia","Chiesa","Église","Kościół","Церква","Церковь","Kirche","Templom","Biserică","كنيسة"
"church.desc",8827921446723621,"A special building where people meet to pray and sing.","Un edificio especial donde la gente se reúne para orar y cantar.","Un edificio speciale dove le persone si incontrano per pregare e cantare.","Un bâtiment spécial où les gens se réunissent pour prier et chanter.","Specjalny budynek, w którym ludzie spotykają się, aby modlić się i śpiewać.","Особлива будівля, де люди збираються, щоб помолитися і співати.","Специальное здание, где люди собираются, чтобы молиться и петь.","Ein besonderes Gebäude, in dem sich Menschen zum Beten und Singen treffen.","Egy különleges épület, ahol az emberek találkoznak imádkozni és énekelni.","O clădire specială în care oamenii se întâlnesc să se roage și să cânte.","مبنى خاص يجتمع فيه الناس للصلاة والغناء."
"cinnamon",8827921446723622,"Cinnamon","Canela","Cannella","Cannelle","Cynamon","кориця","Корица","Zimt","Fahéj","Scorţişoară","القرفة"
"cinnamon.desc",8827921446723623,"A sweet spice made from tree bark.","Una especia dulce hecha de corteza de árbol.","Una spezia dolce ricavata dalla corteccia degli alberi.","Une épice douce fabriquée à partir d'écorce d'arbre.","Słodka przyprawa wytwarzana z kory drzewa.","Солодка приправа з кори дерева.","Сладкая специя, изготавливаемая из коры дерева.","Ein süßes Gewürz aus Baumrinde.","Fa kérgéből készült édes fűszer.","Un condiment dulce făcut din scoarță de copac.","بهارات حلوة مصنوعة من لحاء الشجر."
"climbing",8827921446723624,"Climbing","Escalada","Arrampicata","Escalade","Wspinaczka","Скелелазіння","Скалолазание","Klettern","Mászó","Alpinism","التسلق"
"climbing.desc",8827921446723625,"Going up rocks or ice with special gear.","Subir rocas o hielo con equipo especial.","Salire su rocce o ghiaccio con attrezzatura speciale.","Escalader des rochers ou de la glace avec un équipement spécial.","Wchodzenie na strome skały lub lód przy użyciu specjalnego sprzętu.","Підйом по скелях або льоду зі спеціальним спорядженням.","Подъем по скалам или льду со специальным снаряжением.","Mit Spezialausrüstung auf Felsen oder Eis klettern.","Felmenni sziklákra vagy jégre speciális felszereléssel.","Urcarea pe stânci sau pe gheață cu unelte speciale.","الصعود على الصخور أو الجليد باستخدام معدات خاصة."
"cloves",8827921450917888,"Cloves","Clavos de olor","chiodi di garofano","clous de girofle","Goździki","гвоздики","Гвоздика","Nelken","Szegfűszeg","cuișoare","قرنفل"
"cloves.desc",8827921450917889,"A strong spice used to add flavor to food.","Una especia fuerte utilizada para añadir sabor a la comida.","Una spezia forte usata per insaporire i cibi.","Une épice forte utilisée pour ajouter de la saveur aux aliments.","Mocna przyprawa używana do wzbogacania smaku potraw.","Сильна спеція, яка використовується для додання смаку їжі.","Сильная специя, используемая для придания еде вкуса.","Ein starkes Gewürz, das verwendet wird, um Speisen Geschmack zu verleihen.","Erős fűszer, amelyet az ételek ízesítésére használnak.","Un condiment puternic folosit pentru a adăuga aromă alimentelor.","بهارات قوية تستخدم لإضافة نكهة للطعام."
"coat",8827921450917890,"Coat","Abrigo","Cappotto","Manteau","Płaszcz","Пальто","Пальто","Mantel","Kabát","Haina","معطف"
"coat.desc",8827921450917891,"A warm jacket for cold weather.","Una chaqueta abrigada para el clima frío.","Una giacca calda per il clima freddo.","Une veste chaude pour le temps froid.","Ciepła kurtka na zimne dni.","Тепла куртка для холодної погоди.","Теплая куртка для холодной погоды.","Eine warme Jacke für kaltes Wetter.","Meleg kabát hideg időre.","O jachetă caldă pentru vreme rece.","سترة دافئة للطقس البارد."
"code_of_hammurabi",8827921450917892,"Code of Hammurabi","Código de Hammurabi","Codice di Hammurabi","Code d'Hammourabi","Kodeks Hammurabiego","Кодекс Хаммурапі","Кодекс Хаммурапи","Codex Hammurabi","Hammurapi kódexe","Codul lui Hammurabi","قانون حمورابي"
"code_of_hammurabi.desc",8827921450917893,"A stone with very old laws carved into it.","Una piedra con leyes muy antiguas talladas en ella.","Una pietra su cui sono incise leggi molto antiche.","Une pierre sur laquelle sont gravées de très vieilles lois.","Kamień z wyrytymi bardzo starymi prawami.","Камінь із висіченими на ньому дуже давніми законами.","Камень, на котором высечены очень древние законы.","Ein Stein, in den sehr alte Gesetze eingemeißelt sind.","Egy kő, amibe nagyon régi törvényeket véstek.","O piatră cu legi foarte vechi sculptate în ea.","حجر محفور عليه قوانين قديمة جداً."
"coins",8827921450917894,"Coins","Monedas","Monete","Les pièces","Monety","Монети","Монеты","Münzen","Érmék","Monede","عملات معدنية"
"coins.desc",8827921450917895,"Small round money made of metal.","Pequeño dinero redondo fabricado en metal.","Piccola moneta rotonda in metallo.","une petite monnaie ronde en métal.","Małe okrągłe pieniądze wykonane z metalu.","Дрібні круглі гроші з металу.","Маленькие круглые деньги, сделанные из металла.","Kleines rundes Geld aus Metall.","Fémből készült kis kerek pénz.","Bani mici rotunzi din metal.","عملة معدنية صغيرة مستديرة."
"concept_europe_map",7717548266086402,"Europe Map","Mapa de Europa","Mappa dell'Europa","Carte de l'Europe","Mapa Europy","Карта Європи","Карта Европы","Europakarte","Európa térkép","Harta Europei","خريطة أوروبا"
"concept_europe_map.desc",7717548266086403,"A map showing all the countries in Europe. You can see where France, Poland, Germany, and other countries are located.","Un mapa que muestra todos los países de Europa. Puedes ver la ubicación de Francia, Polonia, Alemania y otros países.","Una mappa che mostra tutti i paesi d'Europa. Puoi vedere dove si trovano Francia, Polonia, Germania e altri paesi.","Une carte montrant tous les pays d'Europe. Tu peux voir où se trouvent la France, la Pologne, l'Allemagne et d'autres pays.","Mapa przedstawiająca wszystkie kraje Europy. Możesz zobaczyć, gdzie znajdują się Francja, Polska, Niemcy i inne kraje.","Карта, на якій зображені всі країни Європи. Ви можете побачити, де розташована Франція, Польща, Німеччина та інші країни.","Карта всех стран Европы. Вы можете увидеть, где находятся Франция, Польша, Германия и другие страны.","Eine Karte mit allen Ländern Europas. Sie können sehen, wo sich Frankreich, Polen, Deutschland und andere Länder befinden.","Egy térkép, amelyen Európa összes országa látható. Megnézheti, hol található Franciaország, Lengyelország, Németország és más országok.","O hartă care arată toate țările din Europa. Puteți vedea unde se află Franța, Polonia, Germania și alte țări.","خريطة تُظهر جميع دول أوروبا. يمكنك رؤية مواقع فرنسا، وبولندا، وألمانيا، ودول أخرى."
"constitution_of_3_may",8827921450917896,"Constitution of 3 May","Constitución del 3 de mayo","Costituzione del 3 maggio","Constitution du 3 mai","Konstytucja 3 Maja","Конституція 3 травня","Конституция 3 мая","Verfassung vom 3. Mai","május 3-i alkotmány","Constituția din 3 mai","دستور 3 مايو"
"constitution_of_3_may.desc",8827921450917897,"A historic Polish constitution celebrated on May 3.","Una constitución polaca histórica celebrada el 3 de mayo.","Una storica costituzione polacca celebrata il 3 maggio.","Une constitution polonaise historique célébrée le 3 mai.","Historyczna polska konstytucja, której uchwalenie świętuje się 3 maja.","3 травня відзначається історична конституція Польщі.","Историческая польская конституция отмечается 3 мая.","Am 3. Mai wurde eine historische polnische Verfassung gefeiert.","A történelmi lengyel alkotmányt május 3-án ünnepelték.","O constituție istorică poloneză sărbătorită pe 3 mai.","الاحتفال بالدستور البولندي التاريخي في 3 مايو."
"cook",8827921450917898,"Cook","Cocinar","Cucinare","Cuisiner","Kucharz","Кухар","Готовить","Kochen","Szakács","Bucătar","يطبخ"
"cook.desc",8827921450917899,"A person who prepares food.","Una persona que prepara comida.","Una persona che prepara il cibo.","Une personne qui prépare de la nourriture.","Osoba przygotowująca jedzenie.","Людина, яка готує їжу.","Человек, который готовит еду.","Eine Person, die Essen zubereitet.","Egy személy, aki ételt készít.","O persoană care pregătește mâncare.","الشخص الذي يقوم بإعداد الطعام."
"coronation_of_napoleon_david",8827921450917900,"Coronation of Napoleon (David)","Coronación de Napoleón (David)","Incoronazione di Napoleone (David)","Couronnement de Napoléon (David)","Koronacja Napoleona (Dawid)","Коронація Наполеона (Давида)","Коронация Наполеона (Давида)","Krönung Napoleons (David)","Napóleon koronázása (Dávid)","Încoronarea lui Napoleon (David)","تتويج نابليون (ديفيد)"
"coronation_of_napoleon_david.desc",8827921450917901,"A huge painting showing a French emperor’s ceremony.","Un cuadro enorme que muestra la ceremonia de un emperador francés.","Un enorme dipinto raffigurante la cerimonia di un imperatore francese.","Un immense tableau représentant une cérémonie d’un empereur français.","Ogromny obraz przedstawiający ceremonię koronacji cesarza Francji.","Величезна картина, на якій зображено церемонію французького імператора.","Огромная картина, изображающая церемонию французского императора.","Ein riesiges Gemälde, das die Zeremonie eines französischen Kaisers zeigt.","Egy hatalmas festmény, amely egy francia császár szertartását mutatja be.","O pictură uriașă care arată ceremonia unui împărat francez.","لوحة ضخمة تُظهر احتفال الإمبراطور الفرنسي."
"country_belarus",8827921450917902,"Belarus","Bielorrusia","Bielorussia","Biélorussie","Białoruś","Білорусь","Беларусь","Weißrussland","Fehéroroszország","Bielorusia","بيلاروسيا"
"country_belarus.desc",8827921450917903,"A country in Europe. Capital is Minsk.","Un país de Europa. Su capital es Minsk.","Un paese in Europa. La capitale è Minsk.","Un pays d'Europe. Sa capitale est Minsk.","Państwo w Europie. Stolicą jest Mińsk.","Країна в Європі. Столиця - Мінськ.","Государство в Европе. Столица — Минск.","Ein Land in Europa. Hauptstadt ist Minsk.","Egy ország Európában. Fővárosa Minszk.","O țară din Europa. Capitala este Minsk.","دولة أوروبية. عاصمتها مينسك."
"country_belgium",8827921450917904,"Belgium","Bélgica","Belgio","Belgique","Belgia","Бельгія","Бельгия","Belgien","Belgium","Belgia","بلجيكا"
"country_belgium.desc",8827921450917905,"A country in Europe. Capital is Brussels.","Un país de Europa. Su capital es Bruselas.","Un paese in Europa. La capitale è Bruxelles.","Un pays d'Europe. Sa capitale est Bruxelles.","Państwo w Europie. Stolicą jest Bruksela.","Країна в Європі. Столиця - Брюссель.","Государство в Европе. Столица — Брюссель.","Ein Land in Europa. Hauptstadt ist Brüssel.","Egy ország Európában. Fővárosa Brüsszel.","O țară din Europa. Capitala este Bruxelles.","دولة في أوروبا. عاصمتها بروكسل."
"country_czech_republic",8827921450917906,"Czech Republic","República Checa","Repubblica Ceca","République tchèque","Czechy","Чехія","Чешская Республика","Tschechische Republik","Csehország","Republica Cehă","الجمهورية التشيكية"
"country_czech_republic.desc",8827921450917907,"A country in Europe. Capital is Prague.","Un país de Europa. Su capital es Praga.","Un paese in Europa. La capitale è Praga.","Un pays d'Europe dont la capitale est Prague.","Kraj w Europie. Stolicą jest Praga.","Країна в Європі. Столиця – Прага.","Государство в Европе. Столица — Прага.","Ein Land in Europa. Hauptstadt ist Prag.","Egy ország Európában. Fővárosa Prága.","O țară din Europa. Capitala este Praga.","دولة في أوروبا. عاصمتها براغ."
"country_france",8827921450917908,"France","Francia","Francia","France","Francja","Франція","Франция","Frankreich","Franciaország","Franţa","فرنسا"
"country_france.desc",8827921450917909,"A country in Europe. Capital is Paris.","Un país de Europa. Su capital es París.","Un paese in Europa. La capitale è Parigi.","La France est un pays d’Europe. Sa capitale est Paris.","Kraj w Europie. Stolicą jest Paryż.","Країна в Європі. Столиця - Париж.","Государство в Европе. Столица — Париж.","Ein Land in Europa. Hauptstadt ist Paris.","Egy ország Európában. Fővárosa Párizs.","O țară din Europa. Capitala este Parisul.","دولة في أوروبا. عاصمتها باريس."
"country_germany",8827921450917910,"Germany","Alemania","Germania","Allemagne","Niemcy","Німеччина","Германия","Deutschland","Németország","Germania","ألمانيا"
"country_germany.desc",8827921450917911,"A country in Europe. Capital is Berlin.","Un país de Europa. Su capital es Berlín.","Un paese in Europa. La capitale è Berlino.","Un pays d'Europe. Sa capitale est Berlin.","Państwo w Europie. Stolicą jest Berlin.","Країна в Європі. Столиця Берлін.","Государство в Европе. Столица — Берлин.","Ein Land in Europa. Hauptstadt ist Berlin.","Egy ország Európában. A főváros Berlin.","O țară din Europa. Capitala este Berlinul.","دولة في أوروبا. عاصمتها برلين."
"country_italy",8827921450917912,"Italy","Italia","Italia","Italie","Włochy","Італія","Италия","Italien","Olaszország","Italia","إيطاليا"
"country_italy.desc",8827921450917913,"It is a country in Europe. Its capital is Rome.","Es un país de Europa. Su capital es Roma.","È un paese d'Europa. La sua capitale è Roma.","Un pays d'Europe dont la capitale est Rome.","To kraj w Europie. Jego stolicą jest Rzym.","Це країна в Європі. Її столиця — Рим.","Это страна в Европе. Её столица — Рим.","Es ist ein Land in Europa. Die Hauptstadt ist Rom.","Ez egy ország Európában. A fővárosa Róma.","Este o țară din Europa. Capitala sa este Roma.","إنها دولة في أوروبا. عاصمتها روما."
"country_lithuania",8827921450917914,"Lithuania","Lituania","Lituania","Lituanie","Litwa","Литва","Литва","Litauen","Litvánia","Lituania","ليتوانيا"
"country_lithuania.desc",8827921450917915,"A country in Europe. Capital is Vilnius.","Un país de Europa. Su capital es Vilna.","Un paese in Europa. La capitale è Vilnius.","Un pays d'Europe dont la capitale est Vilnius.","Państwo w Europie. Stolicą jest Wilno.","Країна в Європі. Столиця - Вільнюс.","Государство в Европе. Столица — Вильнюс.","Ein Land in Europa. Hauptstadt ist Vilnius.","Egy ország Európában. Fővárosa Vilnius.","O țară din Europa. Capitala este Vilnius.","دولة في أوروبا. عاصمتها فيلنيوس."
"country_luxembourg",8827921450917916,"Luxembourg","Luxemburgo","Lussemburgo","Luxembourg","Luksemburg","Люксембург","Люксембург","Luxemburg","Luxemburg","Luxemburg","لوكسمبورغ"
"country_luxembourg.desc",8827921450917917,"It is a country in Europe. Its capital is Luxembourg City.","Es un país de Europa. Su capital es la ciudad de Luxemburgo.","È un paese d'Europa. La sua capitale è la città di Lussemburgo.","Un pays d'Europe dont la capitale est la ville de Luxembourg.","To kraj w Europie. Jego stolicą jest miasto Luksemburg.","Це країна в Європі. Її столиця — місто Люксембург.","Это страна в Европе. Её столица — город Люксембург.","Es ist ein Land in Europa. Die Hauptstadt ist Luxemburg-Stadt.","Ez egy európai ország. A fővárosa Luxemburg város.","Este o țară din Europa. Capitala sa este orașul Luxemburg.","إنها دولة في أوروبا. عاصمتها مدينة لوكسمبورغ."
"country_poland",8827921450917918,"Poland","Polonia","Polonia","Pologne","Polska","Польща","Польша","Polen","Lengyelország","Polonia","بولندا"
"country_poland.desc",8827921450917919,"A country in Europe. Capital is Warsaw. Poland is famous for scientists like Copernicus and delicious pierogi!","Un país de Europa. Su capital es Varsovia. Polonia es famosa por científicos como Copérnico y sus deliciosos pierogi.","Un paese in Europa. La capitale è Varsavia. La Polonia è famosa per scienziati come Copernico e per i deliziosi pierogi!","Un pays d'Europe dont la capitale est Varsovie. La Pologne est connu pour ses scientifiques comme Copernic et ses délicieux pierogi !","Kraj w Europie. Stolicą jest Warszawa. Polska słynie z naukowców takich jak Kopernik i pysznych pierogów!","Країна в Європі. Столиця – Варшава. Польща славиться такими вченими, як Коперник, і смачними п’єрогами!","Страна в Европе. Столица — Варшава. Польша славится учёными, такими как Коперник, и вкуснейшими варениками!","Ein Land in Europa. Hauptstadt ist Warschau. Polen ist berühmt für Wissenschaftler wie Kopernikus und köstliche Pierogi!","Egy ország Európában. Fővárosa Varsó. Lengyelország híres olyan tudósokról, mint Kopernikusz és a finom pierogi!","O țară din Europa. Capitala este Varșovia. Polonia este renumită pentru oameni de știință precum Copernic și pierogi delicioase!","دولة أوروبية، عاصمتها وارسو. بولندا مشهورة بعلمائها أمثال كوبرنيكوس وفطائر البيروجي اللذيذة!"
"country_russia",8827921450917920,"Russia","Rusia","Russia","Russie","Rosja","Росія","Россия","Russland","Oroszország","Rusia","روسيا"
"country_russia.desc",8827921450917921,"A country in Europe. Capital is Moscow.","Un país de Europa. Su capital es Moscú.","Un paese in Europa. La capitale è Mosca.","Un pays d'Europe. Sa capitale est Moscou.","Państwo w Europie. Stolicą jest Moskwa.","Країна в Європі. Столиця - Москва.","Государство в Европе. Столица — Москва.","Ein Land in Europa. Hauptstadt ist Moskau.","Egy ország Európában. Fővárosa Moszkva.","O țară din Europa. Capitala este Moscova.","دولة في أوروبا. عاصمتها موسكو."
"country_slovakia",8827921450917922,"Slovakia","Eslovaquia","Slovacchia","Slovaquie","Słowacja","Словаччина","Словакия","Slowakei","Szlovákia","Slovacia","سلوفاكيا"
"country_slovakia.desc",8827921450917923,"A country in Europe. Capital is Bratislava.","Un país de Europa. Su capital es Bratislava.","Un paese in Europa. La capitale è Bratislava.","Un pays d'Europe dont la capitale est Bratislava.","Kraj w Europie. Stolicą jest Bratysława.","Країна в Європі. Столиця - Братислава.","Государство в Европе. Столица — Братислава.","Ein Land in Europa. Hauptstadt ist Bratislava.","Egy ország Európában. Fővárosa Pozsony.","O țară din Europa. Capitala este Bratislava.","دولة أوروبية. عاصمتها براتيسلافا."
"country_spain",8827921450917924,"Spain","España","Spagna","Espagne","Hiszpania","Іспанія","Испания","Spanien","Spanyolország","Spania","إسبانيا"
"country_spain.desc",8827921450917925,"It is a country in Europe. Its capital is Madrid. Spain invented a dance called flamenco.","Es un país de Europa. Su capital es Madrid. España inventó un baile llamado flamenco.","È un paese d'Europa. La sua capitale è Madrid. La Spagna ha inventato un ballo chiamato flamenco.","Un pays d'Europe dont la capitale est Madrid. L'Espagne a inventé le flamenco.","Kraj w Europie. Stolicą jest Madryt. Hiszpania wymyśliła taniec flamenco.","Це країна в Європі. Її столиця — Мадрид. Іспанія винайшла танець фламенко.","Это страна в Европе. Её столица — Мадрид. Испания изобрела танец фламенко.","Es ist ein Land in Europa. Die Hauptstadt ist Madrid. Spanien erfand einen Tanz namens Flamenco.","Ez egy európai ország. A fővárosa Madrid. Spanyolország feltalált egy flamenco nevű táncot.","Este o țară din Europa. Capitala ei este Madrid. Spania a inventat un dans numit flamenco.","إنها دولة في أوروبا. عاصمتها مدريد. اخترعت إسبانيا رقصة تُسمى الفلامنكو."
"country_switzerland",8827921455112192,"Switzerland","Suiza","Svizzera","Suisse","Szwajcaria","Швейцарія","Швейцария","Schweiz","Svájc","Elveţia","سويسرا"
"country_switzerland.desc",8827921455112193,"A country in Europe. Capital is Bern. Switzerland is famous for mountains and cheese.","Un país europeo. Su capital es Berna. Suiza es famosa por sus montañas y su queso.","Un paese in Europa. La capitale è Berna. La Svizzera è famosa per le montagne e il formaggio.","Un pays d'Europe dont la capitale est Berne. La Suisse est connu pour ses montagnes et son fromage.","Kraj w Europie. Stolicą jest Berno. Szwajcaria słynie z gór i sera.","Країна в Європі. Столиця - Берн. Швейцарія славиться горами і сиром.","Государство в Европе. Столица — Берн. Швейцария славится горами и сыром.","Ein Land in Europa. Hauptstadt ist Bern. Die Schweiz ist berühmt für ihre Berge und ihren Käse.","Egy ország Európában. Fővárosa Bern. Svájc a hegyekről és a sajtokról híres.","O țară din Europa. Capitala este Berna. Elveția este renumită pentru munți și brânză.","دولة أوروبية، عاصمتها برن. تشتهر سويسرا بجبالها وأجبانها."
"country_ukraine",8827921455112194,"Ukraine","Ucrania","Ucraina","Ukraine","Ukraina","Україна","Украина","Ukraine","Ukrajna","Ucraina","أوكرانيا"
"country_ukraine.desc",8827921455112195,"A country in Europe. Capital is Kyiv.","Un país de Europa. Su capital es Kyiv.","Un paese in Europa. La capitale è Kiev.","Un pays d'Europe. Sa capitale est Kyiv.","Państwo w Europie. Stolicą jest Kijów.","Країна в Європі. Столиця – Київ.","Государство в Европе. Столица — Киев.","Ein Land in Europa. Die Hauptstadt ist Kiew.","Egy ország Európában. A főváros Kijev.","O țară din Europa. Capitala este Kiev.","دولة في أوروبا، عاصمتها كييف."
"crampons",8827921455112196,"Crampons","Crampones","Ramponi","Crampons","Raki","Скоби","Кошки","Steigeisen","Görcsök","crampoane","المسامير"
"crampons.desc",8827921455112197,"Spiky metal grips you attach to boots for ice.","Empuñaduras metálicas puntiagudas que se fijan a las botas para usarlas en el hielo.","Impugnature metalliche appuntite da fissare agli scarponi per usare il ghiaccio.","Poignées métalliques pointues que vous attachez aux bottes pour la glace.","Kolczaste metalowe uchwyty przymocowane do butów. Pozwalają chodzić po lodzie.","Гострі металеві ручки, які ви прикріплюєте до черевиків для льоду.","Металлические накладки с шипами, которые крепятся к ботинкам для катания на льду.","Stachelige Metallgriffe, die Sie gegen Eis an Ihren Stiefeln befestigen.","Tüskés fém markolatokat rögzíthet a csizmához a jéghez.","Mânerele metalice înțepătoare pe care le atașați de cizme pentru gheață.","مقابض معدنية شائكة يمكنك ربطها بالأحذية للجليد."
"cub",8827921455112198,"Cub","Cachorro","Cucciolo","Un lionceau","Młode","дитинча","Детёныш","Jungtier","Kölyök","Pui","شبل"
"cub.desc",8827921455112199,"A baby lion.","Un bebé león.","Un cucciolo di leone.","Un bébé lion.","Mały lew.","Дитинча лева.","Львенок.","Ein Löwenbaby.","Kis oroszlán.","Un pui de leu.","أسد صغير."
"currency_euro",7604111984812032,"Euro Currency","Moneda euro","Valuta Euro","La monnaie euro","Waluta euro","валюта євро","Евро валюта","Euro-Währung","Euro valuta","Moneda euro","عملة اليورو"
"currency_euro.desc",7717548270280708,"Money used in many countries in Europe. You can buy toys and ice cream with euros!","Dinero usado en muchos países europeos. ¡Se pueden comprar juguetes y helados con euros!","Valuta utilizzata in molti paesi europei. Con gli euro puoi comprare giocattoli e gelati!","L'euro est la monnaie utilisée dans de nombreux pays d'Europe. Avec des pièces et des billets en euros tu peux payer.","Waluta używana w wielu krajach Europy. Za euro można kupić zabawki i lody!","Гроші, які використовуються в багатьох країнах Європи. За євро можна купити іграшки та морозиво!","Деньги, используемые во многих странах Европы. За евро можно купить игрушки и мороженое!","In vielen Ländern Europas wird dieses Zahlungsmittel verwendet. Mit Euro können Sie Spielzeug und Eis kaufen!","Európa számos országában használt pénz. Játékokat, fagylaltot euróval vásárolhatsz!","Bani folosiți în multe țări din Europa. Puteți cumpăra jucării și înghețată cu euro!","العملة المستخدمة في العديد من دول أوروبا. يمكنك شراء الألعاب والآيس كريم باليورو!"
"currency_zloty",7717548270280709,"Zloty Currency","Moneda Zloty","Valuta Zloty","La monnaie du zloty","Polska waluta: złoty.","Валюта злотий","Валюта злотый","Zloty Währung","Zloty valuta","Moneda Zloty","عملة الزلوتي"
"currency_zloty.desc",7717548270280710,"The Polish currency is called the złoty. Coins and notes have Polish symbols.","La moneda polaca se llama zloty. Las monedas y los billetes tienen símbolos polacos.","La valuta polacca si chiama złoty. Monete e banconote riportano simboli polacchi.","La monnaie polonaise s'appelle le złoty. On voit les symboles polonais sur les pièces et les billets.","Walutą polską jest złoty. Monety i banknoty mają symbole polskie.","Польська валюта називається злотий. Монети та купюри мають польську символіку.","Польская валюта называется злотый. На монетах и ​​банкнотах изображены польские символы.","Die polnische Währung heißt Złoty. Münzen und Banknoten tragen polnische Symbole.","A lengyel valutát zlotynak hívják. Az érméken és bankjegyeken lengyel szimbólumok vannak.","Moneda poloneză se numește zloty. Monedele și bancnotele au simboluri poloneze.","العملة البولندية هي الزلوتي. تحمل العملات المعدنية والورقية رموزًا بولندية."
"cutter",8827921455112200,"Cutter","Cortador","Taglierina","Un chalutier","Nóż","Різак","Резак","Cutter","Vágó","Cutter","القاطع"
"cutter.desc",8827921455112201,"A small fishing boat used at sea.","Un pequeño barco pesquero utilizado en el mar.","Una piccola barca da pesca usata in mare.","Un petit bateau de pêche utilisé en mer.","Mała łódź rybacka używana na morzu.","Невеликий рибальський човен, який використовується в морі.","Небольшое рыболовное судно, используемое в море.","Ein kleines Fischerboot, das auf See eingesetzt wird.","Tengeren használt kis halászhajó.","O barcă mică de pescuit folosită pe mare.","قارب صيد صغير يستخدم في البحر."
"dairy_vendor",8827921455112202,"Dairy Vendor","Vendedor de productos lácteos","Venditore di latticini","le vendeur de produits laitiers","Sprzedawca produktów mlecznych","Продавець молочних продуктів","Продавец молочных продуктов","Milchverkäufer","Tejtermék eladó","Vanzator de lactate","بائع الألبان"
"dairy_vendor.desc",8827921455112203,"A person who sells milk, butter, and cheese.","Una persona que vende leche, mantequilla y queso.","Una persona che vende latte, burro e formaggio.","Une personne qui vend du lait, du beurre et du fromage.","Osoba sprzedająca mleko, masło i ser.","Людина, яка продає молоко, масло, сир.","Человек, который продает молоко, масло и сыр.","Eine Person, die Milch, Butter und Käse verkauft.","Olyan személy, aki tejet, vajat és sajtot árul.","O persoană care vinde lapte, unt și brânză.","الشخص الذي يبيع الحليب والزبدة والجبن."
"dancing_shoes",8827921455112204,"Dancing Shoes","Zapatos de baile","Scarpe da ballo","Chaussures de danse","Buty do tańca","Танцювальне взуття","Танцевальные туфли","Tanzschuhe","Tánccipő","Pantofi de dans","أحذية الرقص"
"dancing_shoes.desc",8827921455112205,"Shoes made for dancing in a ballroom.","Zapatos hechos para bailar en un salón de baile.","Scarpe fatte per ballare in una sala da ballo.","Chaussures pour danser.","Buty przeznaczone do tańca na sali balowej.","Взуття для бальних танців.","Туфли, предназначенные для танцев в бальном зале.","Schuhe zum Tanzen im Ballsaal.","Bálteremben való tánchoz készült cipő.","Pantofi făcuți pentru dans într-o sală de bal.","أحذية مصممة للرقص في قاعة الرقص."
"danger_sign",8827921455112206,"DANGER Sign","Señal de PELIGRO","Segnale di PERICOLO","Panneau DANGER","Znak NIEBEZPIECZEŃSTWO","Знак НЕБЕЗПЕКИ","Знак ОПАСНОСТЬ","GEFAHR-Zeichen","VESZÉLY tábla","Semn de PERICOL","علامة الخطر"
"danger_sign.desc",8827921455112207,"A sign that warns about danger ahead. Be extra careful.","Una señal que advierte de un peligro inminente. Tenga mucho cuidado.","Un cartello che avverte di un pericolo imminente. Prestare particolare attenzione.","Un panneau qui annonce un danger. Il faut faire très attention.","Znak ostrzegający przed zbliżającym się niebezpieczeństwem. Zachowaj szczególną ostrożność.","Знак, який попереджає про небезпеку попереду. Будьте особливо обережні.","Знак, предупреждающий об опасности. Будьте предельно осторожны.","Ein Schild, das vor einer Gefahr warnt. Seien Sie besonders vorsichtig.","Jel, amely figyelmeztet az előttünk álló veszélyre. Legyen fokozottan óvatos.","Un semn care avertizează despre pericolul din față. Fii deosebit de atent.","إشارة تحذيرية من خطر قادم. توخَّ الحذر الشديد."
"drawbridge",8827921455112208,"Drawbridge","Puente levadizo","Ponte levatoio","Pont-levis","Most zwodzony","Підйомний міст","Подъемный мост","Zugbrücke","Felvonóhíd","Pod mobil","جسر متحرك"
"drawbridge.desc",8827921455112209,"A bridge that lifts to protect a castle entrance.","Un puente que se levanta para proteger la entrada de un castillo.","Un ponte che si solleva per proteggere l'ingresso di un castello.","Un pont qui se lève pour protéger l'entrée d'un château.","Podnoszony most, który chronił wejście do zamku.","Міст, який піднімається, щоб захистити вхід у замок.","Мост, который поднимается, чтобы защитить вход в замок.","Eine Brücke, die sich zum Schutz eines Burgeingangs anheben lässt.","Egy híd, amely a vár bejáratát védi.","Un pod care se ridică pentru a proteja o intrare în castel.","جسر يرتفع لحماية مدخل القلعة."
"dwarf_expert",8827921455112210,"Dwarf Expert","Enano experto","Esperto di nani","Expert nain","Krasnal Ekspert","Знавець гномів","Эксперт по гномам","Zwergenexperte","Törpe szakértő","Expert pitic","خبير الأقزام"
"dwarf_expert.desc",8827921455112211,"A friendly guide who knows all about the dwarfs.","Un guía amigable que sabe todo sobre los enanos.","Una guida amichevole che sa tutto sui nani.","Un guide sympathique qui connaît tout sur les nains.","Przyjazny przewodnik, który wie wszystko o krasnoludkach.","Привітний гід, який знає все про гномів.","Дружелюбный гид, знающий все о гномах.","Ein freundlicher Führer, der alles über die Zwerge weiß.","Barátságos idegenvezető, aki mindent tud a törpékről.","Un ghid prietenos care știe totul despre pitici.","دليل ودود يعرف كل شيء عن الأقزام."
"earth",8827921455112212,"Earth","Tierra","Terra","Terre","Ziemia","земля","Земля","Erde","Föld","Pământ","أرض"
"earth.desc",8827921455112213,"Our home planet with land, air, and water.","Nuestro planeta natal con tierra, aire y agua.","Il nostro pianeta natale con terra, aria e acqua.","Notre planète avec terre, air et eau.","Nasza planeta, z domem powietrzem i wodą.","Наша рідна планета з землею, повітрям і водою.","Наша родная планета с сушей, воздухом и водой.","Unser Heimatplanet mit Land, Luft und Wasser.","Anyabolygónk földdel, levegővel és vízzel.","Planeta noastră natală cu pământ, aer și apă.","كوكبنا هو الأرض والهواء والماء."
"ecosystem",8827921455112214,"Ecosystem","Ecosistema","Ecosistema","Écosystème","Ekosystem","Екосистема","Экосистема","Ökosystem","Ökoszisztéma","Ecosistem","النظام البيئي"
"ecosystem.desc",8827921455112215,"Living things and their home in nature, working together.","Los seres vivos y su hogar en la naturaleza, trabajando juntos.","Gli esseri viventi e la loro casa nella natura, che lavorano insieme.","Ensemble des êtres vivants et leur habitat dans la nature.","Żywe organizmy i ich środowisko naturalne, współpracujące ze sobą.","Живі істоти та їхній дім у природі, спільна робота.","Живые существа и их дом в природе работают вместе.","Lebewesen und ihr Zuhause in der Natur arbeiten zusammen.","Élőlények és otthonuk a természetben, közös munka.","Ființe vii și casa lor în natură, lucrând împreună.","الكائنات الحية وبيئتها في الطبيعة، تعمل معًا."
"education_college_fr",7717548270280711,"Collège in France","Colegio en Francia","Collège in Francia","Le collège","Collège we Francji","Коледж у Франції","Колледж во Франции","Collège in Frankreich","Főiskola Franciaországban","Colegiu din Franța","كلية في فرنسا"
"education_college_fr.desc",7717548270280712,"A school in France for students aged 11 to 14. They have different teachers and study subjects like math, English, science, sports, and history.","Una escuela en Francia para alumnos de 11 a 14 años. Tienen distintos profesores y estudian materias como matemáticas, inglés, ciencias, deporte e historia.","Una scuola in Francia per ragazzi dagli 11 ai 14 anni. Hanno insegnanti diversi e studiano materie come matematica, inglese, scienze, sport e storia.","C'est une école pour les élèves de 11 à 14 ans. Les élèves ont différents professeurs et matières: mathématiques, anglais, sciences, sport, histoire…","Szkoła we Francji dla uczniów w wieku od 11 do 14 lat. Mają różnych nauczycieli i uczą się takich przedmiotów jak matematyka, angielski, przyroda, sport i historia.","Школа у Франції для учнів віком від 11 до 14 років. У них різні вчителі та предмети: математика, англійська мова, природничі науки, спорт та історія.","Школа во Франции для учеников от 11 до 14 лет. У них разные учителя и предметы: математика, английский язык, естественные науки, спорт и история.","Eine Schule in Frankreich für Schülerinnen und Schüler von 11 bis 14 Jahren. Sie haben verschiedene Lehrkräfte und Fächer wie Mathematik, Englisch, Naturwissenschaften, Sport und Geschichte.","Franciaországban a 11–14 éves diákok ebbe az iskolába járnak. Különböző tanáraik és tantárgyaik vannak, például matematika, angol, természettudomány, sport és történelem.","O școală din Franța pentru elevi cu vârste între 11 și 14 ani. Au profesori diferiți și studiază materii precum matematica, engleza, științele, sportul și istoria.","مدرسة في فرنسا للطلاب من عمر 11 إلى 14 عامًا. لديهم معلمون ومواد مختلفة، مثل الرياضيات والإنجليزية والعلوم والرياضة والتاريخ."
"education_ecole_maternelle_fr",7717548270280713,"École Maternelle","Escuela Maternelle","École Maternelle","L’école maternelle","Przedszkole","Еколь Матернель","École Maternelle","École Maternelle","École Maternelle","École Maternelle","مدرسة ماتيرنيل"
"education_ecole_maternelle_fr.desc",7717548270280714,"A school in France for children aged 3 to 5. Children learn by exploring and playing.","Una escuela en Francia para niños de 3 a 5 años. Los niños aprenden explorando y jugando.","Una scuola in Francia per bambini dai 3 ai 5 anni. I bambini imparano esplorando e giocando.","C'est une école pour les enfants de 3 à 5 ans. Les enfants apprennent en explorant et en jouant.","Szkoła we Francji dla dzieci w wieku od 3 do 5 lat. Dzieci uczą się, odkrywając świat i bawiąc się.","Школа у Франції для дітей віком від 3 до 5 років. Діти вчаться, досліджуючи світ і граючись.","Школа во Франции для детей от 3 до 5 лет. Дети учатся, исследуя мир и играя.","Eine Schule in Frankreich für Kinder von 3 bis 5 Jahren. Die Kinder lernen durch Entdecken und Spielen.","Franciaországban a 3–5 éves gyerekek ebbe az iskolába járnak. Felfedezéssel és játékkal tanulnak.","O școală din Franța pentru copiii cu vârste între 3 și 5 ani. Copiii învață explorând și jucându-se.","مدرسة في فرنسا للأطفال من عمر 3 إلى 5 سنوات. يتعلم الأطفال من خلال الاستكشاف واللعب."
"education_ecole_primaire_fr",7717548270280715,"Primary School in France","Escuela primaria en Francia","Scuola primaria in Francia","École élémentaire","Szkoła podstawowa we Francji","Початкова школа у Франції","Начальная школа во Франции","Grundschule in Frankreich","Általános Iskola Franciaországban","Școala primară în Franța","المدرسة الابتدائية في فرنسا"
"education_ecole_primaire_fr.desc",7717548270280716,"A school in France for students aged 6 to 10. Children learn to read, write, and count.","Una escuela en Francia para alumnos de 6 a 10 años. Los niños aprenden a leer, escribir y contar.","Una scuola in Francia per bambini dai 6 ai 10 anni. I bambini imparano a leggere, scrivere e contare.","C'est une école pour les élèves de 6 à 10 ans. Les enfants apprennent à lire, écrire et compter.","Szkoła we Francji dla dzieci w wieku od 6 do 10 lat. Dzieci uczą się czytać, pisać i liczyć.","Школа у Франції для дітей віком від 6 до 10 років. Діти вчаться читати, писати й рахувати.","Школа во Франции для детей от 6 до 10 лет. Дети учатся читать, писать и считать.","Eine Schule in Frankreich für Kinder von 6 bis 10 Jahren. Die Kinder lernen lesen, schreiben und rechnen.","Franciaországban a 6–10 éves gyerekek ebbe az iskolába járnak. Megtanulnak olvasni, írni és számolni.","O școală din Franța pentru copii cu vârste între 6 și 10 ani. Copiii învață să citească, să scrie și să numere.","مدرسة في فرنسا للأطفال من عمر 6 إلى 10 سنوات. يتعلم الأطفال القراءة والكتابة والعد."
"education_lycee_fr",7717548270280717,"Lycée in France","Liceo en Francia","Liceo in Francia","Le lycée","Liceum we Francji","Ліцей у Франції","Лицей во Франции","Lycée in Frankreich","Lycée Franciaországban","Liceul din Franța","مدرسة ثانوية في فرنسا"
"education_lycee_fr.desc",7717548270280718,"A school in France for teenagers aged 14 to 18. Students have different teachers and study subjects like math, English, science, sports, and history. They prepare for a final exam called the Baccalauréat.","Una escuela en Francia para adolescentes de 14 a 18 años. Los alumnos tienen distintos profesores y estudian materias como matemáticas, inglés, ciencias, deporte e historia. Se preparan para un examen final llamado bachillerato.","Una scuola in Francia per ragazzi dai 14 ai 18 anni. Gli studenti hanno insegnanti diversi e studiano materie come matematica, inglese, scienze, sport e storia. Si preparano a un esame finale chiamato esame di maturità.","C’est une école pour les adolescents de 14 à 18 ans. Les élèves ont différents professeurs et matières: mathématiques, anglais, sciences, sport, histoire… Ils préparent un examen final qui s’appelle le baccalauréat.","Szkoła we Francji dla młodzieży w wieku od 14 do 18 lat. Uczniowie mają różnych nauczycieli i uczą się różnych przedmiotów, takich jak matematyka, angielski, przyroda, sport i historia. Przygotowują się do egzaminu końcowego zwanego maturą.","Школа у Франції для підлітків віком від 14 до 18 років. Учні мають різних учителів і вивчають різні предмети: математику, англійську мову, природничі науки, спорт та історію. Вони готуються до випускного іспиту, який називається бакалавреат.","Школа во Франции для подростков от 14 до 18 лет. У учеников разные учителя и предметы: математика, английский язык, естественные науки, спорт и история. Они готовятся к выпускному экзамену, который называется бакалавриатом.","Eine Schule in Frankreich für Jugendliche von 14 bis 18 Jahren. Die Schüler haben verschiedene Lehrer und Fächer wie Mathematik, Englisch, Naturwissenschaften, Sport und Geschichte. Sie bereiten sich auf eine Abschlussprüfung namens Baccalauréat vor.","Franciaországban a 14–18 éves fiatalok ebbe az iskolába járnak. Különböző tanáraik és tantárgyaik vannak, például matematika, angol, természettudomány, sport és történelem. Egy záróvizsgára készülnek, amelynek neve baccalauréat.","O școală din Franța pentru adolescenți cu vârste între 14 și 18 ani. Elevii au profesori diferiți și studiază materii precum matematica, engleza, științele, sportul și istoria. Se pregătesc pentru un examen final numit bacalaureat.","مدرسة في فرنسا للمراهقين من عمر 14 إلى 18 عامًا. لدى الطلاب معلمون ومواد مختلفة، مثل الرياضيات والإنجليزية والعلوم والرياضة والتاريخ. يستعدون لامتحان نهائي يُسمى البكالوريا."
"egg_vendor",8827921455112216,"Egg Vendor","Vendedor de huevos","Venditore di uova","Le vendeur d'œufs","Sprzedawca jajek","Продавець яєць","Поставщик яиц","Eierverkäufer","Tojásárus","Vânzător de ouă","بائع البيض"
"egg_vendor.desc",8827921455112217,"A person who sells eggs.","Una persona que vende huevos.","Una persona che vende uova.","Une personne qui vend des œufs.","Osoba sprzedająca jajka.","Людина, яка продає яйця.","Человек, который продает яйца.","Eine Person, die Eier verkauft.","Egy személy, aki tojást árul.","O persoană care vinde ouă.","الشخص الذي يبيع البيض."
"eggs",8827921455112218,"Eggs","Huevos","Uova","un oeuf","Jajka","Яйця","Яйца","Eier","Tojás","ouă","بيض"
"eggs.desc",8827921455112219,"Food from chickens used for baking and cooking.","Alimento de gallinas utilizado para hornear y cocinar.","Cibo ricavato dai polli e utilizzato per cucinare e cuocere al forno.","C'est la poule qui pond les oeufs. L'oeuf est utilisé pour cuisiner et faire de la pâtisserie.","Znoszą je kury. Używamy do pieczenia i gotowania.","Корм з курей, який використовується для запікання та варіння.","Продукты из кур, используемые для выпечки и приготовления блюд.","Lebensmittel von Hühnern zum Backen und Kochen.","Sütéshez és főzéshez használt csirkékből származó táplálék.","Alimente de la pui folosite pentru coacere și gătit.","طعام من الدجاج يستخدم في الخبز والطبخ."
"eiffel_tower",8827921455112220,"Eiffel Tower","Torre Eiffel","Torre Eiffel","La Tour Eiffel","Wieża Eiffla","Ейфелева вежа","Эйфелева башня","Eiffelturm","Eiffel-torony","Turnul Eiffel","برج إيفل"
"eiffel_tower_elevators",8827921455112222,"Eiffel Tower Elevators","Ascensores de la Torre Eiffel","Ascensori della Torre Eiffel","Les ascenseurs de la Tour Eiffel","Windy Wieży Eiffla","Ліфти Ейфелевої вежі","Лифты Эйфелевой башни","Eiffelturm-Aufzüge","Eiffel-torony liftek","Lifturi din Turnul Eiffel","مصاعد برج إيفل"
"eiffel_tower_elevators.desc",8827921455112223,"Lifts that take visitors up the iron tower.","Ascensores que llevan a los visitantes a la torre de hierro.","Ascensori che portano i visitatori sulla torre di ferro.","Les ascenseurs emmènent les visiteurs en haut de la tour Eiffel.","Windy, którymi zwiedzający mogą wjechać na żelazną wieżę.","Ліфти, які піднімають відвідувачів на залізну вежу.","Лифты, поднимающие посетителей на железную башню.","Aufzüge, die Besucher auf den Eisenturm bringen.","Felvonók, amelyek felviszik a látogatókat a vastoronyba.","Lifturi care urcă vizitatorii în turnul de fier.","المصاعد التي تنقل الزوار إلى أعلى البرج الحديدي."
"eiffel_tower_map",8827921455112224,"Eiffel Tower map","Mapa de la Torre Eiffel","Mappa della Torre Eiffel","La carte de la Tour Eiffel","Mapa Wieży Eiffla","Карта Ейфелевої вежі","Карта Эйфелевой башни","Eiffelturm Karte","Eiffel-torony térkép","Harta Turnului Eiffel","خريطة برج إيفل"
"eiffel_tower_map.desc",8827921455112225,"A map that shows where the famous tall tower in Paris is located.","Un mapa que muestra dónde se encuentra la famosa torre alta de París.","Una mappa che mostra dove si trova la famosa torre alta di Parigi.","Cette carte indique où se trouve la célèbre tour de Paris, appelée la Tour Eiffel.","Mapa pokazująca lokalizację słynnej wysokiej wieży w Paryżu.","Карта, яка показує, де розташована знаменита висока вежа в Парижі.","Карта, показывающая, где находится знаменитая высокая башня в Париже.","Eine Karte, die zeigt, wo sich der berühmte hohe Turm in Paris befindet.","Egy térkép, amely megmutatja, hol található a híres párizsi magas torony.","O hartă care arată unde se află faimosul turn înalt din Paris.","خريطة توضح مكان وجود البرج الطويل الشهير في باريس."
"eiffel_tower_ticket",8827921455112226,"Eiffel Tower ticket","Entrada a la Torre Eiffel","biglietto per la Torre Eiffel","Le billet pour la Tour Eiffel.","Bilet na Wieżę Eiffla","Квиток на Ейфелеву вежу","Билет на Эйфелеву башню","Ticket für den Eiffelturm","Eiffel-torony jegy","Bilet la Turnul Eiffel","تذكرة برج إيفل"
"eiffel_tower_ticket.desc",8827921455112227,"A special paper that lets you visit the famous tall tower in Paris, France.","Un documento especial que te permite visitar la famosa torre alta de París, Francia.","Una carta speciale che ti consente di visitare la famosa torre alta di Parigi, in Francia.","Ce billet permet de visiter la célèbre tour de Paris, la Tour Eiffel.","Specjalny dokument umożliwiający odwiedzenie słynnej wysokiej wieży w Paryżu, we Francji.","Спеціальний папір, який дозволяє відвідати знамениту високу вежу в Парижі, Франція.","Специальная бумага, которая позволит вам посетить знаменитую высокую башню в Париже, Франция.","Eine besondere Zeitung, mit der Sie den berühmten hohen Turm in Paris, Frankreich, besuchen können.","Egy speciális papír, amely lehetővé teszi, hogy meglátogassa a híres magas tornyot Párizsban, Franciaországban.","O hârtie specială care vă permite să vizitați celebrul turn înalt din Paris, Franța.","صحيفة خاصة تسمح لك بزيارة البرج الطويل الشهير في باريس، فرنسا."
"eiffel_tower.desc",8827921455112221,"A tall tower and a symbol of Paris. It's made of iron and is 300 meters talll. You can go up and see the whole city.","Una torre alta, símbolo de París. Está hecha de hierro y mide 300 metros. Puedes subir y ver toda la ciudad.","Un'alta torre, simbolo di Parigi. È fatta di ferro e alta 300 metri. È possibile salire e ammirare l'intera città.","C'est le symbole de Paris. Construite en fer, elle mesure 300 mètres de haut. En haut, on peut admirer toute la ville de Paris.","Wysoka wieża i symbol Paryża. Jest wykonana z żelaza i ma 300 metrów wysokości. Można na nią wejść i zobaczyć całe miasto.","Висока вежа і символ Парижа. Він зроблений із заліза і має 300 метрів у висоту. Можна піднятися і побачити все місто.","Высокая башня, символ Парижа. Она сделана из железа и достигает высоты 300 метров. Поднявшись на неё, можно увидеть весь город.","Ein hoher Turm und ein Wahrzeichen von Paris. Er ist aus Eisen und 300 Meter hoch. Von dort aus hat man einen herrlichen Blick auf die ganze Stadt.","Magas torony és Párizs jelképe. Vasból készült és 300 méter magas. Felmehetsz és megnézheted az egész várost.","Un turn înalt și un simbol al Parisului. Este din fier și are o înălțime de 300 de metri. Poți urca și vezi întreg orașul.","برجٌ شاهق، رمزٌ لباريس. مصنوعٌ من الحديد، ويبلغ ارتفاعه 300 متر. يُمكنك الصعود إليه ورؤية المدينة بأكملها."
"elementary_maths",16699856507625472,"Eleementary Maths","Matemáticas de primaria","Matematica elementare","Mathématiques élémentaires","Matematyka podstawowa","Елементарна математика","Элементарная математика","Elementare Mathematik","Elemi matematika","Matematică elementară","الرياضيات الابتدائية"
"elementary_maths.desc",16699856507625473,"Numbers and shapes for everyday life: counting, adding and subtracting, simple fractions, measuring, telling time, and using money.","Números y formas para la vida cotidiana: contar, sumar y restar, fracciones simples, medir, decir la hora y usar el dinero.","Numeri e forme per la vita di tutti i giorni: contare, addizionare e sottrarre, frazioni semplici, misurare, leggere l'ora e usare il denaro.","Chiffres et formes de la vie quotidienne : compter, additionner et soustraire, fractions simples, mesurer, lire l'heure et utiliser l'argent.","Liczby i kształty potrzebne w codziennym życiu: liczenie, dodawanie, odejmowanie, proste ułamki, mierzenie, określanie czasu i korzystanie z pieniędzy.","Числа та фігури для повсякденного життя: рахунок, додавання та віднімання, прості дроби, вимірювання, визначення часу та використання грошей.","Числа и фигуры для повседневной жизни: счет, сложение и вычитание, простые дроби, измерение, определение времени и использование денег.","Zahlen und Formen für den Alltag: Zählen, Addieren und Subtrahieren, einfache Brüche, Messen, Uhrzeit angeben und mit Geld umgehen.","Számok és alakzatok a mindennapi élethez: számolás, összeadás és kivonás, egyszerű törtek, mérés, időmondás és pénzhasználat.","Numere și forme pentru viața de zi cu zi: numărare, adunare și scădere, fracții simple, măsurare, a spune timpul și folosirea banilor.","الأرقام والأشكال للحياة اليومية: العد، والجمع والطرح، والكسور البسيطة، والقياس، وإخبار الوقت، واستخدام النقود."
"eyepiece",8827921455112228,"Eyepiece","Ocular","Oculare","Oculaire","Okular","Окуляр","Окуляр","Okular","Szemlencse","Ocular","عدسة العين"
"eyepiece.desc",8827921455112229,"The small lens you look through on a telescope.","La pequeña lente a través de la cual miramos en un telescopio.","La piccola lente attraverso cui si guarda in un telescopio.","La petite lentille à travers laquelle vous regardez sur un télescope.","Mała soczewka, przez którą patrzysz w teleskopie.","Маленька лінза, через яку ви дивитесь у телескоп.","Маленькая линза, через которую вы смотрите в телескоп.","Die kleine Linse, durch die Sie in einem Teleskop schauen.","A kis lencse, amin keresztül nézel egy távcsőn.","Micul obiectiv prin care privești cu un telescop.","العدسة الصغيرة التي تنظر من خلالها في التلسكوب."
"feathered_hat",8827921455112230,"Feathered Hat","Sombrero de plumas","Cappello piumato","Chapeau à plumes","Kapelusz z piórami","Капелюх з пір'ям","Пернатая шляпа","Federhut","Tollas kalap","Pălărie cu pene","قبعة ريشية"
"feathered_hat.desc",8827921455112231,"A fine hat with a feather for style.","Un sombrero fino con una pluma que le da estilo.","Un bel cappello con una piuma per un tocco di stile.","Un beau chapeau avec une plume pour le style.","Elegancki kapelusz ze stylowym piórkiem.","Витончений капелюшок з пір'ям для стилю.","Изящная шляпа с пером для создания стиля.","Ein edler Hut mit einer Feder für den Stil.","Finom kalap tollal a stílusért.","O pălărie fină cu o penă pentru stil.","قبعة جميلة مع ريشة لإضافة لمسة من الأناقة."
"fisherman",8827921459306496,"Fisherman","Pescador","Pescatore","Pêcheur","Rybak","Рибалка","Рыбак","Fischer","Halász","Pescar","صياد السمك"
"fisherman.desc",8827921459306497,"A person who catches fish at sea.","Una persona que captura peces en el mar.","Persona che pesca in mare.","Une personne qui attrape du poisson en mer.","Osoba łowiąca ryby w morzu.","Людина, яка ловить рибу в морі.","Человек, который ловит рыбу в море.","Eine Person, die im Meer Fische fängt.","Olyan személy, aki halat fog a tengeren.","O persoană care prinde pește în mare.","الشخص الذي يصطاد الأسماك في البحر."
"fishing_net",8827921459306498,"Fishing Net","Red de pesca","Rete da pesca","Filet de pêche","Sieć rybacka","Рибальська сітка","Рыболовная сеть","Fischernetz","Halászháló","Plasă de pescuit","شبكة صيد السمك"
"fishing_net.desc",8827921459306499,"A net used to catch fish.","Una red utilizada para atrapar peces.","Una rete usata per catturare i pesci.","Un filet utilisé pour attraper du poisson.","Sieć służąca do połowu ryb.","Сітка для лову риби.","Сеть, используемая для ловли рыбы.","Ein Netz zum Fangen von Fischen.","Halfogásra használt háló.","O plasă folosită pentru a prinde pește.","شبكة تستخدم لصيد الأسماك."
"flag_andorra",7717548270280719,"Flag of Andorra","Bandera de Andorra","Bandiera di Andorra","Drapeau d'Andorre","Flaga Andory","Прапор Андорри","Флаг Андорры","Flagge Andorras","Andorra zászlaja","Steagul Andorrei","علم أندورا"
"flag_andorra.desc",7717548270280720,"The flag of Andorra has blue, yellow, and red stripes with a coat of arms in the middle. Andorra is a tiny country between France and Spain.","La bandera de Andorra tiene franjas azules, amarillas y rojas con un escudo de armas en el centro. Andorra es un pequeño país entre Francia y España.","La bandiera di Andorra è composta da strisce blu, gialle e rosse con uno stemma al centro. Andorra è un piccolo stato tra Francia e Spagna.","Le drapeau d'Andorre est composé de bandes bleues, jaunes et rouges, avec un blason au centre. Andorre est un petit pays situé entre la France et l'Espagne.","Flaga Andory ma niebieskie, żółte i czerwone pasy z herbem pośrodku. Andora to malutkie państwo położone między Francją a Hiszpanią.","Прапор Андорри має синю, жовту та червону смуги з гербом посередині. Андорра - це маленька країна між Францією та Іспанією.","Флаг Андорры состоит из полос синего, жёлтого и красного цветов, а посередине изображён герб. Андорра — крошечное государство между Францией и Испанией.","Die Flagge Andorras hat blaue, gelbe und rote Streifen mit einem Wappen in der Mitte. Andorra ist ein kleines Land zwischen Frankreich und Spanien.","Andorra zászlaja kék, sárga és piros csíkokkal, közepén címerrel. Andorra egy kis ország Franciaország és Spanyolország között.","Steagul Andorrei are dungi albastre, galbene și roșii cu o stemă în mijloc. Andorra este o țară mică între Franța și Spania.","يتألف علم أندورا من خطوط زرقاء وصفراء وحمراء، ويتوسطه شعار النبالة. أندورا دولة صغيرة تقع بين فرنسا وإسبانيا."
"flag_belarus",7717548270280721,"Flag of Belarus","Bandera de Bielorrusia","Bandiera della Bielorussia","Drapeau de la Biélorussie","Flaga Białorusi","Прапор Білорусі","Флаг Беларуси","Flagge von Belarus","Fehéroroszország zászlaja","Steagul Belarusului","علم بيلاروسيا"
"flag_belarus.desc",7717548270280722,"The flag of Belarus has red and green horizontal stripes with beautiful traditional patterns on the side. Belarus is Poland's neighbor.","La bandera de Bielorrusia tiene franjas horizontales rojas y verdes con hermosos motivos tradicionales en los laterales. Bielorrusia es vecino de Polonia.","La bandiera della Bielorussia presenta strisce orizzontali rosse e verdi con splendidi motivi tradizionali sui lati. La Bielorussia è uno stato vicino alla Polonia.","Le drapeau de la Biélorussie est composé de bandes horizontales rouges et vertes, ornées de magnifiques motifs traditionnels sur les côtés. La Biélorussie est voisine de la Pologne.","Flaga Białorusi ma poziome czerwone i zielone pasy z pięknymi, tradycyjnymi wzorami po bokach. Białoruś jest sąsiadem Polski.","Прапор Білорусі має червоно-зелену горизонтальну смугу з красивими традиційними візерунками збоку. Білорусь є сусідом Польщі.","Флаг Беларуси представляет собой полотнище с красными и зелёными горизонтальными полосами и красивыми традиционными узорами по бокам. Беларусь — сосед Польши.","Die Flagge von Weißrussland hat horizontale rote und grüne Streifen mit schönen traditionellen Mustern an den Seiten. Weißrussland ist Polens Nachbarland.","Fehéroroszország zászlaja piros és zöld vízszintes csíkokkal, gyönyörű hagyományos mintákkal az oldalán. Fehéroroszország Lengyelország szomszédja.","Steagul Belarusului are dungi orizontale roșii și verzi cu modele tradiționale frumoase pe lateral. Belarus este vecinul Poloniei.","علم بيلاروسيا مُزيّن بخطوط أفقية حمراء وخضراء، مع نقوش تقليدية جميلة على الجانبين. بيلاروسيا جارة بولندا."
"flag_belgium",7717548270280723,"Flag of Belgium","Bandera de Bélgica","Bandiera del Belgio","Drapeau de la Belgique","Flaga Belgii","Прапор Бельгії","Флаг Бельгии","Flagge von Belgien","Belgium zászlaja","Steagul Belgiei","علم بلجيكا"
"flag_belgium.desc",7717548270280724,"The flag of Belgium has three vertical stripes: black, yellow, and red. Belgium is famous for chocolate and waffles!","La bandera de Bélgica tiene tres franjas verticales: negra, amarilla y roja. ¡Bélgica es famosa por el chocolate y los gofres!","La bandiera del Belgio ha tre strisce verticali: nera, gialla e rossa. Il Belgio è famoso per il cioccolato e i waffle!","Le drapeau belge comporte trois bandes verticales : noire, jaune et rouge. La Belgique est célèbre pour son chocolat et ses gaufres !","Flaga Belgii ma trzy pionowe pasy: czarny, żółty i czerwony. Belgia słynie z czekolady i gofrów!","Прапор Бельгії має три вертикальні смуги: чорну, жовту і червону. Бельгія славиться шоколадом і вафлями!","Флаг Бельгии состоит из трёх вертикальных полос: чёрной, жёлтой и красной. Бельгия славится шоколадом и вафлями!","Die Flagge Belgiens hat drei vertikale Streifen: Schwarz, Gelb und Rot. Belgien ist berühmt für Schokolade und Waffeln!","Belgium zászlaja három függőleges csíkkal rendelkezik: fekete, sárga és piros. Belgium híres a csokoládéról és a gofriról!","Steagul Belgiei are trei dungi verticale: negru, galben și roșu. Belgia este renumită pentru ciocolată și vafe!","علم بلجيكا مُكوّن من ثلاثة خطوط عمودية: الأسود والأصفر والأحمر. تشتهر بلجيكا بالشوكولاتة والوافل!"
"flag_czech_republic",16699856507625474,"Flag of Czech Republic","Bandera de la República Checa","Bandiera della Repubblica Ceca","Drapeau de la République tchèque","Flaga Republiki Czeskiej","Прапор Чехії","Флаг Чешской Республики","Flagge der Tschechischen Republik","Csehország zászlaja","Steagul Republicii Cehe","علم جمهورية التشيك"
"flag_czech_republic.desc",16699856507625475,"The flag has white and red stripes with a blue triangle. The Czech Republic is famous for beautiful Prague castle and crystal glass.","La bandera tiene franjas blancas y rojas con un triángulo azul. La República Checa es famosa por su hermoso Castillo de Praga y su cristal.","La bandiera è a strisce bianche e rosse con un triangolo blu. La Repubblica Ceca è famosa per il suo splendido Castello di Praga e per la produzione di cristalli.","Le drapeau est composé de bandes blanches et rouges avec un triangle bleu. La République tchèque est célèbre pour son magnifique château de Prague et sa cristallerie.","Flaga ma biały i czerwony pas oraz niebieski trójkąt. Czechy słyną z Zamku Praskiego i kryształowego szkła.","Прапор має біло-червону смугу з синім трикутником. Чехія славиться прекрасним Празьким Градом і кришталевим склом.","Флаг состоит из бело-красных полос и синего треугольника. Чешская Республика славится прекрасным Пражским Градом и хрусталем.","Die Flagge hat weiße und rote Streifen mit einem blauen Dreieck. Die Tschechische Republik ist berühmt für ihre wunderschöne Prager Burg und ihr Kristallglas.","A zászló fehér és piros csíkokkal, kék háromszöggel. Csehország a gyönyörű prágai várról és a kristályüvegről híres.","Steagul are dungi albe și roșii cu un triunghi albastru. Republica Cehă este renumită pentru frumosul castel din Praga și sticla de cristal.","العلم مُخطط باللونين الأبيض والأحمر مع مثلث أزرق. تشتهر جمهورية التشيك بقلعة براغ الجميلة وزجاجها الكريستالي."
"flag_france",7717548270280727,"Flag of France","Bandera de Francia","Bandiera della Francia","Le drapeau de la France","Flaga Francji","Прапор Франції","Флаг Франции","Flagge von Frankreich","Franciaország zászlaja","Steagul Franței","علم فرنسا"
"flag_france.desc",7717548270280728,"The French flag has three vertical colors: blue, white, and red.","La bandera francesa tiene tres colores verticales: azul, blanco y rojo.","La bandiera francese ha tre colori verticali: blu, bianco e rosso.","Le drapeau français comporte 3 couleurs verticales: le bleu, le blanc, et le rouge.","Flaga francuska ma trzy pionowe kolory: niebieski, biały i czerwony.","Французький прапор має три вертикальні кольори: синій, білий та червоний.","Французский флаг имеет три вертикальных цвета: синий, белый и красный.","Die französische Flagge hat drei vertikale Farben: blau, weiß und rot.","A francia zászlónak három függőleges színe van: kék, fehér és piros.","Drapelul francez are trei culori verticale: albastru, alb și roșu.","يتكون العلم الفرنسي من ثلاثة ألوان عمودية: الأزرق والأبيض والأحمر."
"flag_germany",7717548270280729,"Flag of Germany","Bandera de Alemania","Bandiera della Germania","Drapeau de l'Allemagne","Flaga Niemiec","Прапор Німеччини","Флаг Германии","Flagge Deutschlands","Németország zászlaja","Steagul Germaniei","علم ألمانيا"
"flag_germany.desc",7717548270280730,"The flag of Germany has three horizontal stripes: black, red, and yellow. Germany is famous for cars, castles, and fairy tales!","La bandera de Alemania tiene tres franjas horizontales: negra, roja y amarilla. ¡Alemania es famosa por sus coches, castillos y cuentos de hadas!","La bandiera della Germania ha tre strisce orizzontali: nera, rossa e gialla. La Germania è famosa per le automobili, i castelli e le fiabe!","Le drapeau allemand comporte trois bandes horizontales : noire, rouge et jaune. L'Allemagne est célèbre pour ses voitures, ses châteaux et ses contes de fées !","Flaga Niemiec ma trzy poziome pasy: czarny, czerwony i żółty. Niemcy słyną z samochodów, zamków i bajek!","Прапор Німеччини має три горизонтальні смуги: чорну, червону і жовту. Німеччина славиться автомобілями, замками та казками!","Флаг Германии состоит из трёх горизонтальных полос: чёрной, красной и жёлтой. Германия славится автомобилями, замками и сказками!","Die Flagge Deutschlands hat drei horizontale Streifen: Schwarz, Rot und Gelb. Deutschland ist berühmt für Autos, Schlösser und Märchen!","Németország zászlaja három vízszintes csíkkal rendelkezik: fekete, piros és sárga. Németország híres az autókról, a kastélyokról és a mesékről!","Steagul Germaniei are trei dungi orizontale: negru, roșu și galben. Germania este renumită pentru mașini, castele și basme!","علم ألمانيا بثلاثة خطوط أفقية: أسود، أحمر، وأصفر. تشتهر ألمانيا بالسيارات والقلاع والحكايات الخرافية!"
"flag_italy",7717548270280731,"Flag of Italy","Bandera de Italia","Bandiera dell'Italia","Le drapeau de l'Italie","Flaga Włoch","Прапор Італії","Флаг Италии","Flagge von Italien","Olaszország zászlaja","Steagul Italiei","علم إيطاليا"
"flag_italy.desc",7717548270280732,"The Italian flag has three vertical stripes: green, white and red. Like the basil, mozzarella and tomato on a pizza.","La bandera de Italia tiene tres franjas verticales: verde, blanca y roja. ¡Los colores recuerdan a la albahaca, la mozzarella y los tomates en la pizza!","La bandiera italiana ha tre strisce verticali: verde, bianco e rosso. I colori ricordano il basilico, la mozzarella e i pomodori sulla pizza!","Le drapeau italien a 3 lignes verticales: verte, blanche et rouge, comme le basilic, la mozzarella et la tomate sur la pizza.","Flaga Włoch ma trzy pionowe pasy: zielony, biały i czerwony. Kolory te przypominają bazylię, mozzarellę i pomidory na pizzy!","Прапор Італії має три вертикальні смуги: зелену, білу і червону. Кольори схожі на базилік, моцарелу та помідори на піці!","Флаг Италии состоит из трёх вертикальных полос: зелёной, белой и красной. Цвета напоминают базилик, моцареллу и помидоры на пицце!","Die Flagge Italiens hat drei vertikale Streifen: Grün, Weiß und Rot. Die Farben sehen aus wie Basilikum, Mozzarella und Tomaten auf einer Pizza!","Olaszország zászlaja három függőleges csíkkal rendelkezik: zöld, fehér és piros. A színek úgy néznek ki, mint a bazsalikom, a mozzarella és a paradicsom a pizzán!","Steagul Italiei are trei dungi verticale: verde, alb și roșu. Culorile arată ca busuioc, mozzarella și roșii pe pizza!","علم إيطاليا بثلاثة خطوط عمودية: الأخضر والأبيض والأحمر. ألوانها تشبه الريحان والموزاريلا والطماطم على البيتزا!"
"flag_lithuania",7717548270280733,"Flag of Lithuania","Bandera de Lituania","Bandiera della Lituania","Drapeau de la Lituanie","Flaga Litwy","Прапор Литви","Флаг Литвы","Flagge Litauens","Litvánia zászlaja","Steagul Lituaniei","علم ليتوانيا"
"flag_lithuania.desc",7717548270280734,"The flag has yellow, green, and red horizontal stripes. Lithuania is a Baltic country with beautiful forests and beaches.","La bandera tiene franjas horizontales amarillas, verdes y rojas. Lituania es un país báltico con hermosos bosques y playas.","La bandiera ha strisce orizzontali gialle, verdi e rosse. La Lituania è un paese baltico con splendide foreste e spiagge.","Le drapeau est composé de bandes horizontales jaunes, vertes et rouges. La Lituanie est un pays balte doté de magnifiques forêts et plages.","Flaga ma poziome pasy w kolorze żółtym, zielonym i czerwonym. Litwa to kraj bałtycki z pięknymi lasami i plażami.","Прапор має жовті, зелені та червоні горизонтальні смуги. Литва — балтійська країна з прекрасними лісами та пляжами.","Флаг имеет горизонтальные полосы желтого, зеленого и красного цветов. Литва — балтийская страна с прекрасными лесами и пляжами.","Die Flagge hat gelbe, grüne und rote horizontale Streifen. Litauen ist ein baltisches Land mit wunderschönen Wäldern und Stränden.","A zászló sárga, zöld és piros vízszintes csíkokból áll. Litvánia egy balti ország gyönyörű erdőkkel és strandokkal.","Steagul are dungi orizontale galbene, verzi și roșii. Lituania este o țară baltică cu păduri și plaje frumoase.","يتألف العلم من خطوط أفقية صفراء وخضراء وحمراء. ليتوانيا دولة تقع على بحر البلطيق، وتتميز بغاباتها وشواطئها الخلابة."
"flag_luxembourg",7717548270280735,"Flag of Luxembourg","Bandera de Luxemburgo","Bandiera del Lussemburgo","Le drapeau du Luxembourg","Flaga Luksemburga","Прапор Люксембургу","Флаг Люксембурга","Flagge von Luxemburg","Luxemburg zászlaja","Steagul Luxemburgului","علم لوكسمبورغ"
"flag_luxembourg.desc",7717548270280736,"The flag of Luxembourg has red, white, and light blue horizontal stripes. Luxembourg is a very small country that speaks three languages!","La bandera de Luxemburgo tiene franjas horizontales rojas, blancas y celestes. ¡Luxemburgo es un país muy pequeño que habla tres idiomas!","La bandiera del Lussemburgo è a strisce orizzontali rosse, bianche e azzurre. Il Lussemburgo è un paese molto piccolo in cui si parlano tre lingue!","Le drapeau du Luxembourg a des lignes rouges, blanches et bleu clair. Le Luxembourg est un tout petit pays qui parle trois 3 langues!","Flaga Luksemburga ma poziome pasy w kolorze czerwonym, białym i jasnoniebieskim. Luksemburg to bardzo mały kraj, w którym mówi się trzema językami!","Прапор Люксембургу має червону, білу та світло-блакитну горизонтальні смуги. Люксембург – дуже маленька країна, де говорять трьома мовами!","Флаг Люксембурга состоит из красных, белых и светло-голубых горизонтальных полос. Люксембург — очень маленькая страна, говорящая на трёх языках!","Die Flagge Luxemburgs hat horizontale Streifen in Rot, Weiß und Hellblau. Luxemburg ist ein sehr kleines Land, in dem drei Sprachen gesprochen werden!","Luxemburg zászlaja piros, fehér és világoskék vízszintes csíkokkal rendelkezik. Luxemburg egy nagyon kicsi ország, amely három nyelven beszél!","Steagul Luxemburgului are dungi orizontale roșii, albe și albastre deschise. Luxemburg este o țară foarte mică, care vorbește trei limbi!","علم لوكسمبورغ مُكوّن من خطوط أفقية حمراء وبيضاء وزرقاء فاتحة. لوكسمبورغ دولة صغيرة جدًا تتحدث ثلاث لغات!"
"flag_monaco",7717548270280737,"Flag of Monaco","Bandera de Mónaco","Bandiera di Monaco","Drapeau de Monaco","Flaga Monako","Прапор Монако","Флаг Монако","Flagge von Monaco","Monaco zászlaja","Steagul Monaco","علم موناكو"
"flag_monaco.desc",7717548270280738,"The flag of Monaco has red and white horizontal stripes. Monaco is tiny but famous for fancy cars and royal palaces by the sea!","La bandera de Mónaco tiene franjas horizontales rojas y blancas. Mónaco es pequeño, pero famoso por sus coches de lujo y sus palacios reales junto al mar.","La bandiera di Monaco è a strisce orizzontali rosse e bianche. Monaco è piccola ma famosa per le sue auto di lusso e i palazzi reali sul mare!","Le drapeau de Monaco est composé de bandes horizontales rouges et blanches. Monaco est une petite ville, mais célèbre pour ses voitures de luxe et ses palais royaux en bord de mer !","Flaga Monako ma poziome czerwone i białe pasy. Monako jest malutkie, ale słynie z luksusowych samochodów i królewskich pałaców nad morzem.","Прапор Монако має червоно-білі горизонтальні смуги. Монако маленьке, але славиться модними автомобілями та королівськими палацами на березі моря!","Флаг Монако состоит из красно-белых горизонтальных полос. Монако — крошечное государство, но славится роскошными автомобилями и королевскими дворцами у моря!","Die Flagge von Monaco hat horizontale rote und weiße Streifen. Monaco ist klein, aber berühmt für schicke Autos und königliche Paläste am Meer!","Monaco zászlaja piros és fehér vízszintes csíkokkal rendelkezik. Monaco kicsi, de híres a díszes autókról és a tenger melletti királyi palotákról!","Steagul Monaco are dungi orizontale roșii și albe. Monaco este mic, dar faimos pentru mașinile de lux și palatele regale de lângă mare!","علم موناكو مُكوّن من خطوط أفقية حمراء وبيضاء. موناكو صغيرة، لكنها تشتهر بسياراتها الفاخرة وقصورها الملكية المطلة على البحر!"
"flag_poland",7717548270280739,"Flag of Poland","Bandera de Polonia","Bandiera della Polonia","Drapeau de la Pologne","Flaga Polski","Прапор Польщі","Флаг Польши","Flagge Polens","Lengyelország zászlaja","Steagul Poloniei","علم بولندا"
"flag_poland.desc",7717548270280740,"The flag of Poland has white and red horizontal stripes. Poland is famous for scientists like Copernicus and delicious pierogi!","La bandera de Polonia tiene franjas horizontales blancas y rojas. Polonia es famosa por científicos como Copérnico y sus deliciosos pierogi.","La bandiera della Polonia è a strisce orizzontali bianche e rosse. La Polonia è famosa per scienziati come Copernico e per i deliziosi pierogi!","Le drapeau polonais est orné de bandes horizontales blanches et rouges. La Pologne est célèbre pour ses scientifiques comme Copernic et ses délicieux pierogi !","Flaga Polski ma dwa poziome pasy: biały i czerwony. Polska słynie z naukowców takich jak Kopernik oraz pysznych pierogów.","Прапор Польщі має білу та червону горизонтальні смуги. Польща славиться такими вченими, як Коперник, і смачними п’єрогами!","Флаг Польши состоит из горизонтальных полос белого и красного цветов. Польша славится учёными, такими как Коперник, и вкуснейшими варениками!","Die Flagge Polens hat weiße und rote horizontale Streifen. Polen ist berühmt für Wissenschaftler wie Kopernikus und köstliche Pierogi!","Lengyelország zászlaja fehér és piros vízszintes csíkokkal rendelkezik. Lengyelország híres olyan tudósokról, mint Kopernikusz és a finom pierogi!","Steagul Poloniei are dungi orizontale albe și roșii. Polonia este renumită pentru oameni de știință precum Copernic și pierogi delicioase!","علم بولندا مُخطَّط أفقيًا باللونين الأبيض والأحمر. تشتهر بولندا بعلمائها أمثال كوبرنيكوس وفطائر البيروجي اللذيذة!"
"flag_russia",7717548270280741,"Flag of Russia","Bandera de Rusia","Bandiera della Russia","Drapeau de la Russie","Flaga Rosji","Прапор Росії","Флаг России","Flagge Russlands","Oroszország zászlaja","Steagul Rusiei","علم روسيا"
"flag_russia.desc",7717548270280742,"A flag with white, blue, and red stripes. It represents the country of Russia.","Una bandera con franjas blancas, azules y rojas. Representa a Rusia.","Una bandiera a strisce bianche, blu e rosse. Rappresenta la Russia.","Un drapeau à rayures blanches, bleues et rouges. Il représente la Russie.","Flaga Rosji ma trzy poziome pasy: biały, niebieski i czerwony.","Прапор із білою, синьою та червоною смугами. Він представляє країну Росію.","Флаг с белыми, синими и красными полосами. Он символизирует Россию.","Eine Flagge mit weißen, blauen und roten Streifen. Sie repräsentiert das Land Russland.","Egy zászló fehér, kék és piros csíkokkal. Oroszországot képviseli.","Un steag cu dungi albe, albastre și roșii. Reprezintă țara Rusiei.","علمٌ بخطوط بيضاء وزرقاء وحمراء، يُمثّل دولة روسيا."
"flag_slovakia",7717548270280743,"Flag of Slovakia","Bandera de Eslovaquia","Bandiera della Slovacchia","Drapeau de la Slovaquie","Flaga Słowacji","Прапор Словаччини","Флаг Словакии","Flagge der Slowakei","Szlovákia zászlaja","Steagul Slovaciei","علم سلوفاكيا"
"flag_slovakia.desc",7717548270280744,"A flag with white, blue, and red colors. It represents the country of Slovakia.","Una bandera con los colores blanco, azul y rojo. Representa a Eslovaquia.","Una bandiera con i colori bianco, blu e rosso. Rappresenta la Slovacchia.","Un drapeau aux couleurs blanche, bleue et rouge. Il représente la Slovaquie.","Flaga w kolorach białym, niebieskim i czerwonym. Reprezentuje Słowację.","Прапор білого, синього та червоного кольорів. Він представляє країну Словаччина.","Флаг Словакии, состоящий из белого, синего и красного цветов.","Eine Flagge in den Farben Weiß, Blau und Rot. Sie repräsentiert das Land Slowakei.","Egy zászló fehér, kék és piros színekkel. Szlovákia országát képviseli.","Un steag cu culori alb, albastru și roșu. Reprezintă țara Slovaciei.","علمٌ بالألوان الأبيض والأزرق والأحمر، يُمثّل دولة سلوفاكيا."
"flag_spain",6292376883552256,"Flag of Spain","Bandera de España","Bandiera della Spagna","Drapeau de l'Espagne","Flaga Hiszpanii","Прапор Іспанії","Флаг Испании","Flagge von Spanien","Spanyolország zászlaja","Steagul Spaniei","علم إسبانيا"
"flag_spain.desc",7717548270280745,"The flag of Spain has red and yellow horizontal stripes. These are the colors of the sun and peppers.","La bandera de España tiene franjas horizontales rojas y amarillas. Son los colores del sol y los pimientos.","La bandiera spagnola ha strisce orizzontali rosse e gialle. Sono i colori del sole e dei peperoni.","Le drapeau espagnol est orné de bandes horizontales rouges et jaunes. Ces couleurs évoquent le soleil et les poivrons ! L'Espagne a inventé le flamenco.","Flaga Hiszpanii ma poziome czerwone i żółte pasy. To kolory słońca i papryki.","Прапор Іспанії має червоні та жовті горизонтальні смуги. Це кольори сонця й перцю.","Флаг Испании состоит из красных и жёлтых горизонтальных полос. Это цвета солнца и перца.","Die Flagge Spaniens hat horizontale rote und gelbe Streifen. Das sind die Farben der Sonne und der Paprika.","Spanyolország zászlaján piros és sárga vízszintes csíkok vannak. Ezek a nap és a paprika színei.","Steagul Spaniei are dungi orizontale roșii și galbene. Acestea sunt culorile soarelui și ale ardeilor.","يتكوّن علم إسبانيا من خطوط أفقية حمراء وصفراء. هذه ألوان الشمس والفلفل."
"flag_switzerland",7717548270280746,"Flag of Switzerland","Bandera de Suiza","Bandiera della Svizzera","Drapeau de la Suisse","Flaga Szwajcarii","Прапор Швейцарії","Флаг Швейцарии","Flagge der Schweiz","Svájc zászlaja","Steagul Elveției","علم سويسرا"
"flag_switzerland.desc",7717548270280747,"The flag of Switzerland is red with a white cross in the middle. It looks like a first aid kit! Switzerland is famous for mountains and cheese.","La bandera de Suiza es roja con una cruz blanca en el centro. ¡Parece un botiquín de primeros auxilios! Suiza es famosa por sus montañas y su queso.","La bandiera svizzera è rossa con una croce bianca al centro. Sembra un kit di pronto soccorso! La Svizzera è famosa per le montagne e il formaggio.","Le drapeau suisse est rouge avec une croix blanche au milieu. On dirait une trousse de premiers secours ! La Suisse est célèbre pour ses montagnes et son fromage.","Flaga Szwajcarii: czerwona z białym krzyżem pośrodku. Wygląda jak apteczka pierwszej pomocy! Szwajcaria słynie z gór i sera.","Прапор Швейцарії червоний з білим хрестом посередині. Схоже на аптечку! Швейцарія славиться горами і сиром.","Флаг Швейцарии — красный с белым крестом посередине. Он похож на аптечку! Швейцария славится горами и сыром.","Die Flagge der Schweiz ist rot mit einem weißen Kreuz in der Mitte. Sie sieht aus wie ein Erste-Hilfe-Kasten! Die Schweiz ist berühmt für ihre Berge und ihren Käse.","Svájc zászlaja piros, középen fehér kereszttel. Úgy néz ki, mint egy elsősegély-készlet! Svájc a hegyekről és a sajtokról híres.","Steagul Elveției este roșu cu o cruce albă în mijloc. Arată ca o trusă de prim ajutor! Elveția este renumită pentru munți și brânză.","علم سويسرا أحمر يتوسطه صليب أبيض. يشبه حقيبة إسعافات أولية! تشتهر سويسرا بجبالها وأجبانها."
"flag_ukraine",7717548270280748,"Flag of Ukraine","Bandera de Ucrania","Bandiera dell'Ucraina","Drapeau de l'Ukraine","Flaga Ukrainy","Прапор України","Флаг Украины","Flagge der Ukraine","Ukrajna zászlaja","Steagul Ucrainei","علم أوكرانيا"
"flag_ukraine.desc",7717548270280749,"A flag with blue and yellow colors like the sky and sun. It represents the country of Ukraine.","Una bandera con los colores azul y amarillo, como el cielo y el sol. Representa a Ucrania.","Una bandiera con i colori blu e giallo, come il cielo e il sole. Rappresenta il paese dell'Ucraina.","Un drapeau bleu et jaune, comme le ciel et le soleil. Il représente l'Ukraine.","Flaga w kolorach niebieskim i żółtym, przypominają niebo i słońce. Reprezentuje Ukrainę.","Прапор із синьо-жовтими кольорами, як небо та сонце. Він представляє країну Україну.","Флаг сине-жёлтого цвета, напоминающий цвета неба и солнца. Он представляет страну Украина.","Eine Flagge in den Farben Blau und Gelb wie Himmel und Sonne. Sie repräsentiert das Land Ukraine.","Egy zászló kék és sárga színekkel, mint az ég és a nap. Ukrajna országát képviseli.","Un steag cu culori albastre și galbene precum cerul și soarele. Reprezintă țara Ucrainei.","علمٌ باللونين الأزرق والأصفر، يُجسّد السماء والشمس، ويُمثّل دولة أوكرانيا."
"flying_buttress",8827921459306500,"Flying Buttress","Arbotante volador","Arco rampante","Arc-boutant","Łuk przyporowy","Літаючий контрфорс","Аэрбутан","Strebepfeiler","Repülő támpillér","Contrafortul zburător","الدعامة الطائرة"
"flying_buttress.desc",8827921459306501,"Stone arms outside that help hold up tall walls.","Brazos de piedra en el exterior que ayudan a sostener los altos muros.","Braccia in pietra all'esterno che aiutano a sostenere alte mura.","Bras de pierre à l'extérieur qui aident à soutenir les hauts murs.","Kamienne zewnętrzne ramiona, które pomagają podtrzymywać wysokie mury.","Кам’яні руки зовні, які допомагають тримати високі стіни.","Каменные опоры снаружи, которые помогают поддерживать высокие стены.","Außen befinden sich Steinarme, die hohe Mauern stützen.","Kőkarok kívül, amelyek segítenek megtartani a magas falakat.","Brațe de piatră în exterior care ajută la susținerea pereților înalți.","أذرع حجرية خارجية تساعد على دعم الجدران العالية."
"food_apple",16699856507625476,"Apple","Manzana","Mela","la pomme","Jabłko","Яблуко","Яблоко","Apfel","Alma","Măr","تفاحة"
"food_apple.desc",16699856507625477,"Red, round, and crunchy to bite. A tasty fruit that keeps you strong!","Roja, redonda y crujiente al morder. ¡Una fruta sabrosa que te mantiene fuerte!","Rosso, rotondo e croccante al morso. Un frutto gustoso che ti mantiene forte!","Rouge, rond et croquant sous la dent. Un fruit savoureux qui vous garde en forme !","Czerwone, okrągłe i chrupiące w smaku. To smaczny owoc, który doda ci sił!","Червоний, круглий і хрусткий, щоб кусати. Смачний фрукт, який зміцнює!","Красный, круглый и хрустящий. Вкусный фрукт, который придаст сил!","Rot, rund und knackig zum Reinbeißen. Eine leckere Frucht, die stark macht!","Piros, kerek és ropogós harapnivaló. Ízletes gyümölcs, amely erőt ad!","Roșu, rotund și crocant de mușcat. Un fruct gustos care te ține puternic!","حمراء، مستديرة، ومقرمشة عند العض. فاكهة لذيذة تُقويك!"
"food_baguette",7717548270280750,"French Baguette","Baguette francesa","Baguette francese","la baguette française","Bagietka francuska","Французький багет","Французский багет","Französisches Baguette","Francia bagett","Baguette frantuzesti","خبز الباجيت الفرنسي"
"food_baguette.desc",7717548270280751,"A long, crispy bread that is the most famous food in France. French people buy fresh baguettes every day from the bakery!","Un pan largo y crujiente, el plato más famoso de Francia. ¡Los franceses compran baguettes frescas todos los días en la panadería!","Un pane lungo e croccante, il più famoso in Francia. I francesi comprano baguette fresche ogni giorno dal panettiere!","Un pain long et croustillant, l'aliment le plus célèbre en France. Les Français achètent des baguettes fraîches tous les jours à la boulangerie !","Długi chrupiący chleb. Najsłynniejsze pieczywo w całej Francji. Francuzi codziennie kupują świeże bagietki w piekarni.","Довгий, хрусткий хліб, який є найвідомішою стравою у Франції. Французи щодня купують свіжі багети в пекарні!","Длинный хрустящий хлеб — самая популярная еда во Франции. Французы каждый день покупают свежие багеты в этой пекарне!","Ein langes, knuspriges Brot, das berühmteste Lebensmittel Frankreichs. Die Franzosen kaufen jeden Tag frische Baguettes beim Bäcker!","Hosszú, ropogós kenyér, amely a leghíresebb étel Franciaországban. A franciák minden nap friss bagettet vásárolnak a pékségből!","O pâine lungă, crocantă, care este cea mai cunoscută mâncare din Franța. Francezii cumpără baghete proaspete în fiecare zi de la brutărie!","خبز طويل مقرمش، يُعدّ من أشهر الأطعمة في فرنسا. يشتري الفرنسيون خبز الباجيت الطازج يوميًا من المخبز!"
"food_banana",16699856507625478,"Banana","Banana","Banana","Banane","Banan","Банан","Банан","Banane","Banán","Banană","موز"
"food_banana.desc",16699856507625479,"Soft, yellow, and easy to peel. Full of energy for your day!","Suaves, amarillas y fáciles de pelar. ¡Llenas de energía para tu día!","Morbide, gialle e facili da sbucciare. Un pieno di energia per la tua giornata!","Moelleux, jaunes et faciles à peler. Plein d'énergie pour la journée !","Miękki, żółty i łatwy do obrania. Pełen energii na cały dzień!","М’який, жовтий, легко очищається. Повний енергії на день!","Мягкий, жёлтый и легко чистится. Заряд энергии на весь день!","Weich, gelb und leicht zu schälen. Voller Energie für Ihren Tag!","Puha, sárga és könnyen hámozható. Tele energiával a napodhoz!","Moale, galben și ușor de decojit. Plin de energie pentru ziua ta!","ناعمة، صفراء، وسهلة التقشير. مليئة بالطاقة ليومك!"
"food_bread",7717548270280754,"Bread","Pan","Pane","le pain","Chleb","Хліб","Хлеб","Brot","Kenyér","Pâine","خبز"
"food_bread.desc",7717548270280755,"A yummy food made from flour and water. You can make sandwiches with bread!","Una comida deliciosa hecha con harina y agua. ¡Puedes hacer sándwiches con pan!","Un alimento delizioso a base di farina e acqua. Puoi preparare dei panini con il pane!",,"Pyszne pieczywo z mąki i wody, Z chleba można zrobić kanapki!","Смачна страва з борошна та води. Можна робити бутерброди з хлібом!","Вкусная еда из муки и воды. Можно делать сэндвичи из хлеба!","Ein leckeres Gericht aus Mehl und Wasser. Mit Brot können Sie Sandwiches machen!","Finom étel lisztből és vízből. Készíthetsz szendvicset kenyérrel!","O mâncare delicioasă făcută din făină și apă. Puteți face sandvișuri cu pâine!","طعام شهي مصنوع من الدقيق والماء. يمكنكِ صنع شطائر بالخبز!"
"food_crab",7717548270280756,"Crab","Cangrejo","Granchio","le crabe","Krab","Краб","Краб","Krabbe","Rák","Crab","السلطعون"
"food_crab.desc",7717548274475008,"A sea animal with big claws and a hard shell. Crabs walk sideways on the beach!","Un animal marino con grandes garras y caparazón duro. ¡Los cangrejos caminan de lado en la playa!","Un animale marino con grandi chele e un guscio duro. I granchi camminano di traverso sulla spiaggia!",,"Zwierzę morskie z dużymi szczypcami i twardą skorupą. Kraby chodzą po plaży bokiem!","Морська тварина з великими кігтями і твердим панциром. Краби ходять боком по пляжу!","Морское животное с большими клешнями и твёрдым панцирем. Крабы ходят по пляжу боком!","Ein Meerestier mit großen Scheren und einem harten Panzer. Krabben laufen seitwärts am Strand!","Tengeri állat nagy karmokkal és kemény héjjal. A rákok oldalra járnak a parton!","Un animal marin cu gheare mari și o coajă tare. Racii se plimbă lateral pe plajă!","حيوان بحري ذو مخالب كبيرة وصدفة صلبة. يمشي السرطان جانبيًا على الشاطئ!"
"food_fish",7717548274475009,"Fish","Pez","Pesce","le poisson","Ryba","Риба","Рыба","Fisch","Hal","Peşte","سمكة"
"food_fish.desc",7717548274475010,"An animal that lives and swims in water. Fish have fins and gills to breathe underwater.","Un animal que vive y nada en el agua. Los peces tienen aletas y branquias para respirar bajo el agua.","Un animale che vive e nuota nell'acqua. I pesci hanno pinne e branchie per respirare sott'acqua.",,"Zwierzę żyjące i pływające w wodzie. Ryby mają płetwy i skrzela, które umożliwiają im oddychanie pod wodą.","Тварина, яка живе і плаває у воді. У риби є плавці та зябра, щоб дихати під водою.","Животное, которое живёт и плавает в воде. У рыб есть плавники и жабры, чтобы дышать под водой.","Ein Tier, das im Wasser lebt und schwimmt. Fische haben Flossen und Kiemen, um unter Wasser zu atmen.","Egy állat, amely vízben él és úszik. A halaknak van uszonya és kopoltyúja, hogy a víz alatt lélegezzenek.","Un animal care trăiește și înoată în apă. Peștii au aripioare și branhii pentru a respira sub apă.","حيوان يعيش ويسبح في الماء. للأسماك زعانف وخياشيم للتنفس تحت الماء."
"food_flour",7717548274475011,"Flour","Harina","Farina","la farine","Mąka","Борошно","Мука","Mehl","Liszt","Făină","دقيق"
"food_flour.desc",7717548274475012,"White powder made from wheat that is used to make bread.","Polvo blanco elaborado a partir de trigo que se utiliza para hacer pan.","Polvere bianca ricavata dal grano, utilizzata per fare il pane.","La farine est utilisée principalement pour faire du pain.","Zmielona pszenica, używana do wypieku chleba.","Білий порошок із пшениці, який використовують для приготування хліба.","Белый порошок из пшеницы, используемый для выпечки хлеба.","Weißes Pulver aus Weizen, das zur Brotherstellung verwendet wird.","Búzából készült fehér por, amelyet kenyérkészítéshez használnak.","Pulbere albă din grâu care se folosește la prepararea pâinii.","مسحوق أبيض مصنوع من القمح ويستخدم في صناعة الخبز."
"food_lemon",7717548274475013,"Lemon","Limón","Limone","le citron","Cytryna","Лимон","Лимон","Zitrone","Citrom","Lămâie","ليمون"
"food_lemon.desc",7717548274475014,"It is a yellow fruit.","Es una fruta amarilla.","È un frutto giallo.","C'est un fruit jaune.","Jest to owoc żółty.","Це жовтий плід.","Это жёлтый фрукт.","Es ist eine gelbe Frucht.","Ez egy sárga gyümölcs.","Este un fruct galben.","إنها فاكهة صفراء."
"food_milk",6288487979409408,"Milk","Leche","Latte","le lait","Mleko","молоко","Молоко","Milch","Tej","Lapte","لبن"
"food_milk.desc",7717548274475015,"A white drink that comes from cows. Milk helps your bones and teeth grow strong!","Una bebida blanca de vaca. ¡La leche fortalece los huesos y los dientes!","Una bevanda bianca che proviene dalle mucche. Il latte aiuta a rafforzare ossa e denti!",,"Biały napój pochodzący od krów. Mleko wzmacnia kości i zęby!","Білий напій, отриманий від корів. Молоко зміцнює ваші кістки та зуби!","Белый напиток, получаемый от коровьего молока. Молоко укрепляет кости и зубы!","Ein weißes Getränk, das von Kühen stammt. Milch hilft, Ihre Knochen und Zähne zu stärken!","Egy fehér ital, amely tehenekből származik. A tej segít erősíteni a csontokat és a fogakat!","O băutură albă care provine de la vaci. Laptele vă ajută să vă întărească oasele și dinții!","مشروب أبيض من الأبقار. يُساعد الحليب على تقوية عظامك وأسنانك!"
"food_olive_oil",7717548274475016,"Olive oil","Aceite de oliva","Olio d'oliva","l'huile d'olive","Oliwa z oliwek","Оливкова олія","Оливковое масло","Olivenöl","Olívaolaj","Ulei de măsline","زيت الزيتون"
"food_olive_oil.desc",7717548274475017,"A special oil made from olives. People use it for cooking tasty food.","Un aceite especial elaborado con aceitunas. Se usa para cocinar platos deliciosos.","Un olio speciale ricavato dalle olive. Viene utilizzato per cucinare piatti gustosi.","C'est une huile fabriquée à partir d'olives. On l'utilise pour cuisiner.","Specjalny olej z oliwek, używany do gotowania smacznych potraw.","Спеціальна олія з оливок. Люди використовують його для приготування смачної їжі.","Особое масло из оливок. Его используют для приготовления вкусной еды.","Ein besonderes Öl aus Oliven. Es wird zum Kochen leckerer Gerichte verwendet.","Speciális olajbogyóból készült olaj. Az emberek ízletes ételek elkészítésére használják.","Un ulei special făcut din măsline. Oamenii îl folosesc pentru a găti alimente gustoase.","زيت خاص يُستخرج من الزيتون. يُستخدم لتحضير أطعمة لذيذة."
"food_orange",6288404936384512,"Orange","Naranja","Arancia","l'orange","Pomarańcza","Помаранчевий","Апельсин","Orange","Narancs","Portocale","البرتقالي"
"food_orange.desc",7717548274475018,"A round, orange fruit that tastes sweet and juicy. Oranges have lots of vitamin C!","Una fruta redonda y anaranjada, dulce y jugosa. ¡Las naranjas tienen mucha vitamina C!","Un frutto rotondo e arancione, dal sapore dolce e succoso. Le arance sono ricche di vitamina C!","C'est un fruit de couleur orange.","Okrągły, pomarańczowy owoc, słodki i soczysty. Pomarańcze mają mnóstwo witaminy C!","Круглий помаранчевий фрукт, солодкий і соковитий на смак. В апельсинах багато вітаміну С!","Круглый оранжевый фрукт, сладкий и сочный на вкус. В апельсинах много витамина С!","Eine runde, orangefarbene Frucht, die süß und saftig schmeckt. Orangen enthalten viel Vitamin C!","Kerek, narancssárga gyümölcs, íze édes és lédús. A narancsban sok C-vitamin van!","Un fruct rotund, portocaliu, cu gust dulce și suculent. Portocalele au multă vitamina C!","فاكهة برتقالية مستديرة، حلوة المذاق وعصيرة. البرتقال غني بفيتامين سي!"
"food_pepper_salt",7717548274475019,"Pepper salt","Sal y pimienta","Sale al pepe","Le poivre et le sel","Pieprz i sól","перець сіль","Перец Соль","Pfeffer Salz","Bors Só","Piper Sare","ملح الفلفل"
"food_pepper_salt.desc",7717548274475020,"Spices that make food taste better. Salt is white and pepper is black with tiny pieces.","Especias que mejoran el sabor de la comida. La sal es blanca y la pimienta es negra, con trocitos diminutos.","Spezie che migliorano il sapore del cibo. Il sale è bianco e il pepe è nero, con pezzetti minuscoli.","Le poivre et le sel sont des épices. Les épices donnent du goût aux aliments.","Przyprawy, które poprawiają smak potraw. Sól jest biała, a pieprz czarny i ma drobne kawałki.","Спеції, які покращують смак їжі. Сіль біла, а перець чорний з дрібними шматочками.","Специи, которые улучшают вкус еды. Соль — белая, а перец — чёрный, с мелкими кусочками.","Gewürze, die das Essen schmackhafter machen. Salz ist weiß und Pfeffer ist schwarz mit winzigen Stückchen.","Fűszerek, amelyek jobb ízűvé teszik az ételeket. A só fehér, a bors fekete, apró darabokkal.","Condimentele care fac mâncarea să aibă un gust mai bun. Sarea este albă, iar piperul este negru cu bucăți mici.","بهارات تُحسّن مذاق الطعام. الملح أبيض، والفلفل أسود بقطع صغيرة."
"food_salt",7717548274475023,"Salt","Sal","Sale","Le sel","Sól","Сіль","Соль","Salz","Só","Sare","ملح"
"food_salt.desc",7717548274475024,"White crystals that make food taste better. ","Cristales blancos que hacen que la comida tenga mejor sabor.","Cristalli bianchi che migliorano il sapore del cibo.","C'est une épice qui donne du goût aux liments..","Białe kryształy, które poprawiają smak potraw.","Білі кристали, які покращують смак їжі. ","Белые кристаллы, улучшающие вкус еды.","Weiße Kristalle, die den Geschmack von Speisen verbessern.","Fehér kristályok, amelyek jobb ízűvé teszik az ételeket. ","Cristale albe care fac mâncarea să aibă un gust mai bun. ","بلورات بيضاء تجعل الطعام طعمه أفضل."
"food_tomato",7717548274475025,"The tomato","Tomate","Pomodoro","la tomate","Pomidor","помідор","Помидор","Tomate","Paradicsom","Roșie","طماطم"
"food_tomato.desc",7717548274475026,,,,,,,,,,,
"food_water",7717548274475027,"Water","Agua","Acqua","l'eau","Woda","вода","Вода","Wasser","Víz","Apă","ماء"
"food_water.desc",7717548274475028,"Water is essential for all life","El agua es esencial para toda la vida.","L'acqua è essenziale per tutta la vita",,"Woda jest niezbędna do życia","Вода необхідна для всього життя","Вода необходима для всей жизни","Wasser ist für alles Leben unentbehrlich","A víz minden élethez nélkülözhetetlen","Apa este esențială pentru toată viața","الماء ضروري لجميع أشكال الحياة"
"food_yeast",7717548274475029,"Yeast","Levadura","Lievito","la levure","Drożdże","Дріжджі","Дрожжи","Hefe","Élesztő","Drojdie","خميرة"
"food_yeast.desc",7717548274475030,"Yeast is like magic powder that makes bread soft and tasty!","¡La levadura es como un polvo mágico que hace que el pan sea suave y sabroso!","Il lievito è come una polvere magica che rende il pane morbido e gustoso!","La levure est une poudre qui permet de faire du pain et des gâteaux.","Drożdże to magiczny proszek, który sprawia, że ​​chleb jest miękki i smaczny!","Дріжджі – як чарівний порошок, який робить хліб м’яким і смачним!","Дрожжи – это волшебный порошок, который делает хлеб мягким и вкусным!","Hefe ist wie ein Zauberpulver, das Brot weich und lecker macht!","Az élesztő olyan, mint a varázspor, amely puhává és ízletessé varázsolja a kenyeret!","Drojdia este ca pudra magică care face pâinea moale și gustoasă!","الخميرة هي بمثابة مسحوق سحري يجعل الخبز طريًا ولذيذًا!"
"football_soccer",8827921459306502,"Football (Soccer)","Fútbol (Soccer)","Calcio","le football (soccer)","Piłka nożna","Футбол (Футбол)","Футбол (соккер)","Fußball","Labdarúgás (futball)","Fotbal (fotbal)","كرة القدم"
"football_soccer.desc",8827921459306503,"A team game played with a ball you kick.","Un juego de equipo que se juega con una pelota que se patea.","Un gioco di squadra in cui si calcia una palla.",,"Gra zespołowa, w której kopie się piłkę.","Командна гра з м’ячем, який ви б’єте ногою.","Командная игра, в которой используется мяч, который нужно пинать.","Ein Mannschaftsspiel, das mit einem Ball gespielt wird, den man kickt.","Csapatjáték, amelyet rúgott labdával játszanak.","Un joc de echipă jucat cu o minge pe care o dai cu piciorul.","لعبة جماعية يتم لعبها بالكرة التي تركلها."
"footbridge",8827921459306504,"Footbridge","Puente peatonal","Passerella","Passerelle","Kładka","Пішохідний міст","Пешеходный мост","Steg","Gyaloghíd","pasarela","جسر المشاة"
"footbridge.desc",8827921459306505,"A bridge for people to walk on. No cars.","Un puente para que la gente camine. Sin coches.","Un ponte su cui le persone possono camminare. Niente auto.","Une passerelle est un petit pont. Sur les passerelles, des piétons, vélos et parfois des tramways, bus ou trains peuvent passer.","Mostek, po którym mogą chodzić tylko ludzie. Bez samochodów.","Міст, по якому люди можуть ходити. Без машин.","Мост для пешеходов. Никаких машин.","Eine Brücke, auf der Menschen spazieren gehen können. Keine Autos.","Egy híd, amelyen az emberek sétálhatnak. Nincsenek autók.","Un pod pe care să meargă oamenii. Fără mașini.","جسرٌ للمشي. ممنوع دخول السيارات."
"formal_gardens",8827921459306506,"Formal Gardens","Jardines formales","Giardini formali","Jardins formels","Ogród francuski","Офіційні сади","Формальны сады","Formale Gärten","Formális kertek","Grădinile formale","الحدائق الرسمية"
"formal_gardens.desc",8827921459306507,"Decorative gardens for walking and parties.","Jardines decorativos para pasear y fiestas.","Giardini decorativi per passeggiate e feste.","Jardins décoratifs pour promenades et fêtes.","Ozdobny ogród, w którym można spacerować lub urządzać przyjęcia.","Декоративні сади для прогулянок і вечірок.","Декоративные сады для прогулок и вечеринок.","Dekorative Gärten zum Spazierengehen und Feiern.","Dekoratív kertek sétákhoz és bulikhoz.","Grădini decorative pentru plimbări și petreceri.","حدائق ديكورية للمشي والحفلات."
"fr_figure_circle",7717548274475031,"Circle","Círculo","Cerchio","Cercle","Koło","Коло","Круг","Kreis","Kör","Cerc","دائرة"
"fr_figure_circle.desc",7717548274475032,"A round shape with no corners. Circles look like wheels, balls, and coins!","Una forma redonda sin esquinas. ¡Los círculos parecen ruedas, bolas y monedas!","Una forma rotonda senza angoli. I cerchi sembrano ruote, palline e monete!","Une forme ronde sans coins. Les cercles ressemblent à des roues, des boules et des pièces de monnaie !","Okrągły kształt, bez rogów. Koła wyglądają jak koła samochodu, piłki i monety!","Кругла форма без кутів. Кола схожі на колеса, кульки та монети!","Круглая форма без углов. Круги похожи на колёса, мячи и монеты!","Eine runde Form ohne Ecken. Kreise sehen aus wie Räder, Bälle und Münzen!","Kerek forma sarkok nélkül. A körök úgy néznek ki, mint a kerekek, golyók és érmék!","O formă rotundă, fără colțuri. Cercurile arată ca niște roți, bile și monede!","شكل دائري بلا زوايا. تبدو الدوائر كالعجلات والكرات والعملات المعدنية!"
"fr_figure_line",7717548274475033,"Line","Línea","Linea","Doubler","Linia","лінія","Линия","Linie","Vonal","Linia","خط"
"fr_figure_line.desc",7717548274475034,"A straight mark that goes from one point to another. Lines can be long or short.","Una línea recta que va de un punto a otro. Las líneas pueden ser largas o cortas.","Un segno dritto che va da un punto all'altro. Le linee possono essere lunghe o corte.","Une ligne droite reliant un point à un autre. Les lignes peuvent être longues ou courtes.","Linia prosta, która prowadzi z jednego punktu do drugiego. Linie mogą być długie lub krótkie.","Пряма відмітка, що йде від однієї точки до іншої. Лінії можуть бути довгими або короткими.","Прямая линия, соединяющая одну точку с другой. Линии могут быть длинными или короткими.","Eine gerade Markierung, die von einem Punkt zum anderen führt. Linien können lang oder kurz sein.","Egyenes jel, amely egyik pontból a másikba megy. A vonalak lehetnek hosszúak vagy rövidek.","Un semn drept care merge dintr-un punct în altul. Liniile pot fi lungi sau scurte.","علامة مستقيمة تمتد من نقطة إلى أخرى. قد تكون الخطوط طويلة أو قصيرة."
"fr_figure_triangle",7717548274475035,"Triangle","Triángulo","Triangolo","Triangle","Trójkąt","Трикутник","Треугольник","Dreieck","Háromszög","Triunghi","مثلث"
"fr_figure_triangle.desc",7717548274475036,"A shape with three straight sides and three corners. Triangles look like pizza slices!","Una figura con tres lados rectos y tres esquinas. ¡Los triángulos parecen porciones de pizza!","Una forma con tre lati dritti e tre angoli. I triangoli sembrano fette di pizza!","Une forme à trois côtés droits et trois coins. Les triangles ressemblent à des parts de pizza !","Ma trzy boki i trzy kąty. Trójkąty wyglądają jak kawałki pizzy.","Фігура з трьома прямими сторонами та трьома кутами. Трикутники схожі на шматочки піци!","Фигура с тремя прямыми сторонами и тремя углами. Треугольники похожи на кусочки пиццы!","Eine Form mit drei geraden Seiten und drei Ecken. Dreiecke sehen aus wie Pizzastücke!","Három egyenes oldalú és három sarkú alakzat. A háromszögek úgy néznek ki, mint a pizzaszeletek!","O formă cu trei laturi drepte și trei colțuri. Triunghiurile arată ca felii de pizza!","شكلٌ بثلاثة أضلاع مستقيمة وثلاث زوايا. المثلثات تشبه شرائح البيتزا!"
"french_revolution",8827921459306508,"French Revolution","Revolución Francesa","Rivoluzione francese","Révolution française","Rewolucja francuska","Французька революція","Французская революция","Französische Revolution","francia forradalom","Revoluția Franceză","الثورة الفرنسية"
"french_revolution.desc",8827921459306509,"A time in the 1790s when France changed its government.","Una época en la década de 1790 en la que Francia cambió su gobierno.","Periodo degli anni 1790 in cui la Francia cambiò il suo governo.","Une époque dans les années 1790 où la France a changé de gouvernement.","Okres lat dziewięćdziesiątych XVIII wieku, kiedy we Francji nastąpiła zmiana rządu.","Час у 1790-х роках, коли Франція змінила свій уряд.","Время в 1790-х годах, когда во Франции сменилось правительство.","Eine Zeit in den 1790er Jahren, als Frankreich seine Regierung wechselte.","Az 1790-es években, amikor Franciaország kormányt váltott.","O perioadă din anii 1790 când Franța și-a schimbat guvernul.","فترة في تسعينيات القرن الثامن عشر عندما تغيرت حكومتها في فرنسا."
"french_schools",16699856511819776,"French Schools","Escuelas francesas","Scuole francesi","Les écoles en France","Szkoły francuskie","Французькі школи","Французские школы","Französischschulen","Francia Iskolák","Școli franceze","المدارس الفرنسية"
"french_schools.desc",16699856511819777,"School in France has four main stages. Maternelle is for children aged 3 to 5. École élémentaire is for children aged 6 to 10. It has five grades: CP, CE1, CE2, CM1, and CM2. Collège is for students aged 11 to 14. It has four grades: 6ème, 5ème, 4ème, and 3ème. Lycée is for students aged 15 to 18. It has three grades: 2nde, 1ère, and terminale.","En Francia, la escuela tiene cuatro etapas principales. La maternelle es para niños de 3 a 5 años. La école élémentaire es para niños de 6 a 10 años. Tiene cinco cursos: CP, CE1, CE2, CM1 y CM2. El collège es para estudiantes de 11 a 14 años. Tiene cuatro cursos: 6ème, 5ème, 4ème y 3ème. El lycée es para jóvenes de 15 a 18 años. Tiene tres cursos: 2nde, 1ère y terminale.","In Francia, la scuola ha quattro fasi principali. La maternelle è per i bambini dai 3 ai 5 anni. L'école élémentaire è per i bambini dai 6 ai 10 anni. Ha cinque classi: CP, CE1, CE2, CM1 e CM2. Il collège è per gli studenti dagli 11 ai 14 anni. Ha quattro classi: 6ème, 5ème, 4ème e 3ème. Il lycée è per i ragazzi dai 15 ai 18 anni. Ha tre classi: 2nde, 1ère e terminale.","La scolarité se déroule en 4 grandes étapes. L'école maternelle pour les enfants de 3 à 5 ans. L'école élémentaire de 6 à 10 ans. Il y a 5 classes : CP, CE1, CE2, CM1 et CM2. Le collège de 11 à 14 ans. Il y a 4 classes : 6ème, 5ème, 4ème et 3ème. Le lycée de 15 à 18 ans. Il y a 3 classes : 2nde, 1ère et terminale.","We Francji nauka w szkole dzieli się na cztery główne etapy. Maternelle jest dla dzieci w wieku od 3 do 5 lat. École élémentaire jest dla dzieci w wieku od 6 do 10 lat. Ma pięć klas: CP, CE1, CE2, CM1 i CM2. Collège jest dla uczniów w wieku od 11 do 14 lat. Ma cztery klasy: 6ème, 5ème, 4ème i 3ème. Lycée jest dla młodzieży w wieku od 15 do 18 lat. Ma trzy klasy: 2nde, 1ère i terminale.","У Франції навчання у школі має чотири основні етапи. Maternelle призначена для дітей віком від 3 до 5 років. École élémentaire — для дітей від 6 до 10 років. У ній п'ять класів: CP, CE1, CE2, CM1 і CM2. Collège — для учнів від 11 до 14 років. У ньому чотири класи: 6ème, 5ème, 4ème і 3ème. Lycée — для підлітків від 15 до 18 років. У ньому три класи: 2nde, 1ère і terminale.","Во Франции школьное обучение состоит из четырёх основных этапов. Maternelle предназначена для детей от 3 до 5 лет. École élémentaire — для детей от 6 до 10 лет. В ней пять классов: CP, CE1, CE2, CM1 и CM2. Collège — для учеников от 11 до 14 лет. В нём четыре класса: 6ème, 5ème, 4ème и 3ème. Lycée — для подростков от 15 до 18 лет. В нём три класса: 2nde, 1ère и terminale.","In Frankreich gibt es vier Hauptstufen in der Schule. Die Maternelle ist für Kinder von 3 bis 5 Jahren. Die École élémentaire ist für Kinder von 6 bis 10 Jahren. Sie hat fünf Klassen: CP, CE1, CE2, CM1 und CM2. Das Collège ist für Schülerinnen und Schüler von 11 bis 14 Jahren. Es hat vier Klassen: 6ème, 5ème, 4ème und 3ème. Das Lycée ist für Jugendliche von 15 bis 18 Jahren. Es hat drei Klassen: 2nde, 1ère und terminale.","Franciaországban az iskolának négy fő szakasza van. A maternelle a 3–5 éves gyerekeknek szól. Az école élémentaire a 6–10 éves gyerekeknek szól. Öt osztálya van: CP, CE1, CE2, CM1 és CM2. A collège a 11–14 éves diákoknak szól. Négy osztálya van: 6ème, 5ème, 4ème és 3ème. A lycée a 15–18 éves fiataloknak szól. Három osztálya van: 2nde, 1ère és terminale.","În Franța, școala are patru etape principale. Maternelle este pentru copiii cu vârste între 3 și 5 ani. École élémentaire este pentru copiii cu vârste între 6 și 10 ani. Are cinci clase: CP, CE1, CE2, CM1 și CM2. Collège este pentru elevii cu vârste între 11 și 14 ani. Are patru clase: 6ème, 5ème, 4ème și 3ème. Lycée este pentru adolescenții cu vârste între 15 și 18 ani. Are trei clase: 2nde, 1ère și terminale.","في فرنسا، تتكوّن الدراسة من أربع مراحل رئيسية. مرحلة الماتيرنيل للأطفال من عمر 3 إلى 5 سنوات. والمرحلة الابتدائية للأطفال من عمر 6 إلى 10 سنوات، وفيها خمسة صفوف: CP وCE1 وCE2 وCM1 وCM2. والكلية للطلاب من عمر 11 إلى 14 سنة، وفيها أربعة صفوف: 6ème و5ème و4ème و3ème. والليسيه للمراهقين من عمر 15 إلى 18 سنة، وفيه ثلاثة صفوف: 2nde و1ère وterminale."
"fryderyk_chopin",8827921459306510,"Fryderyk Chopin","Federico Chopin","Fryderyk Chopin","Frédéric Chopin","Fryderyk Chopin","Фридерик Шопен","Фридерик Шопен","Fryderyk Chopin","Fryderyk Chopin","Fryderyk Chopin","فريدريك شوبان"
"fryderyk_chopin.desc",8827921459306511,"A famous piano composer from Poland. He wrote beautiful music that sounds like dancing or telling stories. His music makes people feel happy or sad.","Un famoso compositor de piano polaco. Compuso música hermosa que suena como si bailara o contara historias. Su música hace que la gente se sienta feliz o triste.","Un famoso compositore polacco per pianoforte. Ha scritto musica meravigliosa che sembra danzare o raccontare storie. La sua musica trasmette felicità o tristezza.","Célèbre compositeur polonais pour le piano, il a composé une musique magnifique qui évoque la danse ou les histoires. Sa musique rend les gens heureux ou tristes.","Znany polski kompozytor fortepianowy. Tworzył piękną muzykę, która brzmi jak taniec lub opowiadanie historii. Jego muzyka sprawia, że ​​ludzie czują się szczęśliwi lub smutni.","Відомий фортепіанний композитор із Польщі. Він написав гарну музику, яка звучить як танці чи оповідання. Його музика змушує людей відчувати радість чи сум.","Известный польский композитор-пианист. Он писал прекрасную музыку, которая звучит как танец или рассказ. Его музыка заставляет людей радоваться или грустить.","Ein berühmter Klavierkomponist aus Polen. Er schrieb wunderschöne Musik, die wie Tanzen oder Geschichtenerzählen klingt. Seine Musik macht Menschen glücklich oder traurig.","Híres lengyel zongoraszerző. Gyönyörű zenét írt, amely úgy hangzik, mintha táncolna vagy történeteket mesélne. Zenéje boldoggá vagy szomorúvá teszi az embereket.","Un celebru compozitor de pian din Polonia. A scris muzică frumoasă care sună ca dans sau poveste. Muzica lui îi face pe oameni să se simtă fericiți sau triști.","ملحن بيانو بولندي شهير. ألّف موسيقى رائعة تُشبه الرقص أو سرد القصص. تُشعر الناس بالسعادة أو الحزن."
"gargoyle",8827921459306512,"Gargoyle","Gárgola","Gargoyle","Gargouille","Gargulec","Горгулья","Горгулья","Wasserspeier","Vízköpő","Gargoyle","غارغول"
"gargoyle.desc",8827921459306513,"A funny or scary statue that also works as a rain spout.","Una estatua divertida o aterradora que también funciona como canalón para la lluvia.","Una statua divertente o spaventosa che funziona anche come sgorgatore di pioggia.","Une statue drôle ou effrayante qui fonctionne également comme une gouttière.","Zabawna lub straszna figurka, która pełni również funkcję rynny deszczowej.","Смішна або страшна статуя, яка також працює як дощовик.","Смешная или страшная статуя, которая также выполняет функцию водосточной трубы.","Eine lustige oder gruselige Statue, die auch als Regenrinne dient.","Vicces vagy ijesztő szobor, amely esőcsőként is működik.","O statuie amuzantă sau înspăimântătoare care funcționează și ca gura de ploaie.","تمثال مضحك أو مخيف يعمل أيضًا كمصدر لتدفق المطر."
"gdansk",8827921459306514,"Gdańsk","Gdansk","Danzica","Gdańsk","Gdańsk","Гданськ","Гданьск","Danzig","Gdańsk","Gdańsk","غدانسك"
"gdansk_lighthouse",8827921459306516,"Gdańsk Lighthouse","Faro de Gdansk","Faro di Danzica","Phare de Gdańsk","Latarnia Morska Gdańsk","Гданський маяк","Гданьский маяк","Leuchtturm von Danzig","Gdański világítótorony","Farul Gdańsk","منارة غدانسك"
"gdansk_lighthouse.desc",8827921459306517,"A historic lighthouse that helps ships find the harbor.","Un faro histórico que ayuda a los barcos a encontrar el puerto.","Un faro storico che aiuta le navi a trovare il porto.","Un phare historique qui aide les navires à trouver le port.","Zabytkowa latarnia morska, która pomaga statkom znaleźć port.","Історичний маяк, який допомагає кораблям знаходити гавань.","Исторический маяк, который помогает кораблям находить гавань.","Ein historischer Leuchtturm, der Schiffen hilft, den Hafen zu finden.","Történelmi világítótorony, amely segít a hajóknak megtalálni a kikötőt.","Un far istoric care ajută navele să găsească portul.","منارة تاريخية تساعد السفن في العثور على الميناء."
"gdansk.desc",8827921459306515,"A port city in Poland on the Baltic Sea.","Una ciudad portuaria de Polonia en el mar Báltico.","Città portuale in Polonia sul Mar Baltico.","Une ville portuaire en Pologne sur la mer Baltique.","Miasto portowe w Polsce nad Morzem Bałtyckim.","Портове місто в Польщі на Балтійському морі.","Портовый город в Польше на Балтийском море.","Eine Hafenstadt in Polen an der Ostsee.","Kikötőváros Lengyelországban a Balti-tengeren.","Un oraș-port din Polonia la Marea Baltică.","مدينة ساحلية في بولندا على بحر البلطيق."
"ginger",8827921459306518,"Ginger","Jengibre","Zenzero","Gingembre","Imbir","імбир","Имбирь","Ingwer","Gyömbér","Ghimbir","زنجبيل"
"ginger.desc",8827921459306519,"A spicy root used in cooking and cookies.","Una raíz picante utilizada en la cocina y en galletas.","Radice piccante utilizzata in cucina e per la preparazione di biscotti.","Une racine épicée utilisée en cuisine et en biscuits.","Pikantny korzeń używany w kuchni, na przykład do pieczenia ciasteczek.","Пряний корінь, який використовується в кулінарії та печиві.","Пряный корень, используемый в кулинарии и выпечке.","Eine würzige Wurzel, die zum Kochen und für Kekse verwendet wird.","Főzéshez és süteményekhez használt fűszeres gyökér.","O rădăcină condimentată folosită în gătit și prăjituri.","جذر حار يستخدم في الطبخ والكعك."
"gingerbread",8827921459306520,"Torunian gingerbread","Pan de jengibre toruniano","Pan di zenzero di Torun","Pain d'épices torunois","Pierniki toruńskie","Торунський пряник","Торуньский пряник","Torunischer Lebkuchen","Toruni mézeskalács","Turtă dulce Toruniană","خبز الزنجبيل التوروني"
"gingerbread_mold",8827921459306522,"Gingerbread Mold","Molde de pan de jengibre","Stampo per pan di zenzero","Moule à pain d'épices","Forma do pierników","Формочка для пряників","Форма для пряников","Lebkuchenform","Mézeskalács penész","Mucegai turtă dulce","قالب خبز الزنجبيل"
"gingerbread_mold.desc",8827921459306523,"A shaped tool that makes fun cookie shapes.","Una herramienta con forma que permite crear divertidas formas de galletas.","Uno strumento sagomato che consente di creare divertenti forme di biscotti.","Un outil de forme qui permet de créer des formes de biscuits amusantes.","Narzędzie w kształcie ciasteczka, które pozwala na tworzenie ciekawych kształtów.","Фігурний інструмент для створення цікавих форм печива.","Фигурный инструмент, с помощью которого можно делать забавные фигурки для печенья.","Ein geformtes Werkzeug, mit dem man lustige Plätzchenformen herstellen kann.","Formázott eszköz, amely szórakoztató süti formákat készít.","Un instrument în formă care face forme amuzante de prăjituri.","أداة مصممة لصنع أشكال ممتعة من الكوكيز."
"gingerbread.desc",8827921459306521,"a traditional Polish treat made with spices and honey, often shaped in beautiful designs.","Un dulce tradicional polaco elaborado con especias y miel, a menudo moldeado en hermosos diseños.","una delizia tradizionale polacca a base di spezie e miele, spesso decorata con bellissimi disegni.","une friandise traditionnelle polonaise à base d'épices et de miel, souvent façonnée dans de beaux motifs.","Tradycyjny polski przysmak, przygotowany z mąki, miodu, przypraw, często ma piękne wzory.","традиційне польське ласощі, яке готується зі спеціями та медом, часто у формі красивих малюнків.","традиционное польское лакомство, приготовленное со специями и медом, часто имеющее красивую форму.","eine traditionelle polnische Leckerei aus Gewürzen und Honig, oft in wunderschönen Mustern geformt.","hagyományos lengyel csemege fűszerekkel és mézzel, gyakran gyönyörű mintákkal.","un tratament tradițional polonez făcut cu condimente și miere, adesea modelat în modele frumoase.","حلوى بولندية تقليدية مصنوعة من التوابل والعسل، وعادة ما تكون على شكل تصاميم جميلة."
"glacier",8827921463500800,"Glacier","Glaciar","Ghiacciaio","Glacier","Lodowiec","Льодовик","Ледник","Gletscher","Gleccser","Gheţar","نهر جليدي"
"glacier.desc",8827921463500801,"Slow-moving ice found on high mountains.","Hielo de movimiento lento que se encuentra en altas montañas.","Ghiaccio lento che si trova sulle alte montagne.","Glace à mouvement lent trouvée sur les hautes montagnes.","Wolno poruszający się lód występujący w wysokich górach.","Повільно рухомий лід зустрічається на високих горах.","Медленно движущийся лед, встречающийся на высоких горах.","Langsam fließendes Eis, das auf hohen Bergen vorkommt.","Lassú mozgású jég magas hegyeken található.","Gheață cu mișcare lentă găsită pe munții înalți.","الجليد البطيء الحركة الموجود في الجبال العالية."
"gloves",8827921463500802,"Gloves","Guantes","Guanti","Gants","Rękawice","Рукавички","Перчатки","Handschuhe","Kesztyű","Mănuși","قفازات"
"gloves.desc",8827921463500803,"Warm covers for your hands.","Fundas cálidas para tus manos.","Coperture calde per le tue mani.","Des couvertures chaudes pour vos mains.","Ciepłe okrycia na dłonie.","Теплі чохли для рук.","Теплые покрывала для рук.","Warme Überzüge für Ihre Hände.","Meleg huzat a kezednek.","Huse calde pentru mâini.","أغطية دافئة ليديك."
"goal",8827921463500804,"Goal","Meta","Obiettivo","But","Bramka","Мета","Цель","Ziel","Cél","Scop","هدف"
"goal.desc",8827921463500805,"The net you try to score into.","La red a la que intentas anotar.","La rete in cui si cerca di segnare.","Le filet dans lequel vous essayez de marquer.","Siatka, do której próbujesz strzelić gola.","Сітка, у яку ви намагаєтеся забити.","Сетка, в которую вы пытаетесь забить гол.","Das Netz, in das Sie zu punkten versuchen.","A háló, amelybe megpróbálsz gólt lőni.","Plasa în care încerci să înregistrezi.","الشبكة التي تحاول تسجيل هدف فيها."
"gustave_eiffel",8827921463500806,"Gustave Eiffel","Gustave Eiffel","Gustave Eiffel","Gustave Eiffel","Gustave Eiffel","Гюстав Ейфель","Гюстав Эйфель","Gustave Eiffel","Gustave Eiffel","Gustave Eiffel","غوستاف إيفل"
"gustave_eiffel.desc",8827921463500807,"The man who built the Eiffel Tower! He was an engineer who loved building with iron and created the most famous tower in the world.","¡El hombre que construyó la Torre Eiffel! Era un ingeniero que amaba construir con hierro y creó la torre más famosa del mundo.","L'uomo che costruì la Torre Eiffel! Era un ingegnere che amava costruire in ferro e creò la torre più famosa del mondo.","L'homme qui a construit la tour Eiffel ! C'était un ingénieur passionné de construction en fer et il a créé la tour la plus célèbre du monde.","Inżynier, który zbudował Wieżę Eiffla! Uwielbiał konstruować z żelaza i stworzył najsłynniejszą wieżę na świecie.","Людина, яка збудувала Ейфелеву вежу! Він був інженером, який любив будувати із заліза і створив найвідомішу вежу в світі.","Человек, построивший Эйфелеву башню! Он был инженером, который любил строить из железа и создал самую известную башню в мире.","Der Mann, der den Eiffelturm gebaut hat! Er war ein Ingenieur, der es liebte, mit Eisen zu bauen und den berühmtesten Turm der Welt schuf.","Az ember, aki az Eiffel-tornyot építette! Mérnök volt, aki szeretett vasból építeni, és megalkotta a világ leghíresebb tornyát.","Omul care a construit Turnul Eiffel! A fost un inginer căruia îi plăcea să construiască cu fier și a creat cel mai faimos turn din lume.","الرجل الذي بنى برج إيفل! كان مهندسًا شغوفًا بالبناء بالحديد، وبنى أشهر برج في العالم."
"hat",8827921463500808,"Hat","Sombrero","Cappello","Chapeau","Kapelusz","Капелюх","Шляпа","Hut","Kalap","Pălărie","قبعة"
"hat.desc",8827921463500809,"A warm cap for your head.","Un gorro cálido para tu cabeza.","Un berretto caldo per la testa.","Un bonnet chaud pour votre tête.","Ciepła czapka na głowę.","Тепла шапочка на голову.","Теплая шапка для головы.","Eine warme Mütze für Ihren Kopf.","Meleg sapka a fejednek.","O șapcă caldă pentru capul tău.","قبعة دافئة لرأسك."
"heliocentric_model",8827921463500810,"Heliocentric Model","Modelo heliocéntrico","Modello eliocentrico","Modèle héliocentrique","Model heliocentryczny","Геліоцентрична модель","Гелиоцентрическая модель","Heliozentrisches Modell","Heliocentrikus modell","Model heliocentric","نموذج مركزية الشمس"
"heliocentric_model.desc",8827921463500811,"The idea that the Sun is in the center and planets go around it.","La idea de que el Sol está en el centro y los planetas giran alrededor de él.","L'idea che il Sole sia al centro e che i pianeti gli girino attorno.","L'idée que le Soleil est au centre et que les planètes tournent autour de lui.","Pogląd, że Słońce znajduje się w centrum, a planety krążą wokół niego.","Ідея, що Сонце знаходиться в центрі, а планети обертаються навколо нього.","Идея о том, что Солнце находится в центре, а планеты вращаются вокруг него.","Die Idee, dass die Sonne im Zentrum steht und die Planeten um sie herum kreisen.","Az az elképzelés, hogy a Nap a középpontban van, és bolygók keringenek körülötte.","Ideea că Soarele este în centru și planetele îl înconjoară.","الفكرة هي أن الشمس هي المركز والكواكب تدور حولها."
"helmet",8827921463500812,"Helmet","Casco","Casco","Casque","Kask","Шолом","Шлем","Helm","Sisak","Cască","خوذة"
"helmet_street_safety",8827921463500814,"Helmet (Street Safety)","Casco (Seguridad en la calle)","Casco (sicurezza stradale)","Casque (sécurité routière)","Kask (bezpieczeństwo na drodze)","Шолом (безпека на вулиці)","Шлем (уличная безопасность)","Helm (Straßensicherheit)","Sisak (utcabiztonsági)","Cască (Siguranța străzii)","خوذة (سلامة الشارع)"
"helmet_street_safety.desc",8827921463500815,"A hard hat to protect your head when riding.","Un casco para proteger tu cabeza mientras conduces.","Un casco protettivo per proteggere la testa durante la guida.","Un casque pour protéger votre tête lorsque vous roulez.","Twardy kask chroniący głowę podczas jazdy na rowerze.","Каска для захисту голови під час їзди.","Каска для защиты головы во время езды.","Ein Schutzhelm zum Schutz Ihres Kopfes beim Fahren.","Kemény kalap, amely védi a fejét lovaglás közben.","O cască de protecție pentru a-ți proteja capul atunci când mergi.","خوذة صلبة لحماية رأسك أثناء القيادة."
"helmet.desc",8827921463500813,"A metal hat that protects the head.","Un sombrero de metal que protege la cabeza.","Un cappello di metallo che protegge la testa.","Un chapeau en métal qui protège la tête.","Metalowe ochronne nakrycie głowy.","Металева шапка, яка захищає голову.","Металлическая шляпа, защищающая голову.","Ein Metallhut, der den Kopf schützt.","Fém sapka, amely védi a fejet.","O pălărie de metal care protejează capul.","قبعة معدنية لحماية الرأس."
"hiking",8827921463500816,"Hiking","Senderismo","Escursionismo","Randonnée","Turystyka piesza","Піші прогулянки","Пеший туризм","Wandern","Túrázás","Drumeții","جولة على الأقدام"
"hiking.desc",8827921463500817,"Walking on trails in nature.","Caminando por senderos en la naturaleza.","Camminare sui sentieri immersi nella natura.","Promenade sur les sentiers en pleine nature.","Wędrówki po szlakach na łonie natury.","Прогулянка стежками на природі.","Прогулки по тропам на природе.","Wandern auf Pfaden in der Natur.","Séta ösvényeken a természetben.","Plimbare pe trasee în natură.","المشي على المسارات في الطبيعة."
"honey",8827921463500818,"Honey","Miel","Miele","Chéri","Miód","Мед","Мед","Honig","Méz","Miere","عسل"
"honey.desc",8827921463500819,"A sweet food made by bees.","Un alimento dulce elaborado por las abejas.","Un alimento dolce prodotto dalle api.","Un aliment sucré fabriqué par les abeilles.","Słodki przysmak wytwarzany przez pszczoły.","Солодкий корм, виготовлений бджолами.","Сладкая еда, производимая пчёлами.","Ein süßes Nahrungsmittel, das von Bienen hergestellt wird.","Méhek által készített édes étel.","O mâncare dulce făcută de albine.","طعام حلو يصنعه النحل."
"hot_air_balloon",16699856511819778,"Hot-Air Balloon","Globo aerostático","Mongolfiera","Montgolfière","Balon na ogrzane powietrze","Повітряна куля","Воздушный шар","Heißluftballon","Hőlégballon","Balon cu aer cald","منطاد الهواء الساخن"
"hot_air_balloon.desc",16699856511819779,"A balloon that flies using hot air. The first one flew in France.","Un globo que vuela con aire caliente. El primero voló en Francia.","Un pallone che vola ad aria calda. Il primo esemplare volò in Francia.","Un ballon volant à l'air chaud. Le premier à voler en France.","Balon wznoszący się dzięki ogrzanemu powietrzu. Pierwszy taki balon skonstruowano we Francji.","Повітряна куля, яка літає за допомогою гарячого повітря. Перший полетів у Франції.","Воздушный шар, летающий с помощью нагретого воздуха. Первый такой полёт состоялся во Франции.","Ein Ballon, der mit heißer Luft fliegt. Der erste flog in Frankreich.","Egy léggömb, amely forró levegővel repül. Az első Franciaországban repült.","Un balon care zboară folosind aer cald. Primul a zburat în Franța.","منطاد يطير باستخدام الهواء الساخن. حلّقت أول طائرة من هذا النوع في فرنسا."
"houseboat",8827921463500820,"Houseboat","Casa flotante","Casa galleggiante","la péniche ou le bateau-maison","Dom na wodzie","Плавучий будинок","Плавучий дом","Hausboot","Lakóhajó","Casa barca","منزل عائم"
"houseboat.desc",8827921463500821,"A boat made to live on.","Un barco hecho para vivir.","Una barca fatta per vivere.","Une péniche est un bateau qui peut être habité. Sur la Seine, il y a denombreuses péniches.","Łódź, w której można mieszkać.","Човен, створений для життя.","Лодка, созданная для жизни.","Ein Boot zum Leben.","Életre készült hajó.","O barcă făcută pentru a trăi.","قارب مصنوع للعيش عليه."
"ice",8827921463500822,"Ice","Hielo","Ghiaccio","Glace","Lód","лід","Лед","Eis","Jég","Gheaţă","الجليد"
"ice_arctic",16699856516014080,"Arctic ice","Hielo ártico","ghiaccio artico","glace arctique","Lód arktyczny","Арктичний лід","арктический лед","Arktisches Eis","Sarkvidéki jég","Gheață arctică","جليد القطب الشمالي"
"ice_arctic.desc",16699856516014081,"Cold, white, and shiny like glass. Home to seals, bears, and adventure!","Frío, blanco y brillante como el cristal. ¡Hogar de focas, osos y aventuras!","Freddo, bianco e lucido come il vetro. Patria di foche, orsi e avventure!","Froid, blanc et brillant comme du verre. Un refuge pour les phoques, les ours et l'aventure !","Zimny, biały i lśniący jak szkło. Dom fok i niedźwiedzi polarnych.","Холодний, білий і блискучий, як скло. Дім для тюленів, ведмедів і пригод!","Холодный, белый и блестящий, как стекло. Дом тюленей, медведей и приключений!","Kalt, weiß und glänzend wie Glas. Heimat von Robben, Bären und Abenteuern!","Hideg, fehér és fényes, mint az üveg. Fókák, medvék és kalandok otthona!","Rece, alb și strălucitor ca sticla. Acasă pentru foci, urși și aventură!","بارد، أبيض، لامع كالزجاج. موطن الفقمات والدببة والمغامرات!"
"ice.desc",8827921463500823,"Frozen water that can be very slippery.","Agua congelada que puede ser muy resbaladiza.","Acqua ghiacciata che può essere molto scivolosa.","Eau gelée qui peut être très glissante.","Zamarznięta woda, która może być bardzo śliska.","Замерзла вода, яка може бути дуже слизькою.","Замерзшая вода может быть очень скользкой.","Gefrorenes Wasser, das sehr rutschig sein kann.","Fagyott víz, ami nagyon csúszós lehet.","Apă înghețată care poate fi foarte alunecoasă.","مياه متجمدة يمكن أن تكون زلقة للغاية."
"iglica",8827921463500824,"Iglica","Iglica","Iglica","Église","Iglica","Iglica","Иглика","Iglica","Iglica","Iglica","إجليكا"
"iglica.desc",8827921463500825,"A tall metal sculpture next to Centennial Hall.","Una escultura alta de metal junto al Centennial Hall.","Un'alta scultura in metallo accanto alla Centennial Hall.","Une grande sculpture en métal à côté du Centennial Hall.","Wysoka metalowa konstrukcja obok Hali Stulecia.","Висока металева скульптура поруч із залом Століття.","Высокая металлическая скульптура рядом с Залом Столетия.","Eine große Metallskulptur neben der Centennial Hall.","Egy magas fémszobor a Centennial Hall mellett.","O sculptură înaltă din metal lângă Sala Centennial.","تمثال معدني طويل بجوار قاعة سنتينيال."
"ile_de_france",8827921463500826,"Ile-de-France","Isla de Francia","Île-de-France","Île-de-France","Ile-de-France","Іль-де-Франс","Иль-де-Франс","Île-de-France","Ile-de-France","Ile-de-France","إيل دو فرانس"
"ile_de_france.desc",8827921463500827,"A region in France where the capital city Paris is located. Many people live here!","Una región de Francia donde se encuentra París, la capital. ¡Mucha gente vive aquí!","Una regione della Francia dove si trova la capitale Parigi. Qui vivono moltissime persone!","Région de France où se trouve Paris, la capitale. De nombreuses personnes y vivent !","Region we Francji, w którym znajduje się stolica, Paryż. Mieszka tu wielu ludzi!","Регіон у Франції, де розташована столиця Париж. Тут живе багато людей!","Регион во Франции, где расположена столица Париж. Здесь живёт много людей!","Eine Region in Frankreich, in der sich die Hauptstadt Paris befindet. Hier leben viele Menschen!","Egy régió Franciaországban, ahol a főváros Párizs található. Sokan élnek itt!","O regiune din Franța în care se află capitala Paris. Mulți oameni locuiesc aici!","منطقة في فرنسا، حيث تقع العاصمة باريس، يعيش فيها الكثير من الناس!"
"independence_day_poland",8827921463500828,"Independence Day (Poland)","Día de la Independencia (Polonia)","Giorno dell'Indipendenza (Polonia)","Jour de l'Indépendance (Pologne)","Narodowe Święto Niepodległości","День Незалежності (Польща)","День независимости (Польша)","Unabhängigkeitstag (Polen)","A függetlenség napja (Lengyelország)","Ziua Independenței (Polonia)","يوم الاستقلال (بولندا)"
"independence_day_poland.desc",8827921463500829,"A national holiday on 11 November.","Día festivo nacional el 11 de noviembre.","Festa nazionale l'11 novembre.","Un jour férié national le 11 novembre.","Święto narodowe obchodzone 11 listopada.","Національне свято 11 листопада.","Национальный праздник 11 ноября.","Der 11. November ist ein Nationalfeiertag.","Nemzeti ünnep november 11-én.","Sărbătoare națională pe 11 noiembrie.","يوم 11 نوفمبر هو يوم عطلة وطنية."
"iron_material",8827921463500830,"Iron","Hierro","Ferro","Fer","Żelazo","Залізо","Железо","Eisen","Vas","Fier","حديد"
"iron_material.desc",8827921463500831,"A hot tool used to make wrinkled clothes smooth and flat. Be careful, irons are very hot!","Una herramienta caliente para alisar y alisar la ropa arrugada. ¡Cuidado, las planchas están muy calientes!","Uno strumento caldo utilizzato per rendere i vestiti stropicciati lisci e piatti. Attenzione, i ferri da stiro sono molto caldi!","Un outil chauffant utilisé pour lisser et aplatir les vêtements froissés. Attention, les fers à repasser sont très chauds !","Gorące narzędzie służące do wygładzania i prostowania pogniecionych ubrań. Uwaga, żelazka są bardzo gorące!","Гарячий інструмент, який використовується для того, щоб зробити м’ятий одяг гладким і рівним. Будьте обережні, праски дуже гарячі!","Горячий инструмент, используемый для разглаживания мятой одежды. Будьте осторожны: утюг очень горячий!","Ein heißes Werkzeug, mit dem zerknitterte Kleidung glatt und glatt gemacht wird. Vorsicht, Bügeleisen sind sehr heiß!","Forró eszköz, amellyel a ráncos ruhákat simává és lapossá varázsolják. Vigyázat, a vasaló nagyon forró!","Un instrument fierbinte folosit pentru a face hainele încrețite netede și plate. Atenție, fierele de călcat sunt foarte fierbinți!","أداة ساخنة تُستخدم لجعل الملابس المجعدة ناعمة ومسطحة. انتبه، المكواة ساخنة جدًا!"
"jean_michel_jarre",16699856516014082,"Jean Michel Jarre","Jean-Michel Jarre","Jean Michel Jarre","Jean Michel Jarre","Jean Michel Jarre","Жан Мішель Жарр","Жан Мишель Жарр","Jean Michel Jarre","Jean Michel Jarre","Jean Michel Jarre","جان ميشيل جار"
"jean_michel_jarre.desc",16699856516014083,"A French musician famous for electronic music","Un músico francés famoso por la música electrónica.","Un musicista francese famoso per la musica elettronica","Un musicien français célèbre pour la musique électronique","Francuski muzyk znany z muzyki elektronicznej","Французький музикант, відомий електронною музикою","Французский музыкант, известный электронной музыкой.","Ein französischer Musiker, berühmt für elektronische Musik","Az elektronikus zenéről híres francia zenész","Un muzician francez renumit pentru muzica electronică","موسيقي فرنسي مشهور بالموسيقى الإلكترونية"
"jules_verne",16699856516014084,"Jules Verne","Julio Verne","Giulio Verne","Jules Verne","Juliusz Verne","Жуль Верн","Жюль Верн","Jules Verne","Jules Verne","Jules Verne","جول فيرن"
"jules_verne.desc",16699856516014085,"Jules Verne was born in 1828, almost 200 years ago. He died in 1905. He was a French writer who wrote many books. He imagined amazing ways to travel before they really existed! He wrote about submarines, rockets, and trips around the world.","Jules Verne nació en 1828, hace casi 200 años. Murió en 1905. Fue un escritor francés que escribió muchos libros. ¡Imaginó formas increíbles de viajar antes de que existieran de verdad! Escribió sobre submarinos, cohetes y viajes alrededor del mundo.","Jules Verne nacque nel 1828, quasi 200 anni fa. Morì nel 1905. Fu uno scrittore francese che scrisse molti libri. Immaginò modi straordinari di viaggiare prima che esistessero davvero! Scrisse di sottomarini, razzi e viaggi intorno al mondo.","Jules Verne est né en 1828, il y a presque 200 ans. Il est mort en 1905. C'est un écrivain français qui a écrit beaucoup de livres. Il a imaginé des moyens de transport extraordinaires avant qu'ils existent vraiment ! Il a écrit sur les sous-marins, les fusées et les voyages autour du monde.","Jules Verne urodził się w 1828 roku, prawie 200 lat temu. Zmarł w 1905 roku. Był francuskim pisarzem i napisał wiele książek. Wymyślał niezwykłe sposoby podróżowania, zanim naprawdę powstały! Pisał o łodziach podwodnych, rakietach i podróżach dookoła świata.","Жуль Верн народився 1828 року, майже 200 років тому. Він помер у 1905 році. Він був французьким письменником і написав багато книжок. Він уявляв незвичайні способи подорожувати ще до того, як вони з'явилися насправді! Він писав про підводні човни, ракети та подорожі навколо світу.","Жюль Верн родился в 1828 году, почти 200 лет назад. Он умер в 1905 году. Он был французским писателем и написал много книг. Он придумывал необычные способы путешествовать ещё до того, как они появились на самом деле! Он писал о подводных лодках, ракетах и путешествиях вокруг света.","Jules Verne wurde 1828 geboren, vor fast 200 Jahren. Er starb 1905. Er war ein französischer Schriftsteller und schrieb viele Bücher. Er dachte sich außergewöhnliche Arten des Reisens aus, bevor es sie wirklich gab! Er schrieb über U-Boote, Raketen und Reisen um die Welt.","Jules Verne 1828-ban született, majdnem 200 évvel ezelőtt. 1905-ben halt meg. Francia író volt, és sok könyvet írt. Különleges utazási módokat talált ki, még mielőtt azok valóban léteztek volna! Tengeralattjárókról, rakétákról és a világ körüli utazásokról írt.","Jules Verne s-a născut în 1828, acum aproape 200 de ani. A murit în 1905. A fost un scriitor francez și a scris multe cărți. Și-a imaginat moduri nemaipomenite de a călători înainte ca ele să existe cu adevărat! A scris despre submarine, rachete și călătorii în jurul lumii.","وُلد جول فيرن عام 1828، قبل نحو 200 عام. وتوفي عام 1905. كان كاتبًا فرنسيًا ألّف كتبًا كثيرة. تخيّل وسائل رائعة للسفر قبل أن توجد حقًا! وكتب عن الغواصات والصواريخ والرحلات حول العالم."
"jupiter",8827921463500832,"Jupiter","Júpiter","Giove","Jupiter","Jowisz","Юпітер","Юпитер","Jupiter","Jupiter","Jupiter","كوكب المشتري"
"jupiter.desc",8827921463500833,"The biggest planet, famous for the Great Red Spot.","El planeta más grande, famoso por la Gran Mancha Roja.","Il pianeta più grande, famoso per la Grande Macchia Rossa.","La plus grande planète, célèbre pour la Grande Tache Rouge.","Największa planeta, słynąca z Wielkiej Czerwonej Plamy.","Найбільша планета, відома Великою червоною плямою.","Самая большая планета, известная Большим Красным Пятном.","Der größte Planet, berühmt für den Großen Roten Fleck.","A legnagyobb bolygó, a Nagy Vörös Foltról híres.","Cea mai mare planetă, renumită pentru Marea Pată Roșie.","الكوكب الأكبر، المشهور بالبقعة الحمراء العظيمة."
"kayak",8827921463500834,"Kayak","Kayac","Kayak","le kayak","Kajak","Байдарка","Каяк","Kajak","Kajak","Caiac","كاياك"
"kayak.desc",8827921463500835,"A small boat you paddle.","Un pequeño bote en el que remas.","Una piccola barca su cui si pagaia.","Un petit bateau sur lequel on pagaie.","Mała łódka napędzana wiosłami.","Маленький човен, на якому ви веслуєте.","Небольшая лодка, на которой можно грести.","Ein kleines Boot, das Sie paddeln.","Egy kis csónak, amin evez.","O barcă mică pe care o vâsliți.","قارب صغير للتجديف."
"keymaster_dwarf",8827921463500838,"Keymaster Dwarf","Enano maestro de llaves","Maestro delle Chiavi Nano","Maître des clés nain","Krasnal Klucznik","Майстер гномів","Гном-ключник","Schlüsselmeister-Zwerg","Kulcsmester törpe","Piticul Keymaster","قزم سيد المفاتيح"
"keymaster_dwarf.desc",8827921463500839,"A dwarf statue guarding the elevator with a big key.","Una estatua enana custodiando el ascensor con una llave grande.","Una statua nana sorveglia l'ascensore con una grande chiave.","Une statue de nain gardant l'ascenseur avec une grosse clé.","Krasnal z dużym kluczem pilnujący windy.","Статуя гнома з великим ключем охороняє ліфт.","Статуя карлика, охраняющего лифт с большим ключом.","Eine Zwergstatue bewacht den Aufzug mit einem großen Schlüssel.","A liftet őrző törpe szobor nagy kulccsal.","O statuie pitic care păzește liftul cu o cheie mare.","تمثال قزم يحرس المصعد بمفتاح كبير."
"king_sigismunds_column",8827921463500840,"King Sigismund’s Column","La columna del rey Segismundo","Colonna di Re Sigismondo","La colonne du roi Sigismond","Kolumna Zygmunta III Wazy","Колона короля Сигізмунда","Колонна короля Сигизмунда","König-Sigismund-Säule","Zsigmond király oszlopa","Coloana Regelui Sigismund","عمود الملك سيجيسموند"
"king_sigismunds_column.desc",8827921463500841,"A tall column honoring King Sigismund in Castle Square.","Una columna alta en honor al rey Segismundo en la Plaza del Castillo.","Un'alta colonna in onore di Re Sigismondo nella Piazza del Castello.","Une haute colonne honorant le roi Sigismond sur la place du château.","Wysoka kolumna ku czci króla Zygmunta na Placu Zamkowym.","Висока колона на честь короля Сигізмунда на Замковій площі.","Высокая колонна в честь короля Сигизмунда на Замковой площади.","Eine hohe Säule zu Ehren von König Sigismund auf dem Schlossplatz.","Magas oszlop Zsigmond király tiszteletére a Vár téren.","O coloană înaltă în cinstea Regelui Sigismund în Piața Castelului.","عمود طويل تكريما للملك سيجيسموند في ساحة القلعة."
"king_sigismunds_crown",8827921467695104,"King Sigismund’s Crown","La corona del rey Segismundo","Corona di Re Sigismondo","La couronne du roi Sigismond","Korona króla Zygmunta","Корона короля Сигізмунда","Корона короля Сигизмунда","König Sigismunds Krone","Zsigmond király koronája","Coroana Regelui Sigismund","تاج الملك سيجيسموند"
"king_sigismunds_crown.desc",8827921467695105,"The king’s crown that fell off and must be found.","La corona del rey que se cayó y debe ser encontrada.","La corona del re che è caduta e deve essere ritrovata.","La couronne du roi qui est tombée et qui doit être retrouvée.","Korona króla, która spadła i musi zostać odnaleziona.","Корона короля, яка впала, і її потрібно знайти.","Корона короля упала и ее нужно найти.","Die Königskrone ist abgefallen und muss gefunden werden.","A király koronája, amely leesett, és meg kell találni.","Coroana regelui care a căzut și trebuie găsită.","تاج الملك الذي سقط ويجب العثور عليه."
"kitchen",8827921467695106,"Kitchen","Cocina","Cucina","Cuisine","Kuchnia","кухня","Кухня","Küche","Konyha","Bucătărie","مطبخ"
"kitchen.desc",8827921467695107,"A room where people cook and bake.","Una habitación donde la gente cocina y hornea.","Una stanza dove le persone cucinano e preparano dolci.","Une pièce où les gens cuisinent et font des pâtisseries.","Pomieszczenie, w którym ludzie gotują i pieką.","Приміщення, де готують і печуть.","Комната, где готовят и пекут еду.","Ein Raum, in dem gekocht und gebacken wird.","Egy szoba, ahol az emberek főznek és sütnek.","O cameră în care oamenii gătesc și coace.","غرفة حيث يقوم الناس بالطبخ والخبز."
"le_mans",8827921467695108,"Le Mans","Le Mans","Le Mans","Le Mans","Le Mans","Ле-Ман","Ле-Ман","Le Mans","Le Mans","Le Mans","لومان"
"le_mans_racetrack_entrance",8827921467695110,"Le Mans Racetrack Entrance","Entrada al circuito de Le Mans","Ingresso al circuito di Le Mans","Entrée du circuit du Mans","Wejście na tor wyścigowy Le Mans","Вхід до іподрому Ле-Ман","Вход на гоночную трассу Ле-Мана","Eingang zur Rennstrecke von Le Mans","Le Mans versenypálya bejárata","Intrarea la circuitul de curse Le Mans","مدخل مضمار سباق لومان"
"le_mans_racetrack_entrance.desc",8827921467695111,"The entrance area of the Le Mans circuit.","La zona de entrada al circuito de Le Mans.","L'area di ingresso del circuito di Le Mans.","La zone d'entrée du circuit du Mans.","Strefa wejścia na tor wyścigowy Le Mans.","Вхідна зона траси Ле-Ман.","Зона входа на трассу Ле-Ман.","Der Eingangsbereich der Rennstrecke von Le Mans.","A Le Mans-i pálya bejárati területe.","Zona de intrare în circuitul Le Mans.","منطقة مدخل حلبة لومان."
"le_mans_train_station",8827921467695112,"Le Mans Train Station","Estación de tren de Le Mans","Stazione ferroviaria di Le Mans","Gare du Mans","Dworzec kolejowy Le Mans","Залізничний вокзал Ле-Ман","Железнодорожный вокзал Ле-Мана","Bahnhof Le Mans","Le Mans pályaudvar","Gara Le Mans","محطة قطار لومان"
"le_mans_train_station.desc",8827921467695113,"The station where you take the train home.","La estación donde tomas el tren a casa.","La stazione dove prendi il treno per tornare a casa.","La gare où vous prenez le train pour rentrer chez vous.","Stacja, z której odjeżdżasz pociągiem do domu.","Станція, на якій ви їдете потягом додому.","Станция, на которой вы садитесь на поезд домой.","Der Bahnhof, an dem Sie mit dem Zug nach Hause fahren.","Az állomás, ahonnan vonattal indul haza.","Stația de unde iei trenul spre casă.","المحطة التي تستقل منها القطار إلى المنزل."
"le_mans.desc",8827921467695109,"A city in France, famous for a 24-hour car race.","Una ciudad de Francia, famosa por una carrera de coches de 24 horas.","Città francese famosa per la gara automobilistica di 24 ore.","Une ville de France, célèbre pour une course automobile de 24 heures.","Miasto we Francji słynące z 24-godzinnego wyścigu samochodowego.","Місто у Франції, відоме 24-годинними автоперегонами.","Город во Франции, известный 24-часовой автогонкой.","Eine Stadt in Frankreich, berühmt für ein 24-Stunden-Autorennen.","Egy 24 órás autóversenyről híres francia város.","Un oraș din Franța, renumit pentru o cursă de mașini de 24 de ore.","مدينة في فرنسا، تشتهر بسباق السيارات الذي يستمر 24 ساعة."
"lens",8827921467695114,"Lens","Lente","Lente","Lentille","Obiektyw","Об'єктив","Линза","Linse","Lencse","Obiectiv","عدسة"
"lens.desc",8827921467695115,"A clear piece of glass or plastic that bends light.","Un trozo de vidrio o plástico transparente que dobla la luz.","Un pezzo di vetro o plastica trasparente che piega la luce.","Un morceau de verre ou de plastique transparent qui courbe la lumière.","Przezroczysta szyba lub plastik, która załamuje światło.","Прозорий шматок скла або пластику, який відхиляє світло.","Прозрачный кусок стекла или пластика, преломляющий свет.","Ein klares Stück Glas oder Kunststoff, das Licht bricht.","Átlátszó üveg vagy műanyag darab, amely hajlítja a fényt.","O bucată transparentă de sticlă sau plastic care îndoaie lumina.","قطعة شفافة من الزجاج أو البلاستيك تعمل على انحناء الضوء."
"loire_river",8827921467695118,"Loire River","Río Loira","fiume Loira","Loire","Rzeka Loara","Річка Луара","Река Луара","Loire","Loire folyó","Râul Loara","نهر لوار"
"loire_river.desc",8827921467695119,"A long river in France with many castles along its banks.","Un largo río en Francia con muchos castillos a lo largo de sus orillas.","Un lungo fiume in Francia con molti castelli lungo le sue rive.","Un long fleuve en France avec de nombreux châteaux le long de ses rives.","Długa Rzeka we Francji, nad jej brzegami znajduje się wiele zamków.","Довга річка у Франції з багатьма замками на її берегах.","Длинная река во Франции, вдоль берегов которой расположено множество замков.","Ein langer Fluss in Frankreich mit vielen Burgen an seinen Ufern.","Egy hosszú folyó Franciaországban, partjain sok kastély.","Un râu lung în Franța cu multe castele de-a lungul malurilor sale.","نهر طويل في فرنسا، وعلى ضفافه العديد من القلاع."
"loire_valley",8827921467695120,"Loire Valley","Valle del Loira","Valle della Loira","Val de Loire","Dolina Loary","Долина Луари","Долина Луары","Loiretal","Loire-völgy","Valea Loarei","وادي اللوار"
"loire_valley.desc",8827921467695121,"A famous French region with many castles.","Una famosa región francesa con muchos castillos.","Una famosa regione francese con molti castelli.","Une région française célèbre avec de nombreux châteaux.","Słynny francuski region z wieloma zamkami.","Відомий французький регіон з безліччю замків.","Знаменитый французский регион с множеством замков.","Eine berühmte französische Region mit vielen Schlössern.","Híres francia régió sok kastéllyal.","O regiune franceză faimoasă cu multe castele.","منطقة فرنسية مشهورة بالعديد من القلاع."
"loopholes",8827921467695122,"Loopholes","lagunas legales","Scappatoie","Failles","Otwory strzelnicze","Лазівки","Лазейки","Schlupflöcher","Kiskapuk","Lacune","الثغرات"
"loopholes.desc",8827921467695123,"Narrow windows to shoot arrows out safely.","Ventanas estrechas para disparar flechas con seguridad.","Finestre strette per scoccare le frecce in sicurezza.","Fenêtres étroites pour tirer des flèches en toute sécurité.","Wąskie okna umożliwiające bezpieczne strzelanie.","Звузьте вікна, щоб безпечно випускати стріли.","Узкие окна для безопасной стрельбы из стрел.","Schmale Fenster, um Pfeile sicher hinausschießen zu können.","Keskeny ablakok a nyilak biztonságos kilövéséhez.","Ferestre înguste pentru a trage săgeți în siguranță.","قم بتضييق النوافذ لإطلاق السهام بشكل آمن."
"louvre",8827921467695124,"Louvre","Louvre","Louvre","Louvre","Louvre","Louvre","Louvre","Louvre","Louvre","Louvre","Louvre"
"louvre_pyramid",8827921467695126,"Louvre Pyramid","Pirámide del Louvre","Piramide del Louvre","Pyramide du Louvre","Piramida Luwru","Піраміда Лувра","Пирамида Лувра","Louvre-Pyramide","Louvre piramis","Piramida Luvru","هرم اللوفر"
"louvre_pyramid.desc",8827921467695127,"The glass pyramid that is the Louvre’s modern entrance.","La pirámide de cristal que constituye la entrada moderna del Louvre.","La piramide di vetro che costituisce l'ingresso moderno del Louvre.","La pyramide de verre qui constitue l’entrée moderne du Louvre.","Szklana piramida, która stanowi współczesne wejście do Luwru.","Скляна піраміда, яка є сучасним входом у Лувр.","Стеклянная пирамида, являющаяся современным входом в Лувр.","Die Glaspyramide ist der moderne Eingang des Louvre.","Az üvegpiramis, amely a Louvre modern bejárata.","Piramida de sticlă care este intrarea modernă a Luvru.","الهرم الزجاجي الذي يمثل المدخل الحديث لمتحف اللوفر."
"louvre.desc",8827921467695125,"A huge museum full of art. It’s where the Mona Lisa lives.","Un museo enorme lleno de arte. Es donde vive la Mona Lisa.","Un enorme museo pieno d'arte. È lì che vive la Monna Lisa.","Un immense musée rempli d'œuvres d'art. C'est là que vit la Joconde.","Ogromne muzeum pełne sztuki. To tu mieszka Mona Lisa.","Величезний музей, повний мистецтва. Тут живе Мона Ліза.","Огромный музей, полный произведений искусства. Здесь живёт Мона Лиза.","Ein riesiges Museum voller Kunst. Hier lebt die Mona Lisa.","Egy hatalmas múzeum, tele művészettel. Itt él a Mona Lisa.","Un muzeu imens plin de artă. Acolo locuiește Mona Lisa.","متحف ضخم مليء بالفنون. هنا تعيش لوحة الموناليزا."
"lute",8827921467695128,"Lute","Laúd","Liuto","Luth","Lutnia","Лютня","Лютня","Laute","Lant","Lăută","العود"
"lute.desc",8827921467695129,"A string instrument played at court.","Un instrumento de cuerda que se tocaba en la corte.","Strumento a corda suonato a corte.","Un instrument à cordes joué à la cour.","Dawny instrument muzyczny, jego kształt przypominał gruszkę.","Струнний інструмент, на якому грали при дворі.","Струнный инструмент, на котором играли при дворе.","Ein Saiteninstrument, das am Hof ​​gespielt wurde.","Az udvarban játszott vonós hangszer.","Un instrument cu coarde cântat la curte.","آلة موسيقية وترية يتم العزف عليها في المحكمة."
"main_town_hall",8827921467695130,"Main Town Hall","Ayuntamiento principal","Municipio principale","Hôtel de ville principal","Ratusz Główny","Головна ратуша","Главная ратуша","Rathaus","Fővárosháza","Primaria principala","قاعة المدينة الرئيسية"
"main_town_hall.desc",8827921467695131,"A tall town hall with a tower and museum.","Un alto ayuntamiento con torre y museo.","Un alto municipio con torre e museo.","Un grand hôtel de ville avec une tour et un musée.","Wysoki ratusz z wieżą i muzeum.","Висока ратуша з вежею та музеєм.","Высокая ратуша с башней и музеем.","Ein hohes Rathaus mit Turm und Museum.","Magas városháza toronnyal és múzeummal.","O primărie înaltă, cu un turn și un muzeu.","قاعة بلدية طويلة تحتوي على برج ومتحف."
"maria_curie",8827921467695134,"Maria Skłodowska-Curie","Maria Skłodowska-Curie","Maria Skłodowska-Curie","Maria Skłodowska-Curie","Maria Skłodowska-Curie","Марія Склодовська-Кюрі","Мария Склодовская-Кюри","Maria Skłodowska-Curie","Maria Skłodowska-Curie","Maria Skłodowska-Curie","ماريا كوري"
"maria_curie.desc",8827921467695135,"A brilliant scientist from Poland who discovered radioactivity. She was the first woman to win a Nobel Prize and won it twice!","Una brillante científica polaca que descubrió la radiactividad. Fue la primera mujer en ganar un Premio Nobel, ¡y lo ganó dos veces!","Una brillante scienziata polacca che scoprì la radioattività. Fu la prima donna a vincere il Premio Nobel, e lo vinse due volte!","Une brillante scientifique polonaise qui a découvert la radioactivité. Elle a été la première femme à recevoir un prix Nobel, et ce, à deux reprises !","Genialna polska uczona, odkryła promieniotwórczość. Była pierwszą kobietą, która otrzymała Nagrodę Nobla. I to dwukrotnie!","Геніальний вчений з Польщі, який відкрив радіоактивність. Вона була першою жінкою, яка отримала Нобелівську премію і отримала її двічі!","Блестящий учёный из Польши, открывший радиоактивность. Она стала первой женщиной, получившей Нобелевскую премию, и дважды!","Eine brillante Wissenschaftlerin aus Polen, die die Radioaktivität entdeckte. Sie war die erste Frau, die einen Nobelpreis erhielt, und das gleich zweimal!","Egy zseniális lengyel tudós, aki felfedezte a radioaktivitást. Ő volt az első nő, aki Nobel-díjat kapott, és kétszer nyerte el!","Un om de știință strălucit din Polonia care a descoperit radioactivitatea. A fost prima femeie care a câștigat un premiu Nobel și l-a câștigat de două ori!","عالمة بولندية بارعة اكتشفت النشاط الإشعاعي. كانت أول امرأة تفوز بجائزة نوبل، وحصلت عليها مرتين!"
"maria_skodowskacurie",8827921467695136,"Maria Skłodowska‑Curie","María Skłodowska‑Curie","Maria Skłodowska-Curie","Maria Skłodowska-Curie","Maria Skłodowska‑Curie","Марія Склодовська‑Кюрі","Мария Склодовская-Кюри","Maria Skłodowska‑Curie","Maria Skłodowska-Curie","Maria Skłodowska-Curie","ماريا سكلودوفسكا كوري"
"maria_skodowskacurie.desc",8827921467695137,"A scientist who won two Nobel Prizes.","Un científico que ganó dos premios Nobel.","Uno scienziato che ha vinto due premi Nobel.","Un scientifique qui a remporté deux prix Nobel.","Uczona, która zdobyła dwie Nagrody Nobla.","Вчений, лауреат двох Нобелівських премій.","Ученый, лауреат двух Нобелевских премий.","Ein Wissenschaftler, der zwei Nobelpreise gewonnen hat.","Két Nobel-díjat kapott tudós.","Un om de știință care a câștigat două premii Nobel.","عالم حصل على جائزتي نوبل."
"market_traders",16699856516014086,"Market traders","Comerciantes del mercado","Commercianti di mercato","les commerçants du marché","Sprzedawca na targu","Ринкові торговці","Торговцы на рынке","Markthändler","Piaci kereskedők","Comercianții de piață","تجار السوق"
"market_traders.desc",16699856516014087,"Merchants sell food and other goods at market stalls. You can find fishmongers, cheesemongers, grocers, and fruit and vegetable vendors. You can buy fresh produce.","Los comerciantes venden alimentos y otros productos en los puestos del mercado. Encontrarás pescaderías, queserías, tiendas de comestibles y vendedores de frutas y verduras. Puedes comprar productos frescos.","I commercianti vendono cibo e altri beni sulle bancarelle del mercato. Puoi trovare pescivendoli, venditori di formaggi, droghieri e venditori di frutta e verdura. Puoi acquistare prodotti freschi.","Les commerçants ou marchands vendent des produits alimentaires et autres marchandises sur les étals des marchés. On peut trouver le poissonnier, les fromager, l'épicier, le marchands de fruits et légumes. Tu peux acheter des produits frais. ","Kupcy sprzedają żywność i inne towary na straganach targowych. Można tu spotkać sprzedawców ryb, serów, artykułów spożywczych oraz owoców i warzyw. Można tu kupić świeże produkty.","Торговці продають продукти харчування та інші товари на ринкових кіосках. Ви можете знайти торговців рибою, сиром, бакалійниками, а також продавцями фруктів та овочів. Ви можете придбати свіжі продукти.","На рыночных прилавках торговцы продают продукты питания и другие товары. Здесь можно найти продавцов рыбы, сыра, бакалейщиков, а также продавцов фруктов и овощей. Можно купить свежие продукты.","An Marktständen verkaufen Händler Lebensmittel und andere Waren. Dort findet man Fischhändler, Käsehändler, Lebensmittelhändler sowie Obst- und Gemüseverkäufer. Man kann frische Produkte kaufen.","A kereskedők élelmiszert és egyéb árukat árulnak a piaci standokon. Halárusokat, sajtárusokat, élelmiszerboltosokat, valamint gyümölcs- és zöldségárusokat találhat. Friss termékeket is vásárolhat.","Comercianții vând alimente și alte bunuri la tarabe. Puteți găsi pescărie, brânzeturi, băcănii și vânzători de fructe și legume. Puteți cumpăra produse proaspete.","يبيع التجار المواد الغذائية وغيرها من السلع في أكشاك السوق. ستجد بائعي الأسماك، وبائعي الجبن، ومحلات البقالة، وبائعي الفاكهة والخضراوات. يمكنك شراء المنتجات الطازجة."
"marmot",8827921467695138,"Marmot","Marmota","Marmotta","Marmotte","Świstak","Бабак","Сурок","Murmeltier","Mormota","marmotă","المرموط"
"marmot.desc",8827921467695139,"A furry mountain animal that whistles.","Un animal peludo de montaña que silba.","Un animale di montagna peloso che fischia.","Un animal de montagne à fourrure qui siffle.","Zwierzę górskie z grubym futrem, charakterystycznie gwiżdże.","Пухнастий гірський звір, який свистить.","Мохнатое горное животное, которое свистит.","Ein pelziges Bergtier, das pfeift.","Szőrös hegyi állat, amely fütyül.","Un animal de munte cu blană care fluieră.","حيوان جبلي فروي يصدر صوت صفير."
"mars",8827921467695140,"Mars","Marte","Marte","Mars","Mars","Марс","Марс","Mars","Mars","Marte","المريخ"
"mars.desc",8827921467695141,"The red planet with dust and big volcanoes.","El planeta rojo con polvo y grandes volcanes.","Il pianeta rosso con polvere e grandi vulcani.","La planète rouge avec de la poussière et de grands volcans.","Czerwona planeta z pyłem i dużymi wulkanami.","Червона планета з пилом і великими вулканами.","Красная планета с пылью и большими вулканами.","Der rote Planet mit Staub und großen Vulkanen.","A vörös bolygó porral és nagy vulkánokkal.","Planeta roșie cu praf și vulcani mari.","الكوكب الأحمر مع الغبار والبراكين الكبيرة."
"marseillaise_1",8827921467695142,"Allons enfants","A todos los niños","Allons enfants","Allons enfants","Allons enfants","Allons enfants","Allons enfants","Allons enfants","Allons csecsemők","Allons enfants","ألون إنفانتس"
"marseillaise_1.desc",8827921467695143,"The first words of the anthem’s first line.","Las primeras palabras de la primera línea del himno.","Le prime parole del primo verso dell'inno.","Les premiers mots de la première ligne de l’hymne.","Pierwsze słowa hymnu francuskiego","Перші слова першого рядка гімну.","Первые слова первой строки гимна.","Die ersten Worte der ersten Zeile der Hymne.","A himnusz első sorának első szavai.","Primele cuvinte din primul vers al imnului.","الكلمات الأولى من السطر الأول من النشيد الوطني."
"marseillaise_2",8827921471889408,"De la patrie","De la patrie","Della patria","De la patrie","De la patrie","De la patrie","De la patrie","De la patrie","De la patrie","De la patrie","من الوطن"
"marseillaise_2.desc",8827921471889409,"Words from the anthem’s first line.","Palabras de la primera línea del himno.","Parole dal primo verso dell'inno.","Paroles de la première ligne de l’hymne.","Słowa z pierwszego wersu hymnu.","Слова з першого рядка гімну.","Слова из первой строки гимна.","Worte aus der ersten Zeile der Hymne.","Szavak a himnusz első sorából.","Cuvinte din primul vers al imnului.","كلمات من السطر الأول من النشيد الوطني."
"marseillaise_3",8827921471889410,"Le jour de la gloire","Le jour de la gloire","Le jour de la gloire","Le jour de la gloire","Dzień chwały","Le jour de la loire","Le jour de la gloire","Le jour de la gloire","Le jour de la gloire","Le jour de la gloire","Le jour de la gloire"
"marseillaise_3.desc",8827921471889411,"Words from the anthem’s first line.","Palabras de la primera línea del himno.","Parole dal primo verso dell'inno.","Paroles de la première ligne de l’hymne.","Słowa z pierwszego wersu hymnu.","Слова з першого рядка гімну.","Слова из первой строки гимна.","Worte aus der ersten Zeile der Hymne.","Szavak a himnusz első sorából.","Cuvinte din primul vers al imnului.","كلمات من السطر الأول من النشيد الوطني."
"marseillaise_4",8827921471889412,"Est arrivé","Est arrivé","Est arrivé","Est arrivé","Est Arrivé","Est arrivé","Est arrivé","Est arrivé","Várhatóan megérkezik","Este sosit","Est arrivé"
"marseillaise_4.desc",8827921471889413,"Words from the anthem’s first line.","Palabras de la primera línea del himno.","Parole dal primo verso dell'inno.","Paroles de la première ligne de l’hymne.","Słowa z pierwszego wersu hymnu.","Слова з першого рядка гімну.","Слова из первой строки гимна.","Worte aus der ersten Zeile der Hymne.","Szavak a himnusz első sorából.","Cuvinte din primul vers al imnului.","كلمات من السطر الأول من النشيد الوطني."
"marseillaise_music",8827921471889414,"La Marseillaise","La Marsellesa","La Marsigliese","La Marseillaise","Marsylianka","Марсельєза","Марсельеза","La Marseillaise","La Marseillaise","La Marseillaise","لامارسييز"
"marseillaise_music.desc",8827921471889415,"The French national song. People sing it at big events and sports games.","La canción nacional francesa. Se canta en grandes eventos y partidos deportivos.","L'inno nazionale francese. Viene cantato durante i grandi eventi e le partite sportive.","L'hymne national français. On le chante lors des grands événements et des compétitions sportives.","Francuski hymn narodowy, śpiewany podczas wielkich wydarzeń i zawodów sportowych.","Французька національна пісня. Люди співають її на великих заходах і спортивних іграх.","Французская национальная песня. Её поют на крупных мероприятиях и спортивных играх.","Das französische Nationallied. Es wird bei Großveranstaltungen und Sportspielen gesungen.","A francia nemzeti dal. Az emberek nagy rendezvényeken és sportjátékokon éneklik.","Cântecul național francez. Oamenii îl cântă la evenimente mari și jocuri sportive.","الأغنية الوطنية الفرنسية. يُغنّى بها الناس في المناسبات الكبرى والمباريات الرياضية."
"masquerade_mask",8827921471889416,"Masquerade Mask","Máscara de mascarada","Maschera di Carnevale","Masque de mascarade","Maska karnawałowa","Маскарадна маска","Маскарадная маска","Maskerade-Maske","Álarcos maszk","Masca de mascarada","قناع تنكر"
"masquerade_mask.desc",8827921471889417,"A mask for parties and balls.","Una máscara para fiestas y bailes.","Una maschera per feste e balli.","Un masque pour les fêtes et les bals.","Maska na imprezy i bale.","Маска для вечірок і балів.","Маска для вечеринок и балов.","Eine Maske für Partys und Bälle.","Maszk bulikhoz és bálokhoz.","O mască pentru petreceri și baluri.","قناع للحفلات والحفلات."
"math_compass",8827921471889418,"Compass","Compás","Compasso","Compas","Cyrkiel","Циркуль","Циркуль","Zirkel","Körző","Compas","فرجار"
"math_compass.desc",8827921471889419,"A tool that helps you draw perfect circles. It has two legs like scissors.","Una herramienta que te ayuda a dibujar círculos perfectos. Tiene dos patas, como unas tijeras.","Uno strumento che ti aiuta a disegnare cerchi perfetti. Ha due gambe come forbici.","Un outil qui permet de tracer des cercles parfaits. Il possède deux branches, comme des ciseaux.","Narzędzie, które pomaga rysować idealne okręgi. Ma dwie nogi jak nożyczki.","Інструмент, який допоможе вам малювати ідеальні кола. Має дві ніжки, як ножиці.","Инструмент, который поможет вам рисовать идеальные круги. У него две ножки, как у ножниц.","Ein Werkzeug, mit dem Sie perfekte Kreise zeichnen können. Es hat zwei Schenkel wie eine Schere.","Egy eszköz, amely segít tökéletes körök rajzolásában. Két lába van, mint az ollónak.","Un instrument care te ajută să desenezi cercuri perfecte. Are două picioare ca niște foarfece.","أداة تساعدك على رسم دوائر دقيقة. لها ساقان مثل المقص."
"math_ruler",8827921471889420,"Ruler","Gobernante","Governate","la règle","Linijka","Лінійка","Линейка","Herrscher","Uralkodó","Riglă","حاكم"
"math_ruler.desc",8827921471889421,"A straight tool used to measure how long things are. Rulers have numbers and lines.","Una herramienta recta que se usa para medir la longitud de las cosas. Las reglas tienen números y líneas.","Uno strumento dritto usato per misurare la lunghezza degli oggetti. I righelli hanno numeri e linee.","C'est un outil utilisé pour mesurer et tracer des lignes.","Proste narzędzie do pomiaru długości przedmiotów. Linijki mają cyfry i linie.","Прямий інструмент, який використовується для вимірювання довжини речей. Лінійки мають цифри та лінії.","Прямой инструмент для измерения длины предметов. Линейки имеют деления и цифры.","Ein gerades Werkzeug zum Messen der Länge von Dingen. Lineale haben Zahlen und Linien.","Egy egyenes eszköz a dolgok hosszúságának mérésére. A vonalzóknak számok és vonalak vannak.","Un instrument drept folosit pentru a măsura cât de lungi sunt lucrurile. Rigvetorii au numere și linii.","أداة مستقيمة تُستخدم لقياس طول الأشياء. المسطرة تحتوي على أرقام وخطوط."
"math_setsquare",8827921471889422,"Square","Cuadrado","Piazza","Carré","Ekierka","Квадрат","Квадрат","Quadrat","Négyzet","Pătrat","مربع"
"math_setsquare.desc",8827921471889423,"A triangle-shaped tool used to draw straight lines and right angles in math.","Una herramienta con forma de triángulo que se utiliza para dibujar líneas rectas y ángulos rectos en matemáticas.","Strumento a forma di triangolo utilizzato per disegnare linee rette e angoli retti in matematica.","Un outil en forme de triangle utilisé pour dessiner des lignes droites et des angles droits en mathématiques.","Narzędzie w kształcie trójkąta, służące do rysowania linii prostych i kątów prostych w matematyce.","Інструмент у формі трикутника, який використовується для малювання прямих ліній і прямих кутів у математиці.","Треугольный инструмент, используемый для рисования прямых линий и прямых углов в математике.","Ein dreieckiges Werkzeug, das in der Mathematik zum Zeichnen von geraden Linien und rechten Winkeln verwendet wird.","Egy háromszög alakú eszköz egyenesek és derékszögek rajzolására a matematikában.","Un instrument în formă de triunghi folosit pentru a desena linii drepte și unghiuri drepte în matematică.","أداة على شكل مثلث تستخدم لرسم الخطوط المستقيمة والزوايا القائمة في الرياضيات."
"mazurek_dabrowskiego",8827921471889424,"Mazurek Dąbrowskiego","Mazurek Dąbrowskiego","Mazurek Dąbrowskiego","Mazurek Dąbrowskiego","Mazurek Dąbrowskiego","Мазурек Домбровського","Mazurek Dąbrowskiego","Mazurek Dąbrowskiego","Mazurek Dąbrowskiego","Mazurek Dąbrowskiego","مازوريك دابروفسكيغو"
"mazurek_dabrowskiego.desc",8827921471889425,"Poland’s national anthem.","Himno nacional de Polonia.","Inno nazionale polacco.","L'hymne national de la Pologne.","Hymn narodowy Polski.","Гімн Польщі.","Государственный гимн Польши.","Polens Nationalhymne.","Lengyelország himnusza.","Imnul național al Poloniei.","النشيد الوطني البولندي."
"medieval_market",8827921471889426,"Medieval Market","Mercado medieval","Mercato medievale","Marché médiéval","Rynek średniowieczny","Середньовічний Ринок","Средневековый рынок","Mittelalterlicher Markt","Középkori piac","Piața medievală","السوق في العصور الوسطى"
"medieval_market.desc",8827921471889427,"An old-style market where people buy and sell goods.","Un mercado al estilo antiguo donde la gente compra y vende productos.","Un mercato vecchio stile dove le persone comprano e vendono merci.","Un marché à l'ancienne où les gens achètent et vendent des marchandises.","Stary rynek, na którym ludzie kupują i sprzedają towary.","Старий ринок, де люди купують і продають товари.","Рынок старого образца, где люди покупают и продают товары.","Ein Markt im alten Stil, auf dem Menschen Waren kaufen und verkaufen.","Régi stílusú piac, ahol az emberek árukat vásárolnak és adnak el.","O piață de stil vechi în care oamenii cumpără și vând mărfuri.","سوق على الطراز القديم حيث يشتري الناس ويبيعون البضائع."
"mercury",8827921471889428,"Mercury","Mercurio","Mercurio","Mercure","Merkury","Меркурій","Меркурий","Quecksilber","Higany","Mercur","الزئبق"
"mercury.desc",8827921471889429,"The closest planet to the Sun; small and very fast.","El planeta más cercano al Sol; pequeño y muy rápido.","Il pianeta più vicino al Sole; piccolo e molto veloce.","La planète la plus proche du Soleil ; petite et très rapide.","Najbliższa Słońcu planeta, mała i bardzo szybka.","Найближча до Сонця планета; маленький і дуже швидкий.","Самая близкая к Солнцу планета; маленькая и очень быстрая.","Der der Sonne am nächsten gelegene Planet; klein und sehr schnell.","A Naphoz legközelebbi bolygó; kicsi és nagyon gyors.","Cea mai apropiată planetă de Soare; mic si foarte rapid.","أقرب كوكب إلى الشمس، صغير وسريع جدًا."
"mermaid_of_warsaw",8827921471889430,"Mermaid of Warsaw","Sirena de Varsovia","Sirena di Varsavia","Sirène de Varsovie","Syrenka Warszawska","Русалка Варшавська","Русалка Варшавы","Meerjungfrau von Warschau","Varsói sellő","Sirena din Varșovia","حورية البحر وارسو"
"mermaid_of_warsaw.desc",8827921471889431,"The city’s symbol is a brave mermaid with a sword and shield. You can see her statue by the river.","El símbolo de la ciudad es una valiente sirena con espada y escudo. Su estatua se puede ver junto al río.","Il simbolo della città è una coraggiosa sirena con spada e scudo. La sua statua è visibile lungo il fiume.","Le symbole de la ville est une sirène courageuse armée d'une épée et d'un bouclier. Vous pouvez admirer sa statue au bord de la rivière.","Symbolem miasta jest odważna syrena z mieczem i tarczą. Jej posąg stoi nad Wisłą.","Символом міста є відважна русалка з мечем і щитом. Ви можете побачити її статую біля річки.","Символ города — отважная русалка с мечом и щитом. Её статуя находится у реки.","Das Symbol der Stadt ist eine tapfere Meerjungfrau mit Schwert und Schild. Ihre Statue ist am Fluss zu sehen.","A város jelképe egy bátor sellő karddal és pajzzsal. Láthatjuk a szobrát a folyó mellett.","Simbolul orașului este o sirenă curajoasă cu sabie și scut. Îi poți vedea statuia lângă râu.","رمز المدينة هو حورية بحر شجاعة تحمل سيفًا ودرعًا. يمكنك رؤية تمثالها على ضفاف النهر."
"mermaids_sword",8827921471889432,"Mermaid’s Sword","Espada de sirena","Spada della sirena","L'épée de la sirène","Miecz Syreny","Меч Русалки","Меч русалки","Schwert der Meerjungfrau","Sellő kardja","Sabia sirenei","سيف حورية البحر"
"mermaids_sword.desc",8827921471889433,"The mermaid’s sword that must be returned.","La espada de la sirena que debe ser devuelta.","La spada della sirena che deve essere restituita.","L’épée de la sirène qui doit être rendue.","Miecz syreny, który musi zostać zwrócony.","Меч русалки, який потрібно повернути.","Меч русалки, который необходимо вернуть.","Das Schwert der Meerjungfrau, das zurückgegeben werden muss.","A sellő kardja, amelyet vissza kell adni.","Sabia sirenei care trebuie returnată.","سيف حورية البحر الذي يجب إرجاعه."
"motawa_river",8827921471889434,"Motława River","Río Moldava","Fiume Motława","Rivière Motława","Rzeka Motława","Річка Мотлава","Река Мотлава","Fluss Mottlau","Motława folyó","Râul Motława","نهر موتلاوا"
"motawa_river.desc",8827921471889435,"The river that runs through Gdańsk to the sea.","El río que atraviesa Gdansk hasta el mar.","Il fiume che attraversa Danzica fino al mare.","La rivière qui traverse Gdańsk jusqu'à la mer.","Rzeka płynąca przez Gdańsk.","Річка, що протікає через Гданськ до моря.","Река, протекающая через Гданьск и впадающая в море.","Der Fluss, der durch Danzig zum Meer fließt.","A Gdańskon keresztül a tengerig tartó folyó.","Râul care trece prin Gdańsk până la mare.","النهر الذي يمر عبر غدانسك إلى البحر."
"mountain",8827921471889436,"Mountain","Montaña","Montagna","Montagne","Góra","Гора","Гора","Berg","Hegy","Munte","جبل"
"mountain_guide",8827921471889438,"Mountain Guide","Guía de montaña","Guida alpina","Guide de montagne","Przewodnik górski","Гірський путівник","Горный гид","Bergführer","Hegyi kalauz","Ghid montan","دليل الجبل"
"mountain_guide.desc",8827921471889439,"A person who helps people climb safely.","Una persona que ayuda a la gente a escalar con seguridad.","Una persona che aiuta le persone ad arrampicarsi in sicurezza.","Une personne qui aide les gens à grimper en toute sécurité.","Osoba, która pomaga ludziom bezpiecznie się wspinać.","Людина, яка допомагає людям безпечно підніматися.","Человек, который помогает людям безопасно совершать восхождения.","Eine Person, die Menschen beim sicheren Klettern hilft.","Olyan személy, aki segít az embereknek biztonságosan mászni.","O persoană care îi ajută pe oameni să urce în siguranță.","الشخص الذي يساعد الناس على التسلق بأمان."
"mountain.desc",8827921471889437,"The pillars of earth","Los pilares de la tierra","I pilastri della terra","Les piliers de la terre","Filary ziemi","Стовпи землі","Столпы земли","Die Säulen der Erde","A föld oszlopai","Stâlpii pământului","أعمدة الأرض"
"musical_score",8827921471889442,"Musical Score","Partitura musical","Spartito musicale","Partition musicale","Partytura muzyczna","Музична партитура","Музыкальное сопровождение","Musikpartitur","Zenei kotta","Partitură muzicală","النوتة الموسيقية"
"musical_score.desc",8827921471889443,"The written notes and words for a song.","Las notas escritas y las palabras de una canción.","Le note scritte e le parole di una canzone.","Les notes écrites et les paroles d'une chanson.","Zapis nutowy i słowa piosenki.","Написані ноти і слова для пісні.","Написанные ноты и слова песни.","Die geschriebenen Noten und Worte für ein Lied.","Az írott jegyzetek és szavak egy dalhoz.","Notele și cuvintele scrise pentru un cântec.","ملاحظات وكلمات مكتوبة لأغنية."
"national_stadium_warsaw",8827921471889446,"National Stadium (Warsaw)","Estadio Nacional (Varsovia)","Stadio Nazionale (Varsavia)","Stade national (Varsovie)","Stadion Narodowy (Warszawa)","Національний стадіон (Варшава)","Национальный стадион (Варшава)","Nationalstadion (Warschau)","Nemzeti Stadion (Varsó)","Stadionul național (Varșovia)","الملعب الوطني (وارسو)"
"national_stadium_warsaw.desc",8827921471889447,"A modern stadium for football games and concerts.","Un estadio moderno para partidos de fútbol y conciertos.","Uno stadio moderno per partite di calcio e concerti.","Un stade moderne pour les matchs de football et les concerts.","Nowoczesny stadion, na którym rozgrywane są mecze lub organizowane są koncerty.","Сучасний стадіон для футбольних ігор та концертів.","Современный стадион для футбольных матчей и концертов.","Ein modernes Stadion für Fußballspiele und Konzerte.","Modern stadion futballmérkőzésekhez és koncertekhez.","Un stadion modern pentru jocuri de fotbal și concerte.","ملعب حديث لمباريات كرة القدم والحفلات الموسيقية."
"navigation",8827921471889448,"Navigation","Navegación","Navigazione","Navigation","Nawigacja","Навігація","Навигация","Navigation","Navigáció","Navigare","ملاحة"
"navigation.desc",8827921471889449,"Finding the way at sea using lights, maps, and tools.","Encontrar el camino en el mar usando luces, mapas y herramientas.","Orientarsi in mare utilizzando luci, mappe e strumenti.","Trouver son chemin en mer à l'aide de lumières, de cartes et d'outils.","Wyznaczanie drogi na morzu za pomocą świateł, map i przyrządów nawigacyjnych.","Знайти шлях у морі за допомогою вогнів, карт та інструментів.","Ориентирование на море с помощью огней, карт и инструментов.","Mit Lichtern, Karten und Werkzeugen den Weg auf See finden.","Útkeresés a tengeren fények, térképek és eszközök segítségével.","Găsirea drumului pe mare folosind lumini, hărți și instrumente.","العثور على الطريق في البحر باستخدام الأضواء والخرائط والأدوات."
"necklace",8827921471889450,"Necklace","Collar","Collana","Collier","Naszyjnik","Кольє","Ожерелье","Halskette","Nyaklánc","Colier","قلادة"
"necklace.desc",8827921471889451,"A string of beads or shells you wear around your neck.","Una tira de cuentas o conchas que se lleva alrededor del cuello.","Una collana di perline o conchiglie da indossare intorno al collo.","Un collier de perles ou de coquillages que vous portez autour du cou.","Sznur koralików lub muszelek noszony na szyi.","Нитка намистин або черепашок, яку ви носите на шиї.","Нитка бус или ракушек, которую вы носите на шее.","Eine Perlen- oder Muschelkette, die Sie um den Hals tragen.","Egy gyöngysor vagy kagyló, amelyet a nyakában hord.","Un șir de mărgele sau scoici pe care îl porți în jurul gâtului.","سلسلة من الخرز أو الأصداف ترتديها حول رقبتك."
"neptune",8827921471889452,"Neptune","Neptuno","Nettuno","Neptune","Neptun","Нептун","Нептун","Neptun","Neptun","Neptun","نبتون"
"neptune_s_fountain",8827921476083712,"Neptune's Fountain","Fuente de Neptuno","Fontana di Nettuno","La fontaine de Neptune","Fontanna Neptuna","Фонтан Нептуна","Фонтан Нептуна","Neptunbrunnen","Neptun-kút","Fântâna lui Neptun","نافورة نبتون"
"neptune_s_fountain.desc",8827921476083713,"A famous fountain in Gdańsk with the sea god statue.","Una famosa fuente en Gdansk con la estatua del dios del mar.","Una famosa fontana di Danzica con la statua del dio del mare.","Une célèbre fontaine de Gdańsk avec la statue du dieu de la mer.","Słynna fontanna w Gdańsku z figurą boga morza.","Відомий фонтан у Гданську зі статуєю морського бога.","Знаменитый фонтан в Гданьске со статуей морского бога.","Ein berühmter Brunnen in Danzig mit der Statue des Meeresgottes.","Egy híres szökőkút Gdańskban a tengeristen szobrával.","O fântână faimoasă din Gdańsk cu statuia zeului mării.","نافورة شهيرة في غدانسك تضم تمثال إله البحر."
"neptune.desc",8827921471889453,"The sea god from old stories.","El dios del mar de las historias antiguas.","Il dio del mare delle vecchie storie.","Le dieu de la mer des vieilles histoires.","Bóg morza ze starych opowieści.","Морський бог із старих оповідань.","Морской бог из старых сказаний.","Der Meeresgott aus alten Geschichten.","A tenger istene a régi történetekből.","Zeul mării din povești vechi.","إله البحر من القصص القديمة."
"nicolaus_copernicus",8827921476083714,"Nicolaus Copernicus","Nicolás Copérnico","Niccolò Copernico","Nicolas Copernic","Mikołaj Kopernik","Микола Коперник","Николай Коперник","Nikolaus Kopernikus","Miklós Kopernikusz","Nicolaus Copernic","نيكولاس كوبرنيكوس"
"nicolaus_copernicus_house",8827921476083716,"Nicolaus Copernicus’ House","Casa de Nicolás Copérnico","Casa di Niccolò Copernico","Maison de Nicolas Copernic","Dom Mikołaja Kopernika","Будинок Миколи Коперника","Дом Николая Коперника","Nikolaus-Kopernikus-Haus","Miklós Kopernikusz háza","Casa lui Nicolaus Copernic","منزل نيكولاس كوبرنيكوس"
"nicolaus_copernicus_house.desc",8827921476083717,"It’s now a museum where you can learn about his life and scientific achievements.","Actualmente es un museo donde se puede aprender sobre su vida y sus logros científicos.","Ora è un museo dove è possibile scoprire di più sulla sua vita e sui suoi successi scientifici.","C'est aujourd'hui un musée où vous pourrez en apprendre davantage sur sa vie et ses réalisations scientifiques.","Obecnie mieści się tam muzeum, w którym można poznać historię jego życia i osiągnięć naukowych.","Зараз це музей, де можна дізнатися про його життя та наукові досягнення.","Сейчас здесь находится музей, где можно узнать о его жизни и научных достижениях.","Heute ist es ein Museum, in dem Sie mehr über sein Leben und seine wissenschaftlichen Errungenschaften erfahren können.","Ma múzeum, ahol megismerheti életét és tudományos eredményeit.","Acum este un muzeu unde puteți afla despre viața lui și realizările științifice.","أصبح الآن متحفًا حيث يمكنك التعرف على حياته وإنجازاته العلمية."
"nicolaus_copernicus_monument_warsaw",8827921476083718,"Nicolaus Copernicus Monument (Warsaw)","Monumento a Nicolás Copérnico (Varsovia)","Monumento a Nicola Copernico (Varsavia)","Monument Nicolas Copernic (Varsovie)","Pomnik Mikołaja Kopernika (Warszawa)","Пам'ятник Миколі Копернику (Варшава)","Памятник Николаю Копернику (Варшава)","Nikolaus-Kopernikus-Denkmal (Warschau)","Miklós Kopernikusz emlékmű (Varsó)","Monumentul lui Nicolaus Copernic (Varșovia)","نصب نيكولاس كوبرنيكوس التذكاري (وارسو)"
"nicolaus_copernicus_monument_warsaw.desc",8827921476083719,"A monument to the astronomer Nicolaus Copernicus.","Un monumento al astrónomo Nicolás Copérnico.","Monumento all'astronomo Niccolò Copernico.","Un monument à l'astronome Nicolas Copernic.","Pomnik astronoma Mikołaja Kopernika.","Пам'ятник астроному Миколі Копернику.","Памятник астроному Николаю Копернику.","Ein Denkmal für den Astronomen Nikolaus Kopernikus.","Miklós Kopernikusz csillagász emlékműve.","Un monument al astronomului Nicolaus Copernic.","نصب تذكاري لعالم الفلك نيكولاس كوبرنيكوس."
"nicolaus_copernicus.desc",8827921476083715,"A brilliant scientist from Poland who discovered that the Earth goes around the Sun, not the other way around! This changed how we understand space.","Un brillante científico polaco descubrió que la Tierra gira alrededor del Sol, ¡y no al revés! Esto cambió nuestra comprensión del espacio.","Un brillante scienziato polacco ha scoperto che è la Terra a girare intorno al Sole, non il contrario! Questo ha cambiato il nostro modo di concepire lo spazio.","Un brillant scientifique polonais a découvert que la Terre tourne autour du Soleil, et non l'inverse ! Cela a révolutionné notre compréhension de l'espace.","Genialny naukowiec z Polski, który odkrył, że to Ziemia krąży wokół Słońca, a nie odwrotnie! To zmieniło nasze rozumienie kosmosu.","Геніальний вчений з Польщі, який відкрив, що Земля обертається навколо Сонця, а не навпаки! Це змінило наше розуміння космосу.","Гениальный учёный из Польши, открывший, что Земля вращается вокруг Солнца, а не наоборот! Это изменило наше понимание космоса.","Ein brillanter Wissenschaftler aus Polen entdeckte, dass sich die Erde um die Sonne dreht und nicht umgekehrt! Dies veränderte unser Verständnis des Weltraums.","Egy zseniális lengyel tudós, aki felfedezte, hogy a Föld kering a Nap körül, nem pedig fordítva! Ez megváltoztatta a tér megértését.","Un om de știință strălucit din Polonia care a descoperit că Pământul se învârte în jurul Soarelui, nu invers! Acest lucru a schimbat modul în care înțelegem spațiul.","عالمٌ بولنديٌّ بارعٌ اكتشف أن الأرض تدور حول الشمس، وليس العكس! غيّر هذا فهمنا للفضاء."
"note_do",8827921476083720,"C","Do","Do","Do","Do","До","До","C","Do","Do","و"
"note_do.desc",8827921476083721,"A musical note.","Una nota musical.","Una nota musicale.","Une note de musique.","Nuta muzyczna.","Музична нота.","Музыкальная нота.","Eine Musiknote.","Egy hangjegy.","O notă muzicală.",
"note_fa",8827921476083722,"F","Fa","Fa","Fa","Fa","Фа","Фа","F","Fa","Fa","فا"
"note_fa.desc",8827921476083723,"A musical note.","Una nota musical.","Una nota musicale.","Une note de musique.","Nuta muzyczna.","Музична нота.","Музыкальная нота.","Eine Musiknote.","Egy hangjegy.","O notă muzicală.","نوتة موسيقية."
"note_la",8827921476083724,"A","La","La","La","La","Ля","Ля","A","La","La","لا"
"note_la.desc",8827921476083725,"A musical note.","Una nota musical.","Una nota musicale.","Une note de musique.","Nuta muzyczna.","Музична нота.","Музыкальная нота.","Eine Musiknote.","Egy hangjegy.","O notă muzicală.","نوتة موسيقية."
"note_mi",8827921476083726,"E","Mi","Mi","Mi","Mi","Мі","Мі","E","Mi","Mi","مي"
"note_mi.desc",8827921476083727,"A musical note.","Una nota musical.","Una nota musicale.","Une note de musique.","Nuta muzyczna.","Музична нота.","Музыкальная нота.","Eine Musiknote.","Egy hangjegy.","O notă muzicală.","نوتة موسيقية."
"note_re",8827921476083728,"D","Re","Re","Ré","Re","Ре","Ре","D","Re","Re","يكرر"
"note_re.desc",8827921476083729,"A musical note.","Una nota musical.","Una nota musicale.","Une note de musique.","Nuta muzyczna.","Музична нота.","Музыкальная нота.","Eine Musiknote.","Egy hangjegy.","O notă muzicală.","نوتة موسيقية."
"note_si",8827921476083730,"B","Si","Si","Si","Si","Сі","Сі","H","Si","Si","سي"
"note_si.desc",8827921476083731,"A musical note.","Una nota musical.","Una nota musicale.","Une note de musique.","Nuta muzyczna.","Музична нота.","Музыкальная нота.","Eine Musiknote.","Egy hangjegy.","O notă muzicală.","نوتة موسيقية."
"note_sol",8827921476083732,"G","Sol","Sol","Sol","Sol","Соль","Соль","G","Sol","Sol","سول"
"note_sol.desc",8827921476083733,"A musical note.","Una nota musical.","Una nota musicale.","Une note de musique.","Nuta muzyczna.","Музична нота.","Музыкальная нота.","Eine Musiknote.","Egy hangjegy.","O notă muzicală.","نوتة موسيقية."
"notre_dame_de_paris",8827921476083734,"Notre-Dame de Paris","Notre Dame de París","Notre-Dame de Paris","Notre-Dame de Paris","Katedra Notre-Dame w Paryżu","Нотр-Дам де Парі","Нотр-Дам де Пари","Notre-Dame de Paris","Párizsi Notre-Dame","Notre-Dame de Paris","نوتردام دي باريس"
"notre_dame_de_paris_fire",8827921476083736,"Notre-Dame Fire","Incendio de Notre Dame","Incendio di Notre-Dame","Incendie de Notre-Dame","Pożar Notre-Dame","Вогонь Нотр-Дам","Пожар в Нотр-Дам","Brand von Notre-Dame","Notre-Dame tűz","Incendiul Notre-Dame","حريق نوتردام"
"notre_dame_de_paris_fire.desc",8827921476083737,"In 2019, a big fire damaged the beautiful Notre-Dame Cathedral in Paris. Many people worked together to save this important building.","En 2019, un gran incendio dañó la hermosa Catedral de Notre Dame de París. Muchas personas trabajaron juntas para salvar este importante edificio.","Nel 2019, un grande incendio ha danneggiato la splendida Cattedrale di Notre-Dame a Parigi. Molte persone hanno collaborato per salvare questo importante edificio.","En 2019, un important incendie a endommagé la magnifique cathédrale Notre-Dame de Paris. De nombreuses personnes se sont mobilisées pour sauver cet important édifice.","W 2019 roku wielki pożar zniszczył piękną katedrę Notre-Dame w Paryżu. Wiele osób współpracowało, aby uratować ten ważny budynek.","У 2019 році велика пожежа пошкодила прекрасний собор Паризької Богоматері. Багато людей працювали разом, щоб зберегти цю важливу будівлю.","В 2019 году сильный пожар повредил прекрасный собор Парижской Богоматери. Многие люди объединили усилия, чтобы спасти это важное сооружение.","Im Jahr 2019 beschädigte ein Großbrand die wunderschöne Kathedrale Notre-Dame in Paris. Viele Menschen arbeiteten zusammen, um dieses wichtige Gebäude zu retten.","2019-ben egy nagy tűz rongálta meg a gyönyörű párizsi Notre-Dame katedrálist. Sokan dolgoztak együtt e fontos épület megmentésén.","În 2019, un mare incendiu a afectat frumoasa catedrală Notre-Dame din Paris. Mulți oameni au lucrat împreună pentru a salva această clădire importantă.","في عام ٢٠١٩، ألحق حريق هائل أضرارًا بالغة بكاتدرائية نوتردام الرائعة في باريس. تضافرت جهود العديد من الجهات لإنقاذ هذا المبنى المهم."
"notre_dame_de_paris.desc",8827921476083735,"A beautiful cathedral in Paris. Its colorful glass windows tell stories.","Una hermosa catedral en París. Sus coloridos vitrales cuentan historias.","Una splendida cattedrale di Parigi. Le sue vetrate colorate raccontano storie.","Une magnifique cathédrale parisienne. Ses vitraux colorés racontent des histoires.","Piękna katedra w Paryżu. Jej kolorowe witraże opowiadają historie.","Гарний собор у Парижі. Його кольорові скляні вікна розповідають історії.","Прекрасный собор в Париже. Его разноцветные витражи рассказывают истории.","Eine wunderschöne Kathedrale in Paris. Ihre bunten Glasfenster erzählen Geschichten.","Egy gyönyörű katedrális Párizsban. Színes üvegablakai történeteket mesélnek.","O catedrală frumoasă din Paris. Ferestrele sale de sticlă colorate spun povești.","كاتدرائية جميلة في باريس. نوافذها الزجاجية الملونة تروي قصصًا."
"number_0",20609757533429760,"Number 0","Número 0","Numero 0","Numéro 0","Cyfra 0","Номер 0","Номер 0","Nummer 0","0. szám","Numărul 0","الرقم 0"
"number_0.desc",20609757562789888,"The number for nothing, but still important! It comes before all the others.","El número no sirve para nada, ¡pero sigue siendo importante! Va antes que todos los demás.","Il numero che non conta niente, ma è comunque importante! Viene prima di tutti gli altri.","Ce numéro est superflu, mais il est important ! Il vient avant tous les autres.","Liczba oznaczająca nic, ale wciąż ważna! Jest ważniejsza niż wszystkie inne.","Номер даремний, але все одно важливий! Воно передує всім іншим.","Число ничего не значащее, но всё же важное! Оно идёт перед всеми остальными.","Die Nummer ist zwar nichtssagend, aber trotzdem wichtig! Sie steht vor allen anderen.","A szám semmi, de akkor is fontos! Az összes többi előtt áll.","Numarul degeaba, dar totusi important! Vine înaintea tuturor celorlalți.","الرقم ليس له أي قيمة، ولكنه مهم! إنه يأتي قبل كل الأرقام الأخرى."
"number_1",20609757562789889,"Number 1","Número 1","Numero 1","Numéro 1","Cyfra 1","Номер 1","Номер 1","Nummer 1","1. szám","Numărul 1","رقم 1"
"number_1.desc",20609757562789890,"The very first number! It means just one thing.","¡El primer número! Solo significa una cosa.","Il primo numero! Significa solo una cosa.","Le tout premier chiffre ! Il ne signifie qu'une chose.","Pierwsza liczba, wskazuje tylko jedną rzecz.","Найперше число! Це означає лише одне.","Самая первая цифра! Она означает только одно.","Die allererste Zahl! Sie bedeutet nur eines.","A legelső szám! Ez csak egy dolgot jelent.","Primul număr! Înseamnă un singur lucru.","الرقم الأول! يعني شيئًا واحدًا فقط."
"number_2",20609757562789891,"Number 2","Número 2","Numero 2","Numéro 2","Cyfra 2","Номер 2","Номер 2","Nummer 2","2. szám","Numărul 2","رقم 2"
"number_2.desc",20609757562789892,"A pair, like two eyes or two shoes. It loves to have a friend!","Un par, como dos ojos o dos zapatos. ¡Le encanta tener un amigo!","Un paio, come due occhi o due scarpe. Ama avere un amico!","Une paire, comme deux yeux ou deux chaussures. Il adore avoir un ami !","Para, jak dwoje oczu albo dwa buty. Uwielbia mieć przyjaciela!","Пара, як два ока чи два черевики. Воно любить мати друга!","Пара, как два глаза или две туфли. Обожает дружить!","Ein Paar, wie zwei Augen oder zwei Schuhe. Es liebt es, einen Freund zu haben!","Egy pár, mint két szem vagy két cipő. Szereti, ha van barátja!","O pereche, ca doi ochi sau doi pantofi. Îi place să aibă un prieten!","زوج، كعينين أو حذاءين. يُحب أن يكون له صديق!"
"number_3",20609757562789893,"Number 3","Número 3","Numero 3","Numéro 3","Cyfra 3","Номер 3","Номер 3","Nummer 3","3. szám","Numărul 3","رقم 3"
"number_3.desc",20609757562789894,"Three means a group. like a tripod or tricycle!","¡Tres significa un grupo! ¡Como un trípode o un triciclo!","Tre significa un gruppo, come un treppiede o un triciclo!","Trois signifie un groupe, comme un trépied ou un tricycle !","Trzy oznaczają grupę, np. trójnóg lub rower trójkołowy!","Три означає групу. як штатив або триколісний велосипед!","Три означает группу. Как штатив или трехколесный велосипед!","Drei bedeutet eine Gruppe. Wie ein Stativ oder Dreirad!","A három csoportot jelent. mint egy állvány vagy tricikli!","Trei înseamnă un grup. ca un trepied sau o tricicletă!","ثلاثة تعني مجموعة. مثل حامل ثلاثي أو دراجة ثلاثية العجلات!"
"number_4",20609757562789895,"Number 4","Número 4","Numero 4","Numéro 4","Cyfra 4","Номер 4","Номер 4","Nummer 4","4. szám","Numărul 4","رقم 4"
"number_4.desc",20609757562789896,"Four makes things steady, like table legs. It’s strong and balanced!","Cuatro hace que las cosas sean estables, como las patas de una mesa. ¡Es fuerte y equilibrado!","Il quattro rende le cose stabili, come le gambe del tavolo. È forte ed equilibrato!","Quatre pieds assurent la stabilité, comme des pieds de table. C'est solide et équilibré !","Cztery rzeczy zapewniają stabilność, jak nogi stołu. Są mocne i wyważone!","Чотири робить речі стійкими, як ніжки столу. Він сильний і збалансований!","Число четыре делает вещи устойчивыми, например, ножки стола. Оно прочное и сбалансированное!","Vier sorgt für Stabilität, wie Tischbeine. Es ist stark und ausgewogen!","A négy stabillá teszi a dolgokat, mint az asztallábak. Erős és kiegyensúlyozott!","Patru face lucrurile stabile, precum picioarele mesei. Este puternic și echilibrat!","الرقم أربعة يجعل الأشياء ثابتة، مثل أرجل الطاولة. إنه قوي ومتوازن!"
"oath_of_the_horatii_david",8827921476083738,"Oath of the Horatii (David)","Juramento de los Horacios (David)","Giuramento degli Orazi (David)","Le serment des Horaces (David)","Przysięga Horacjuszy (David)","Клятва Горація (David)","Клятва Горациев (David)","Eid der Horatier (David)","Horatii esküje (David)","Jurământul Horaților (David)","قسم الحوراتي (داود)"
"oath_of_the_horatii_david.desc",8827921476083739,"A painting of three brothers making a brave promise.","Un cuadro de tres hermanos haciendo una valiente promesa.","Un dipinto raffigurante tre fratelli che fanno una promessa coraggiosa.","Un tableau représentant trois frères faisant une promesse courageuse.","Obraz przedstawiający trzech braci składających odważną obietnicę.","Картина трьох братів, які дають сміливу обіцянку.","Картина, изображающая трех братьев, дающих смелое обещание.","Ein Gemälde von drei Brüdern, die ein mutiges Versprechen geben.","Egy festmény három testvérről, akik bátor ígéretet tesznek.","Un tablou cu trei frați care fac o promisiune curajoasă.","لوحة لثلاثة إخوة يقطعون وعدًا شجاعًا."
"object_canteen_menu",7717548274475055,"Canteen menu","Menú de la cantina","Menù della mensa","Menu de la cantine","Menu stołówki","Меню їдальні","Меню столовой","Mensa-Speisekarte","Menza menü","Meniul cantinei","قائمة الكافتيريا"
"object_canteen_menu.desc",7717548278669312,"A list that shows what food you can eat at school lunch. It helps you choose what to eat!","Una lista que muestra qué alimentos puedes comer en el almuerzo escolar. ¡Te ayuda a elegir qué comer!","Un elenco che mostra quali alimenti puoi mangiare a scuola. Ti aiuta a scegliere cosa mangiare!","Une liste des aliments autorisés à la cantine. Elle vous aide à choisir vos repas !","Lista dań, które możesz wybrać na szkolny obiad.","Список, який показує, яку їжу можна їсти під час шкільного обіду. Це допоможе вам вибрати, що їсти!","Список того, что можно есть в школьном обеде. Поможет вам выбрать, что есть!","Eine Liste, die zeigt, was Sie in der Schule zu Mittag essen dürfen. Sie hilft Ihnen bei der Auswahl!","Egy lista, amely megmutatja, milyen ételeket ehet az iskolai ebédre. Segít kiválasztani, mit egyél!","O listă care arată ce alimente puteți mânca la prânzul școlii. Te ajută să alegi ce să mănânci!","قائمة توضح أنواع الطعام المسموح بتناوله في غداء المدرسة. تساعدك على اختيار ما ترغب بتناوله!"
"odra_river_map",16699856520208384,"Odra river map","Mapa del río Óder","Mappa del fiume Odra","Carte de l'Oder","Mapa rzeki Odry","Карта річки Одра","Карта реки Одра","Oder-Flusskarte","Odra folyó térképe","Harta râului Odra","خريطة نهر أودرا"
"odra_river_map.desc",16699856520208385,"A simple map that shows the Odra River in Poland and the way it flows to the Baltic Sea","Un mapa sencillo que muestra el río Óder en Polonia y su curso hacia el mar Báltico.","Una semplice mappa che mostra il fiume Odra in Polonia e il modo in cui scorre verso il Mar Baltico","Une carte simple qui montre la rivière Odra en Pologne et la façon dont elle coule vers la mer Baltique","Prosta mapa przedstawiająca rzekę Odrę w Polsce i jej ujście do Morza Bałtyckiego","Проста карта, яка показує річку Одра в Польщі та шлях її течії до Балтійського моря","Простая карта, показывающая реку Одра в Польше и путь ее впадения в Балтийское море.","Eine einfache Karte, die die Oder in Polen und ihren Weg zur Ostsee zeigt","Egy egyszerű térkép, amely bemutatja a lengyelországi Odra folyót és a Balti-tengerbe ömlő utat","O hartă simplă care arată râul Odra din Polonia și modul în care curge în Marea Baltică","خريطة بسيطة توضح نهر أودرا في بولندا وطريقة تدفقه إلى بحر البلطيق"
"olga_tokarczuk",8827921476083740,"Olga Tokarczuk","Olga Tokarczuk","Olga Tokarczuk","Olga Tokarczuk","Olga Tokarczuk","Ольга Токарчук","Ольга Токарчук","Olga Tokarczuk","Tokarczuk Olga","Olga Tokarczuk","أولغا توكارتشوك"
"olga_tokarczuk.desc",8827921476083741,"A famous Polish writer who lives in Wrocław.","Un famoso escritor polaco que vive en Wrocław.","Un famoso scrittore polacco che vive a Breslavia.","Un célèbre écrivain polonais qui vit à Wrocław.","Znana polska pisarka mieszkająca we Wrocławiu.","Відомий польський письменник, який живе у Вроцлаві.","Известный польский писатель, живущий во Вроцлаве.","Ein berühmter polnischer Schriftsteller, der in Breslau lebt.","Egy híres lengyel író, aki Wrocławban él.","Un celebru scriitor polonez care locuiește la Wrocław.","كاتب بولندي مشهور يعيش في فروتسواف."
"palace_of_culture_and_science",8827921476083742,"Palace of Culture and Science","Palacio de la Cultura y la Ciencia","Palazzo della Cultura e della Scienza","Palais de la culture et de la science","Pałac Kultury i Nauki","Палац культури і науки","Дворец культуры и науки","Palast der Kultur und Wissenschaft","Kultúra és Tudomány Palotája","Palatul Culturii și Științei","قصر الثقافة والعلوم"
"palace_of_culture_and_science.desc",8827921476083743,"A tall building for museums, theaters, and learning.","Un edificio alto para museos, teatros y aprendizaje.","Un edificio alto per musei, teatri e centri di apprendimento.","Un grand bâtiment pour les musées, les théâtres et l'apprentissage.","Bardzo wysoki budynek, w którym są muzea, teatry, kino i restauracje.","Висока будівля для музеїв, театрів і навчання.","Высотное здание для музеев, театров и учебных заведений.","Ein hohes Gebäude für Museen, Theater und Bildung.","Magas épület múzeumok, színházak és tanulás számára.","O clădire înaltă pentru muzee, teatre și învățare.","مبنى طويل للمتاحف والمسارح والتعلم."
"panorama_racawicka",8827921476083744,"Panorama Racławicka","Panorama de Racławicka","Panorama Racławicka","Panorama de Racławicka","Panorama Racławicka","Панорама Рацлавицька","Рацлавицкая панорама","Panorama Racławicka","Panoráma Racławicka","Panorama Racławicka","بانوراما راكلافيكا"
"panorama_racawicka.desc",8827921476083745,"A giant painting all around you about a historic battle.","Una pintura gigante a tu alrededor sobre una batalla histórica.","Un dipinto gigante tutto intorno a te che racconta una battaglia storica.","Un tableau géant tout autour de vous sur une bataille historique.","Otacza Cię gigantyczny obraz przedstawiający historyczną bitwę.","Навколо вас гігантська картина про історичну битву.","Гигантская картина вокруг вас, изображающая историческую битву.","Überall um Sie herum ist ein riesiges Gemälde einer historischen Schlacht zu sehen.","Óriási festmény körülötted egy történelmi csatáról.","O pictură uriașă în jurul tău despre o bătălie istorică.","لوحة فنية عملاقة تحيط بك تتحدث عن معركة تاريخية."
"parapet",8827921476083746,"Parapet","Parapeto","Parapetto","Parapet","Parapet","Парапет","Парапет","Geländer","Mellvéd","Parapet","الحاجز"
"parapet.desc",8827921476083747,"The low wall at the edge of the ramparts.","El muro bajo en el borde de las murallas.","Il basso muro al limite delle mura.","Le muret au bord des remparts.","Niski mur na skraju wałów obronnych.","Низький мур на краю валів.","Низкая стена на краю крепостных валов.","Die niedrige Mauer am Rande der Stadtmauer.","Az alacsony fal a sáncok szélén.","Zidul de jos de la marginea meterezelor.","الجدار المنخفض على حافة الأسوار."
"parrot",8827921476083748,"Parrot","Loro","Pappagallo","Perroquet","Papuga","папуга","Попугай","Papagei","Papagáj","Papagal","ببغاء"
"parrot.desc",8827921476083749,"A bright bird that can copy sounds.","Un pájaro brillante que puede copiar sonidos.","Un uccello brillante che sa imitare i suoni.","Un oiseau brillant qui peut copier des sons.","Kolorowy ptak, który potrafi naśladować dźwięki.","Яскравий птах, який вміє копіювати звуки.","Яркая птица, умеющая копировать звуки.","Ein intelligenter Vogel, der Geräusche nachahmen kann.","Fényes madár, amely képes hangokat másolni.","O pasăre strălucitoare care poate copia sunete.","طائر ذكي يمكنه تقليد الأصوات."
"peacock",8827921476083750,"Peacock","Pavo real","Pavone","Paon","Paw","Павич","Павлин","Pfau","Páva","Păun","الطاووس"
"peacock.desc",8827921476083751,"A colorful bird with a big tail of feathers.","Un pájaro colorido con una gran cola de plumas.","Un uccello colorato con una grande coda di piume.","Un oiseau coloré avec une grande queue de plumes.","Kolorowy ptak z dużym ogonem z piór.","Барвистий птах із великим хвостом із пір’я.","Красочная птица с большим хвостом из перьев.","Ein bunter Vogel mit einem großen Schwanz aus Federn.","Színes madár, nagy farkú tollakkal.","O pasăre colorată cu o coadă mare de pene.","طائر ملون وذيل كبير من الريش."
"person_baker",7717548278669345,"The baker","Panadero","Il panettiere / La panettiera","le boulanger","Piekarz","Бейкер","Бейкер","Bäcker","Pék","Brutar","الخباز"
"person_baker.desc",7717548278669346,"A person who makes bread, cakes, and pastries.","Una persona que hace pan, pasteles y bollería.","Una persona che prepara pane, torte e pasticcini.","Le boulanger fait du pain, des gâteaux et des pâtisseries.","Osoba, która piecze chleb, bułki i różne ciasta.","Людина, яка виготовляє хліб, торти та тістечка.","Человек, который печет хлеб, торты и пирожные.","Eine Person, die Brot, Kuchen und Gebäck herstellt.","Kenyeret, süteményt és péksüteményt készítő személy.","O persoană care face pâine, prăjituri și produse de patiserie.","الشخص الذي يصنع الخبز والكعك والمعجنات."
"person_cheesemonger",7717548278669347,"Cheesemonger","Quesero","casaro","le fromager","Sprzedawca serów","Сироварка","Торговец сыром","Käsehändler","Sajtkereskedő","Brânzar","بائع الجبن"
"person_cheesemonger.desc",7717548278669348,"A person who sells many types of cheese.","Una persona que vende muchos tipos de queso.","Una persona che vende molti tipi di formaggio.","Le fromager vend des produits à base de lait: des yaourts, du fromage...","Osoba sprzedająca wiele rodzajów sera.","Людина, яка продає багато сортів сиру.","Человек, который продает много видов сыра.","Eine Person, die viele Käsesorten verkauft.","Sokféle sajtot árusító személy.","O persoană care vinde multe tipuri de brânză.","الشخص الذي يبيع أنواعًا عديدة من الجبن."
"person_fishmonger",7717548278669349,"Fishmonger","Pescadero","Pescivendolo","le poissonnier","Sprzedawca ryb","Рибний торговець","Торговец рыбой","Fischhändler","Halárus","Negustor de peşte","بائع السمك"
"person_fishmonger.desc",7717548278669350,"A person who sells fresh fish and seafood.","Una persona que vende pescado y marisco fresco.","Persona che vende pesce fresco e frutti di mare.","Le poissonnier vend du poisson frais et des fruits de mer.","Osoba sprzedająca świeże ryby i owoce morza.","Особа, яка продає свіжу рибу та морепродукти.","Человек, торгующий свежей рыбой и морепродуктами.","Eine Person, die frischen Fisch und Meeresfrüchte verkauft.","Olyan személy, aki friss halat és tenger gyümölcseit árul.","O persoană care vinde pește proaspăt și fructe de mare.","الشخص الذي يبيع الأسماك والمأكولات البحرية الطازجة."
"person_greengrocer",7717548278669353,"Greengrocer","Verdulero","Fruttivendolo","Le marchand de fruits et légumes","Sprzedawca warzyw i owoców","Зеленщина","Зеленщик","Gemüsehändler","Gyümölcsárus","Zarzavagiu","بائع خضراوات"
"person_greengrocer.desc",7717548278669354,"A person who sells fresh fruit and vegetables.","Una persona que vende frutas y verduras frescas.","Una persona che vende frutta e verdura fresca.","Ce marchand vend des fruits et légumes frais.","Osoba sprzedająca świeże owoce i warzywa.","Людина, яка продає свіжі фрукти та овочі.","Человек, торгующий свежими фруктами и овощами.","Eine Person, die frisches Obst und Gemüse verkauft.","Friss gyümölcsöt és zöldséget árusító személy.","Persoană care vinde fructe și legume proaspete.","الشخص الذي يبيع الفواكه والخضروات الطازجة."
"person_grocer",7717548278669355,"Grocer","Tendero","Droghiere","l'épicier","Sprzedawca artykułów spożywczych","Бакалійник","Бакалейщик","Lebensmittelhändler","Fűszeres","Băcan","بقال"
"person_grocer.desc",7717548278669356,"A person who sells many kinds of food and drinks.","Una persona que vende todo tipo de alimentos y bebidas.","Persona che vende molti tipi di cibo e bevande.","L'épicier vend différents ingrédients comme le sel, le poivre, l'huile...","Osoba sprzedająca różnego rodzaju żywność i napoje.","Людина, яка продає багато видів їжі та напоїв.","Человек, который продает различные виды еды и напитков.","Eine Person, die viele Arten von Lebensmitteln und Getränken verkauft.","Sokféle ételt és italt árusító személy.","O persoană care vinde multe feluri de alimente și băuturi.","الشخص الذي يبيع أنواعًا عديدة من الأطعمة والمشروبات."
"person_king_sigismund",7717548278669363,"King Sigismund III","El rey Segismundo III","Re Sigismondo III","Le roi Sigismond III","Król Zygmunt III","Король Сигізмунд III","Король Сигизмунд III","König Sigismund III.","Zsigmond király III","Regele Sigismund al III-lea","الملك سيجيسموند الثالث"
"person_king_sigismund.desc",7717548278669364,"A king of Poland who built many beautiful buildings in Warsaw. His statue stands on a tall column in the city center.","Rey de Polonia que construyó numerosos edificios hermosos en Varsovia. Su estatua se alza sobre una alta columna en el centro de la ciudad.","Re di Polonia, che costruì molti splendidi edifici a Varsavia. La sua statua si erge su un'alta colonna nel centro della città.","Roi de Pologne, il fit construire de nombreux et magnifiques édifices à Varsovie. Sa statue se dresse sur une haute colonne au centre-ville.","Król Polski, który wzniósł wiele pięknych budowli w Warszawie. Jego pomnik stoi na wysokiej kolumnie w centrum miasta.","Король Польщі, який побудував у Варшаві багато красивих будівель. Його статуя стоїть на високій колоні в центрі міста.","Король Польши, построивший множество прекрасных зданий в Варшаве. Его статуя установлена ​​на высокой колонне в центре города.","Ein König von Polen, der in Warschau viele schöne Gebäude errichten ließ. Seine Statue steht auf einer hohen Säule im Stadtzentrum.","Lengyelország királya, aki sok szép épületet épített Varsóban. Szobra egy magas oszlopon áll a belvárosban.","Un rege al Poloniei care a construit multe clădiri frumoase în Varșovia. Statuia lui stă pe o coloană înaltă în centrul orașului.","ملك بولندا الذي بنى العديد من المباني الجميلة في وارسو. ينتصب تمثاله على عمود شاهق في وسط المدينة."
"person_leonardodavinci",7717548278669365,"Leonardo da Vinci","Leonardo da Vinci","Leonardo da Vinci","Léonard de Vinci","Leonardo da Vinci","Леонардо да Вінчі","Леонардо да Винчи","Leonardo da Vinci","Leonardo da Vinci","Leonardo da Vinci","ليوناردو دافنشي"
"person_leonardodavinci.desc",7717548278669366,"An amazing artist and scientist from Italy. He painted the Mona Lisa and invented flying machines hundreds of years before airplanes!","Un artista y científico italiano increíble. Pintó la Mona Lisa e inventó las máquinas voladoras cientos de años antes que los aviones.","Un artista e scienziato italiano straordinario. Ha dipinto la Gioconda e inventato macchine volanti centinaia di anni prima degli aeroplani!","Un artiste et scientifique italien exceptionnel. Il a peint la Joconde et inventé les machines volantes des siècles avant les avions !","Niesamowity artysta i naukowiec z Włoch. Namalował Monę Lisę i wynalazł maszyny latające setki lat przed samolotami!","Дивовижний художник і вчений з Італії. Він намалював Мону Лізу і винайшов літальні апарати за сотні років до літаків!","Удивительный художник и учёный из Италии. Он написал «Мону Лизу» и изобрёл летательные аппараты за сотни лет до появления самолётов!","Ein erstaunlicher Künstler und Wissenschaftler aus Italien. Er malte die Mona Lisa und erfand Flugmaschinen Hunderte von Jahren vor Flugzeugen!","Egy csodálatos művész és tudós Olaszországból. Ő festette a Mona Lisát és feltalálta a repülő gépeket több száz évvel a repülőgépek előtt!","Un artist și om de știință uimitor din Italia. A pictat Mona Lisa și a inventat mașini zburătoare cu sute de ani înaintea avioanelor!","فنانٌ وعالمٌ مُبدعٌ من إيطاليا. رسمَ الموناليزا واخترعَ آلاتِ الطيرانِ قبلَ الطائراتِ بمئاتِ السنين!"
"person_president",7717548282863620,"President","Presidente","Presidente","Président","Prezydent","президент","Президент","Präsident","Elnök","Președinte","رئيس"
"person_president.desc",7717548282863621,"The leader chosen to guide the country. People vote in elections.","El líder elegido para guiar al país. El pueblo vota en las elecciones.","Il leader scelto per guidare il Paese. I cittadini votano alle elezioni.","Le dirigeant choisi pour diriger le pays. Les citoyens votent aux élections.","Najważniejsza osoba w kraju, wybrana przez obywateli.","Лідер обраний для керівництва країною. Люди голосують на виборах.","Лидер, избранный для управления страной. Люди голосуют на выборах.","Der gewählte Führer, der das Land führen soll. Die Menschen stimmen bei Wahlen ab.","Az ország irányítására kiválasztott vezető. Az emberek szavaznak a választásokon.","Liderul ales să conducă țara. Oamenii votează la alegeri.","القائد المُختار لقيادة البلاد. يُصوّت الشعب في الانتخابات."
"piano",8827921480278016,"Piano","Piano","Pianoforte","Piano","Fortepian","фортепіано","Фортепиано","Klavier","Zongora","Pian","بيانو"
"piano.desc",8827921480278017,"A keyboard instrument used to play melodies and chords.","Un instrumento de teclado utilizado para tocar melodías y acordes.","Strumento a tastiera utilizzato per suonare melodie e accordi.","Un instrument à clavier utilisé pour jouer des mélodies et des accords.","Duży instrument z klawiszami.","Клавішний інструмент для відтворення мелодій і акордів.","Клавишный инструмент, используемый для исполнения мелодий и аккордов.","Ein Tasteninstrument zum Spielen von Melodien und Akkorden.","Dallamok és akkordok lejátszására használt billentyűs hangszer.","Un instrument cu tastatură folosit pentru a cânta melodii și acorduri.","آلة موسيقية تستخدم لعزف الألحان والأوتار."
"pierogi",8827921480278018,"Polish Pierogi","Pierogi polacos","Pierogi polacchi","Pierogi polonais","Polskie pierogi","Польські п'єроги","Польские вареники","Polnische Pierogi","lengyel Pierogi","polonez Pierogi","بيروجي بولندي"
"pierogi_recipe",16699856520208386,"Pierogi Recipe","Receta de pierogi","Ricetta dei pierogi","Recette de Pierogi","Przepis na pierogi","Рецепт п'єрогі","Рецепт вареников","Pierogi-Rezept","Pierogi recept","Reteta Pierogi","وصفة بيروجي"
"pierogi_recipe.desc",16699856520208387,"Make a soft dough, fill with mashed potatoes and farmer’s cheese, seal, boil until they float—then pan-fry in butter with onions.","Hacer una masa suave, rellenarla con puré de patatas y queso fresco, sellarla, hervirla hasta que flote y luego freírla en mantequilla con cebollas.","Preparare un impasto morbido, farcirlo con purè di patate e formaggio contadino, sigillare, far bollire finché non vengono a galla, quindi soffriggere in padella con burro e cipolle.","Préparez une pâte molle, remplissez-la de purée de pommes de terre et de fromage fermier, fermez-la, faites-la bouillir jusqu'à ce qu'elle flotte, puis faites-la revenir à la poêle dans du beurre avec des oignons.","Przygotuj miękkie ciasto, wytnij koła z ciasta, nałóż puree ziemniaczane i serek wiejski, sklej brzegi. Gotuj, aż pierogi wypłyną na powierzchnię. Podawaj z cebulką podsmażoną na maśle.","Замісити м’яке тісто, наповнити картопляним пюре та фермерським сиром, запечатати, відварити, поки вони не спливуть, потім обсмажити на вершковому маслі з цибулею.","Замесите мягкое тесто, наполните его картофельным пюре и творогом, запечатайте, варите, пока они не всплывут, а затем обжарьте на сливочном масле с луком.","Einen weichen Teig herstellen, mit Kartoffelpüree und Bauernkäse füllen, verschließen, kochen, bis er aufsteigt – dann mit Zwiebeln in Butter anbraten.","Készítsen lágy tésztát, töltse meg burgonyapürével és parasztsajttal, zárja le, forralja, amíg fel nem úszik – majd serpenyőben süsse meg a vajban hagymával.","Faceți un aluat moale, umpleți cu piure de cartofi și brânză de fermier, sigilați, fierbeți până plutesc, apoi prăjiți în unt cu ceapă.","اصنع عجينة طرية، ثم احشيها بالبطاطس المهروسة وجبن المزارع، ثم أغلقيها واتركيها تغلي حتى تطفو، ثم اقليها في الزبدة مع البصل."
"pierogi.desc",8827921480278019,"Dumplings filled with things like potato, cheese, or fruit. They are a famous Polish dish.","Empanadillas rellenas de papa, queso o fruta. Son un plato polaco famoso.","Ravioli ripieni di patate, formaggio o frutta. Sono un famoso piatto polacco.","Raviolis farcis de pommes de terre, de fromage ou de fruits. C'est un plat polonais célèbre.","Pierogi z nadzieniem ziemniaczanym, serowym lub owocowym. To słynne polskie danie.","Вареники з картоплею, сиром або фруктами. Вони є відомою польською стравою.","Клёцки с начинкой из картофеля, сыра или фруктов. Это известное польское блюдо.","Mit Kartoffeln, Käse oder Obst gefüllte Teigtaschen. Sie sind ein berühmtes polnisches Gericht.","Gombóc burgonyával, sajttal vagy gyümölccsel töltött. Ezek egy híres lengyel étel.","Găluște umplute cu lucruri precum cartofi, brânză sau fructe. Sunt un fel de mâncare polonez celebru.","زلابية محشوة بأشياء مثل البطاطس والجبن والفواكه. إنها طبق بولندي شهير."
"pirates",8827921480278020,"French Pirates","Piratas franceses","Pirati francesi","Les pirates","Francuscy piraci","Французькі пірати","Французские пираты","Französische Piraten","Francia kalózok","Piratii francezi","القراصنة الفرنسيون"
"pirates.desc",8827921480278021,"Brave sailors who sailed the seas for the King of France. They were called corsairs and protected French ships from enemies.","Valientes marineros que surcaron los mares para el rey de Francia. Se les llamaba corsarios y protegían a los barcos franceses de los enemigos.","Coraggiosi marinai che solcavano i mari per il re di Francia. Venivano chiamati corsari e proteggevano le navi francesi dai nemici.","Les pirates voyageaient sur des bateaux en mer. Ils s'attaquaient à des navires pour récupérer des objets de valeur ou de l'argent. ","Odważni żeglarze, którzy żeglowali po morzach dla króla Francji. Nazywano ich korsarzami i chronili francuskie statki przed wrogami.","Відважні мореплавці, які плавали по морях для короля Франції. Вони називалися корсарами і захищали французькі кораблі від ворогів.","Отважные мореплаватели, бороздившие моря во имя короля Франции. Их называли корсарами, и они защищали французские корабли от врагов.","Tapfere Seeleute, die für den König von Frankreich über die Meere segelten. Sie wurden Korsaren genannt und schützten französische Schiffe vor Feinden.","Bátor tengerészek, akik a tengeren hajóztak Franciaország királyáért. Korzároknak hívták őket, és megvédték a francia hajókat az ellenségtől.","Marinari curajoși care au navigat pe mări pentru regele Franței. Au fost numiți corsari și au protejat navele franceze de inamici.","بحارة شجعان أبحروا في البحار لملك فرنسا. أُطلق عليهم اسم القراصنة، وحموا السفن الفرنسية من الأعداء."
"place_bridge_cars",7717548282863632,"Bridge for cars","Puente para coches","Ponte per auto","le pont pour voitures","Most dla samochodów","Міст для автомобілів","Мост для автомобилей","Brücke für Autos","Híd autóknak","Pod pentru mașini","جسر للسيارات"
"place_bridge_cars.desc",7717548282863633,"A road that goes over water so cars can drive across rivers and lakes.","Una carretera que pasa sobre el agua para que los coches puedan cruzar ríos y lagos.","Una strada che attraversa l'acqua, consentendo alle auto di attraversare fiumi e laghi.",,"Droga biegnąca nad wodą, dzięki której samochody mogą pokonywać rzeki i jeziora.","Дорога, яка проходить над водою, щоб автомобілі могли їздити через річки та озера.","Дорога, проходящая над водой, чтобы автомобили могли пересекать реки и озера.","Eine Straße, die über Wasser führt, sodass Autos Flüsse und Seen überqueren können.","Egy út, amely átmegy a vízen, hogy az autók áthaladhassanak folyókon és tavakon.","Un drum care trece peste apă, astfel încât mașinile să poată traversa râuri și lacuri.","طريق يمر فوق الماء حتى تتمكن السيارات من القيادة عبر الأنهار والبحيرات."
"place_bridge_people",7717548282863634,"Footbridges","Pasarelas","Passerelle","la passerelle","Kładki dla pieszych","Пішохідні мости","Пешеходные мосты","Fußgängerbrücken","Gyaloghidak","Poduri","جسور المشاة"
"place_bridge_people.desc",7717548282863635,"Small bridges for people walking. They keep you safe from traffic.","Pequeños puentes para peatones. Te protegen del tráfico.","Piccoli ponti per i pedoni. Ti proteggono dal traffico.","Une passerelle est un petit pont. Sur les passerelles, des piétons, vélos et parfois des tramways, bus ou trains peuvent passer.","Małe mostki dla pieszych, dzięki nim można bezpiecznie przejść na druga stronę ulicy.","Маленькі містки для людей, що ходять. Вони захищають вас від трафіку.","Небольшие мостики для пешеходов. Они защищают от движения транспорта.","Kleine Brücken für Fußgänger. Sie schützen Sie vor dem Verkehr.","Kis hidak sétáló emberek számára. Megvédik Önt a forgalomtól.","Poduri mici pentru oameni care merg pe jos. Ele te feresc de trafic.","جسور صغيرة للمشاة. تحميكم من زحمة المرور."
"place_bridge_trains",7717548282863636,"Bridge for trains","Puente para trenes","Ponte per treni","le pont pour trains","Most dla pociągów","Міст для поїздів","Мост для поездов","Brücke für Züge","Híd vonatok számára","Pod pentru trenuri","جسر للقطارات"
"place_bridge_trains.desc",7717548282863637,"A special bridge built strong enough for heavy trains to cross over water.","Un puente especial construido lo suficientemente fuerte para que trenes pesados ​​puedan cruzar sobre el agua.","Un ponte speciale costruito in modo sufficientemente robusto da consentire ai treni pesanti di attraversare l'acqua.",,"Specjalny most o konstrukcji wystarczająco wytrzymałej, aby umożliwić przejazd ciężkich pociągów nad wodą.","Спеціальний міст, побудований достатньо міцним, щоб важкі потяги могли перетинати воду.","Специальный мост, достаточно прочный для того, чтобы по нему могли проходить тяжелые поезда.","Eine spezielle Brücke, die stark genug gebaut ist, damit schwere Züge das Wasser überqueren können.","Egy speciális híd, amelyet elég erősnek építettek ahhoz, hogy nehéz vonatok átkelhessenek a vízen.","Un pod special construit suficient de puternic pentru ca trenurile grele să treacă peste apă.","جسر خاص تم بناؤه بقوة كافية لعبور القطارات الثقيلة فوق الماء."
"place_castle_bridge",7717548282863638,"Castle Bridge","Puente del castillo","Ponte del Castello","Pont du Château","Most Zamkowy","Замковий міст","Замковый мост","Schlossbrücke","Várhíd","Podul Castelului","جسر القلعة"
"place_castle_bridge.desc",7717548282863639,"A bridge near a castle. Castles are big, strong buildings where kings and queens lived long ago.","Un puente cerca de un castillo. Los castillos son edificios grandes y robustos donde vivieron reyes y reinas hace mucho tiempo.","Un ponte vicino a un castello. I castelli sono edifici grandi e robusti, dove un tempo vivevano re e regine.","Un pont près d'un château. Les châteaux sont de grands bâtiments solides où vivaient autrefois rois et reines.","Most w pobliżu zamku. Zamki to duże, potężne budowle, w których dawno temu mieszkali królowie i królowe.","Міст біля замку. Замки - це великі міцні споруди, де колись жили королі та королеви.","Мост возле замка. Замки — это большие, крепкие здания, где давным-давно жили короли и королевы.","Eine Brücke in der Nähe einer Burg. Burgen sind große, starke Gebäude, in denen vor langer Zeit Könige und Königinnen lebten.","Híd a kastély közelében. A kastélyok nagy, erős épületek, ahol régen királyok és királynők éltek.","Un pod lângă un castel. Castelele sunt clădiri mari și puternice în care au trăit regi și regine cu mult timp în urmă.","جسر قرب قلعة. القلاع مبانٍ ضخمة وقوية عاش فيها الملوك والملكات قديمًا."
"place_classroom",7717548282863640,"Classroom","Aula","Aula","la salle de classe","Klasa","Класна кімната","Класс","Klassenzimmer","Tanterem","Sala de clasă","الفصل الدراسي"
"place_classroom.desc",7717548282863641,"A room in school where students sit and learn new things from their teacher.","Un salón de la escuela donde los estudiantes se sientan y aprenden cosas nuevas de su maestro.","Un'aula della scuola dove gli studenti si siedono e imparano cose nuove dal loro insegnante.","Une salle à l'école où les élèves s'assoient et apprennent de nouvelles choses de leur professeur.","Pomieszczenie w szkole, w którym uczniowie uczą się nowych rzeczy.","Кімната в школі, де учні сидять і навчаються новому від свого вчителя.","Комната в школе, где ученики сидят и узнают что-то новое от своего учителя.","Ein Raum in der Schule, in dem Schüler sitzen und von ihrem Lehrer neue Dinge lernen.","Egy szoba az iskolában, ahol a diákok ülnek és új dolgokat tanulnak a tanáruktól.","O cameră din școală în care elevii stau și învață lucruri noi de la profesorul lor.","غرفة في المدرسة يجلس فيها الطلاب ويتعلمون أشياء جديدة من معلمهم."
"place_mont_blanc",7717548282863648,"Mont Blanc","el Monte Blanco","Monte Bianco","Mont Blanc","Mont Blanc","Монблан","Монблан","Mont Blanc","Mont Blanc","Mont Blanc","مونت بلانك"
"place_mont_blanc.desc",7717548282863649,"The highest mountain in Western Europe. Covered in snow all year.","La montaña más alta de Europa Occidental. Cubierta de nieve todo el año.","La montagna più alta dell'Europa occidentale. Coperta di neve tutto l'anno.","La plus haute montagne d'Europe occidentale. Recouverte de neige toute l'année.","Najwyższa góra w Europie Zachodniej. Pokryta śniegiem przez cały rok.","Найвища гора Західної Європи. Цілий рік вкрите снігом.","Самая высокая гора в Западной Европе. Покрыта снегом круглый год.","Der höchste Berg Westeuropas. Das ganze Jahr über schneebedeckt.","Nyugat-Európa legmagasabb hegye. Egész évben hóval borított.","Cel mai înalt munte din Europa de Vest. Acoperit de zăpadă tot anul.","أعلى جبل في غرب أوروبا. مُغطى بالثلوج طوال العام."
"place_odra_river",7717548282863654,"Odra River","Río Óder","fiume Odra","Rivière Odra","Rzeka Odra","Річка Одра","Река Одра","Oder","Odra folyó","Râul Odra","نهر أودرا"
"place_odra_river.desc",7717548282863655,"A big river in western Poland. It helps ships travel and trade.","Un gran río en el oeste de Polonia. Facilita el transporte marítimo y el comercio.","Un grande fiume nella Polonia occidentale. Aiuta le navi a viaggiare e commerciare.","Un grand fleuve de l'ouest de la Pologne. Il facilite la navigation et le commerce.","Duża rzeka w zachodniej Polsce. Umożliwia statkom podróżowanie i handel.","Велика річка в західній Польщі. Це допомагає кораблям подорожувати та торгувати.","Крупная река на западе Польши. Она служит для судоходства и торговли.","Ein großer Fluss im Westen Polens. Er dient der Schifffahrt und dem Handel.","Egy nagy folyó Nyugat-Lengyelországban. Segíti a hajók utazását és kereskedelmét.","Un râu mare în vestul Poloniei. Ajută navele să călătorească și să facă comerț.","نهر كبير في غرب بولندا. يُسهّل على السفن السفر والتجارة."
"place_vistula_river",7717548282863662,"Vistula River (Wisła)","Río Vístula (Wisła)","fiume Vistola (Wisła)","La Vistule (Wisła)","Wisła (Wisła)","Річка Вісла (Вісла)","Река Висла (Висла)","Weichsel (Wisła)","Visztula folyó (Wisła)","Râul Vistula (Wisła)","نهر فيستولا (فيسلا)"
"place_vistula_river.desc",7717548282863663,"The longest river in Poland is called Wisła or Vistula. It flows through Kraków and Warsaw.","El río más largo de Polonia se llama Wisła o Vístula. Transcurre por Cracovia y Varsovia.","Il fiume più lungo della Polonia si chiama Wisła o Vistola. Scorre attraverso Cracovia e Varsavia.","Le plus long fleuve de Pologne s'appelle Wisła ou Vistule. Il traverse Cracovie et Varsovie.","Najdłuższa rzeka w Polsce nazywa się Wisła. Przepływa przez Kraków i Warszawę.","Найдовша річка в Польщі називається Вісла або Вісла. Протікає через Краків і Варшаву.","Самая длинная река Польши — Висла. Она протекает через Краков и Варшаву.","Der längste Fluss Polens heißt Wisła oder Weichsel. Er fließt durch Krakau und Warschau.","Lengyelország leghosszabb folyóját Wislának vagy Visztulának hívják. Krakkón és Varsón keresztül folyik.","Cel mai lung râu din Polonia se numește Wisła sau Vistula. Curge prin Cracovia și Varșovia.","أطول نهر في بولندا هو نهر فيسلا أو فيستولا، ويمر عبر مدينتي كراكوف ووارسو."
"planetarium",8827921480278022,"Planetarium","Planetario","Planetario","Planétarium","Planetarium","Планетарій","Планетарий","Planetarium","Planetárium","Planetariu","القبة السماوية"
"planetarium.desc",8827921480278023,"A place where you can see the sky and stars indoors.","Un lugar donde podrás ver el cielo y las estrellas en interiores.","Un luogo dove è possibile osservare il cielo e le stelle restando al chiuso.","Un endroit où vous pouvez voir le ciel et les étoiles à l'intérieur.","Budynek, w którym można oglądać niebo i gwiazdy.","Місце, де можна побачити небо та зірки в приміщенні.","Место, где можно увидеть небо и звезды, не выходя из помещения.","Ein Ort, an dem Sie den Himmel und die Sterne im Innenbereich sehen können.","Egy hely, ahol láthatod az eget és a csillagokat bent.","Un loc unde poți vedea cerul și stelele în interior.","مكان حيث يمكنك رؤية السماء والنجوم في الداخل."
"plant_apple",16699856524402688,"Apple plant","Planta de manzana","Pianta di mele","Plant de pommiers","Jabłoń","Яблуневий завод","Яблоневый завод","Apfelpflanze","Alma növény","Planta de mere","نبات التفاح"
"plant_apple.desc",16699856524402689,"A tree with pink flowers and red, tasty fruits. It loves the sun and gives us crunchy apples!","Un árbol con flores rosas y frutos rojos y sabrosos. ¡Le encanta el sol y nos da manzanas crujientes!","Un albero con fiori rosa e frutti rossi e gustosi. Ama il sole e ci regala mele croccanti!","Un arbre aux fleurs roses et aux fruits rouges savoureux. Il adore le soleil et nous offre des pommes croquantes !","Drzewo o różowych kwiatach i czerwonych, smacznych owocach. Uwielbia słońce i daje nam chrupiące jabłka!","Дерево з рожевими квітами і червоними смачними плодами. Воно любить сонце і дарує нам хрусткі яблука!","Дерево с розовыми цветами и красными, вкусными плодами. Оно любит солнце и даёт нам хрустящие яблоки!","Ein Baum mit rosa Blüten und roten, leckeren Früchten. Er liebt die Sonne und schenkt uns knackige Äpfel!","Egy fa rózsaszín virágokkal és piros, ízletes gyümölcsökkel. Imádja a napot, és ropogós almát ad nekünk!","Un copac cu flori roz și fructe roșii, gustoase. Iubește soarele și ne oferă mere crocante!","شجرةٌ بأزهارٍ وردية وثمارٍ حمراء شهية. تُحبّ الشمس وتُعطينا تفاحًا مقرمشًا!"
"plant_banana",16699856524402690,"Banana plant","Planta de banano","Pianta di banana","Bananier","Bananowiec","Банановий завод","Банановое растение","Bananenpflanze","Banán növény","Planta de banane","نبات الموز"
"plant_banana.desc",16699856524402691,"A tall plant with giant leaves and yellow bananas. Its fruit grows in bunches that hang down!","Una planta alta con hojas gigantes y plátanos amarillos. ¡Sus frutos crecen en racimos colgantes!","Una pianta alta con foglie giganti e banane gialle. I suoi frutti crescono in grappoli pendenti!","Une grande plante aux feuilles géantes et aux bananes jaunes. Ses fruits poussent en grappes pendantes !","Wysoka roślina o olbrzymich liściach i żółtych bananach. Jej owoce rosną w zwisających gronach!","Висока рослина з гігантським листям і жовтими бананами. Його плоди ростуть гронами, які звисають!","Высокое растение с гигантскими листьями и жёлтыми бананами. Плоды растут гроздьями, свисающими вниз!","Eine hohe Pflanze mit riesigen Blättern und gelben Bananen. Ihre Früchte wachsen in herabhängenden Büscheln!","Magas növény óriási levelekkel és sárga banánnal. Gyümölcse lelógó csokorban nő!","O plantă înaltă, cu frunze uriașe și banane galbene. Fructul său crește în ciorchini care atârnă în jos!","نبتة طويلة بأوراق ضخمة وموز أصفر. ثمارها تنمو في عناقيد متدلية!"
"plant_orange",16699856524402692,"Orange plant","Planta de naranja","Arancio","Plante orange","Drzewo pomarańczowe","Апельсиновий завод","Апельсиновое растение","Orangenpflanze","Narancs növény","Planta de portocal","نبات البرتقال"
"plant_orange.desc",16699856524402693,"A shiny green tree with round, juicy oranges. It smells fresh and sweet like sunshine!","Un árbol verde brillante con naranjas redondas y jugosas. ¡Huele fresco y dulce como el sol!","Un albero verde brillante con arance rotonde e succose. Profuma di fresco e dolce come il sole!","Un arbre vert brillant aux oranges rondes et juteuses. Son parfum frais et sucré rappelle celui du soleil !","Lśniące, zielone drzewo z okrągłymi, soczystymi pomarańczami. Pachnie świeżo i słodko jak słońce!","Блискуче зелене дерево з круглими соковитими апельсинами. Пахне свіжим і солодким, як сонце!","Ярко-зелёное дерево с круглыми, сочными апельсинами. Аромат свежий и сладкий, как солнечный свет!","Ein glänzend grüner Baum mit runden, saftigen Orangen. Er duftet frisch und süß nach Sonnenschein!","Fényes zöld fa kerek, lédús narancsokkal. Friss és édes illata van, akár a napfénynek!","Un copac verde strălucitor cu portocale rotunde și suculente. Miroase proaspăt și dulce ca soarele!","شجرة خضراء لامعة، برتقالها مستدير وعصير. رائحتها منعشة وحلوة كأشعة الشمس!"
"polish_dwarf",8827921480278024,"Polish Dwarf (Wrocław gnomes)","Enano polaco (gnomos de Wrocław)","Nano polacco (gnomi di Breslavia)","Nain polonais (gnomes de Wrocław)","Polskie krasnale (wrocławskie krasnale)","Польський гном (вроцлавські гноми)","Польский гном (Вроцлавские гномы)","Polnischer Zwerg (Breslauer Zwerge)","Lengyel törpe (wrocławi gnómok)","Pitic polonez (gnomi Wrocław)","قزم بولندي (أقزام فروتسواف)"
"polish_dwarf.desc",8827921480278025,"Small dwarf statues hide around Wrocław. Finding them is a fun city game.","Pequeñas estatuas de enanos se esconden por Breslavia. Encontrarlas es un divertido juego urbano.","Piccole statue di nani si nascondono in giro per Breslavia. Trovarle è un divertente gioco cittadino.","De petites statues de nains se cachent un peu partout à Wrocław. Les trouver est un jeu de ville amusant.","Małe figurki krasnali kryją się we Wrocławiu. Ich znalezienie to fajna gra miejska.","Довкола Вроцлава ховаються маленькі карликові статуї. Знайти їх - весела міська гра.","По всему Вроцлаву прячутся маленькие статуэтки гномов. Их поиск — увлекательная городская игра.","In ganz Breslau sind kleine Zwergstatuen versteckt. Sie zu finden ist ein lustiges Stadtspiel.","Kis törpe szobrok rejtőznek Wrocław környékén. Megtalálni őket egy szórakoztató városi játék.","Mici statui de pitici se ascund în jurul Wrocław. Găsirea lor este un joc distractiv de oraș.","تختبئ تماثيل الأقزام الصغيرة في أنحاء فروتسواف. العثور عليها لعبة مدينة ممتعة."
"polish_houses_of_parliament",8827921480278026,"Polish Houses of Parliament","Cámaras del Parlamento de Polonia","Camere del Parlamento polacco","Chambres du Parlement polonais","Izby parlamentu polskiego","Польський парламент","Польский парламент","Polnische Parlamentsgebäude","A lengyel parlament házai","Camerele Parlamentului polonez","مجلسي البرلمان البولندي"
"polish_houses_of_parliament.desc",8827921480278027,"Where laws are made: the Sejm and the Senate.","Donde se hacen las leyes: el Sejm y el Senado.","Dove vengono fatte le leggi: il Sejm e il Senato.","Là où les lois sont faites : la Diète et le Sénat.","Gdzie tworzone jest prawo: Sejm i Senat.","Де ухвалюють закони: сейм і сенат.","Где принимаются законы: Сейм и Сенат.","Wo Gesetze gemacht werden: im Sejm und im Senat.","Ahol törvények születnek: a Szejm és a Szenátus.","Unde se fac legile: Sejm și Senat.","أين يتم سن القوانين: مجلس النواب ومجلس الشيوخ."
"pont_alexandre_iii",8827921480278028,"Pont Alexandre III","Puente Alejandro III","Ponte Alessandro III","Le Pont Alexandre III","Most Aleksandra III","Понт Олександр III","Мост Александра III","Pont Alexandre III","Pont Alexandre III","Pontul Alexandre III","جسر ألكسندر الثالث"
"pont_alexandre_iii.desc",8827921480278029,"A beautiful bridge in Paris with fancy decorations and golden statues on it.","Un hermoso puente en París con elegantes decoraciones y estatuas doradas.","Uno splendido ponte di Parigi con decorazioni elaborate e statue dorate.","C’est un pont célèbre à Paris. Il a de belles decorations dorées.","Piękny most w Paryżu z misternymi dekoracjami i złotymi posągami.","Гарний міст у Парижі з химерними прикрасами та золотими статуями на ньому.","Красивый мост в Париже с причудливыми украшениями и золотыми статуями.","Eine wunderschöne Brücke in Paris mit kunstvollen Verzierungen und goldenen Statuen darauf.","Egy gyönyörű párizsi híd díszes díszítésekkel és arany szobrokkal.","Un pod frumos din Paris, cu decorațiuni fanteziste și statui de aur pe el.","جسر جميل في باريس به زخارف فاخرة وتماثيل ذهبية عليه."
"port",8827921480278030,"Port","Puerto","Porta","le port","Port","Порт","Порт","Hafen","Kikötő","Port","ميناء"
"port.desc",8827921480278031,"A place where ships load and unload.","Un lugar donde los barcos cargan y descargan.","Un luogo dove le navi caricano e scaricano.","Sur le port, les bateaux arrivent, se stationnent, déchargent des marchandises ou chargent des marchandises. ","Miejsce, w którym towary ładuje się na statki lub je rozładowuje.","Місце завантаження та розвантаження кораблів.","Место, где загружаются и разгружаются корабли.","Ein Ort, an dem Schiffe be- und entladen werden.","Egy hely, ahol a hajók be- és kirakodnak.","Un loc unde navele încarcă și descarcă.","مكان تقوم فيه السفن بالتحميل والتفريغ."
"portcullis",8827921480278032,"Portcullis","Rastrillo","Saracinesca","Herse","Krata","Порткуліс","Решетка","Fallgatter","Portcullis","Portculis","بورتكوليس"
"portcullis.desc",8827921480278033,"A heavy gate that drops to block the doorway.","Una puerta pesada que cae para bloquear la entrada.","Un pesante cancello che si abbassa fino a bloccare l'ingresso.","Une lourde porte qui s'abaisse pour bloquer la porte.","Ciężka brama, która opada i blokuje wejście.","Важкі ворота, які опускаються, щоб блокувати дверний отвір.","Тяжелые ворота, которые падают и блокируют дверной проем.","Ein schweres Tor, das herunterfällt und den Eingang blockiert.","Egy nehéz kapu, amely leesik, és elzárja az ajtót.","O poartă grea care coboară pentru a bloca ușa.","بوابة ثقيلة تسقط لتسد المدخل."
"presidential_palace",8827921480278034,"Presidential Palace","Palacio Presidencial","Palazzo presidenziale","Palais présidentiel","Pałac Prezydencki","Президентський палац","Президентский дворец","Präsidentenpalast","Elnöki Palota","Palatul Prezidenţial","القصر الرئاسي"
"presidential_palace.desc",8827921480278035,"The official home of the President of Poland.","La residencia oficial del Presidente de Polonia.","La residenza ufficiale del Presidente della Polonia.","La résidence officielle du président de la Pologne.","Oficjalna siedziba Prezydenta Polski.","Офіційний будинок Президента Польщі.","Официальная резиденция президента Польши.","Der offizielle Wohnsitz des polnischen Präsidenten.","A lengyel elnök hivatalos otthona.","Casa oficială a președintelui Poloniei.","المنزل الرسمي لرئيس بولندا."
"primary_school_leonardo_da_vinci",16699856524402694,"Leonardo da Vinci Primary School","Escuela primaria Leonardo da Vinci","Scuola Primaria Leonardo da Vinci","École primaire Léonard de Vinci","Szkoła Podstawowa Leonarda da Vinci","Початкова школа Леонардо да Вінчі","Начальная школа Леонардо да Винчи","Leonardo da Vinci-Grundschule","Leonardo da Vinci Általános Iskola","Școala primară Leonardo da Vinci","مدرسة ليوناردو دافنشي الابتدائية"
"primary_school_leonardo_da_vinci.desc",16699856524402695,"It’s a friendly place where children learn, create, and explore guided by curiosity, art, and science.","Es un lugar amigable donde los niños aprenden, crean y exploran guiados por la curiosidad, el arte y la ciencia.","È un luogo accogliente dove i bambini imparano, creano ed esplorano guidati dalla curiosità, dall'arte e dalla scienza.","C'est un lieu convivial où les enfants apprennent, créent et explorent guidés par la curiosité, l'art et la science.","To przyjazne miejsce, w którym dzieci uczą się, tworzą i odkrywają naukę i sztukę, kierując się ciekawością.","Це дружнє місце, де діти навчаються, творять і досліджують, керуючись цікавістю, мистецтвом і наукою.","Это дружелюбное место, где дети учатся, творят и исследуют, движимые любопытством, искусством и наукой.","Es ist ein freundlicher Ort, an dem Kinder lernen, kreieren und erforschen, geleitet von Neugier, Kunst und Wissenschaft.","Ez egy barátságos hely, ahol a gyerekek a kíváncsiság, a művészet és a tudomány vezérelve tanulnak, alkotnak és felfedeznek.","Este un loc prietenos în care copiii învață, creează și explorează ghidați de curiozitate, artă și știință.","إنه مكان ودود حيث يتعلم الأطفال ويبدعون ويستكشفون من خلال الفضول والفن والعلم."
"race_car",8827921480278038,"Race Car","Coche de carreras","Auto da corsa","Voiture de course","Samochód wyścigowy","гоночний автомобіль","Гоночный автомобиль","Rennwagen","Versenyautó","Mașină de curse","سيارة سباق"
"race_car.desc",8827921480278039,"A very fast car used on racetracks.","Un coche muy rápido utilizado en pistas de carreras.","Un'auto molto veloce utilizzata sulle piste da corsa.","Une voiture très rapide utilisée sur les pistes de course.","Bardzo szybki samochód używany na torach wyścigowych.","Дуже швидкий автомобіль, який використовується на гоночних треках.","Очень быстрый автомобиль, используемый на гоночных трассах.","Ein sehr schnelles Auto, das auf Rennstrecken eingesetzt wird.","Versenypályákon használt nagyon gyors autó.","O mașină foarte rapidă folosită pe circuite de curse.","سيارة سريعة جدًا تُستخدم في حلبات السباق."
"ramparts",8827921484472320,"Ramparts","Murallas","Bastioni","Remparts","Wały","Вали","Валы","Wälle","Sáncok","Ramparts","الأسوار"
"ramparts.desc",8827921484472321,"High walls you can walk on to guard the castle.","Muros altos sobre los que se puede caminar para proteger el castillo.","Alte mura su cui è possibile camminare per proteggere il castello.","De hauts murs sur lesquels vous pouvez marcher pour garder le château.","Wysokie mury, które strzegą zamku.","Високі стіни, по яких можна ходити, щоб охороняти замок.","Высокие стены, по которым можно ходить, охраняя замок.","Hohe, begehbare Mauern schützen die Burg.","A magas falakon sétálva őrizheti a kastélyt.","Ziduri înalte pe care poți păși pentru a păzi castelul.","أسوار عالية يمكنك المشي عليها لحماية القلعة."
"redzinski_bridge",8827921484472322,"Rędziński Bridge","Puente Rędziński","Ponte Rędziński","Pont Rędziński","Most Rędziński","Рендзінський міст","Рендзинский мост","Rędziński-Brücke","Rędziński híd","Podul Rędziński","جسر ريدزينسكي"
"redzinski_bridge.desc",8827921484472323,"The longest cable‑stayed bridge in Poland.","El puente atirantado más largo de Polonia.","Il ponte strallato più lungo della Polonia.","Le plus long pont à haubans de Pologne.","Najdłuższy most podwieszany w Polsce.","Найдовший вантовий міст у Польщі.","Самый длинный вантовый мост в Польше.","Die längste Schrägseilbrücke in Polen.","Lengyelország leghosszabb ferdekábeles hídja.","Cel mai lung pod cu tiranți din Polonia.","أطول جسر معلق بالكابل في بولندا."
"road_bridge",8827921484472326,"Road Bridge","Puente de carretera","Ponte stradale","Le pont routier","Most drogowy","Дорожній міст","Автомобильный мост","Straßenbrücke","Közúti híd","Podul rutier","جسر الطريق"
"road_bridge.desc",8827921484472327,"A bridge for cars and buses.","Un puente para coches y autobuses.","Un ponte per auto e autobus.","Un pont pour voitures et bus.","Most dla samochodów i autobusów.","Міст для автомобілів та автобусів.","Мост для автомобилей и автобусов.","Eine Brücke für Autos und Busse.","Híd autók és buszok számára.","Un pod pentru mașini și autobuze.","جسر للسيارات والحافلات."
"robert_lewandowski",8827921484472328,"Robert Lewandowski","Robert Lewandowski","Roberto Lewandowski","Robert Lewandowski","Robert Lewandowski","Роберт Левандовскі","Роберт Левандовски","Robert Lewandowski","Robert Lewandowski","Robert Lewandowski","روبرت ليفاندوفسكي"
"robert_lewandowski.desc",8827921484472329,"A famous Polish football player.","Un famoso futbolista polaco.","Un famoso calciatore polacco.","Un célèbre footballeur polonais.","Znany polski piłkarz.","Відомий польський футболіст.","Известный польский футболист.","Ein berühmter polnischer Fußballspieler.","Híres lengyel focista.","Un renumit fotbalist polonez.","لاعب كرة قدم بولندي مشهور."
"rope",8827921484472330,"Rope","Soga","Corda","Corde","Lina","Мотузка","Веревка","Seil","Kötél","Frânghie","حبل"
"rope.desc",8827921484472331,"A strong line used for safety when climbing.","Una línea fuerte que se utiliza para mayor seguridad al escalar.","Una linea robusta utilizzata per la sicurezza durante l'arrampicata.","Une ligne solide utilisée pour la sécurité lors de l'escalade.","Mocna lina używana do zapewnienia bezpieczeństwa podczas wspinaczki.","Міцний шнур, який використовується для безпеки під час сходження.","Прочная веревка, используемая для обеспечения безопасности при скалолазании.","Eine starke Leine, die zur Sicherheit beim Klettern dient.","Erős zsinór a biztonság érdekében mászás közben.","O linie puternică folosită pentru siguranță la urcare.","خط قوي يستخدم للسلامة عند التسلق."
"rose_window",8827921484472332,"Rose Window","Rosetón","Rosone","Rosace","Okno rozetowe","Вікно-троянда","Окно-роза","Rosettenfenster","Rózsaablak","Trandafir","نافذة الورد"
"rose_window.desc",8827921484472333,"A big round stained-glass window that tells stories with light.","Una gran vidriera redonda que cuenta historias con luz.","Una grande vetrata rotonda che racconta storie attraverso la luce.","Un grand vitrail rond qui raconte des histoires avec la lumière.","Duży, okrągły witraż opowiadający historie światłem.","Великий круглий вітраж, який світлом розповідає історії.","Большое круглое витражное окно, рассказывающее истории с помощью света.","Ein großes rundes Buntglasfenster, das mit Licht Geschichten erzählt.","Nagy, kerek ólomüveg ablak, amely fénnyel mesél.","Un mare vitraliu rotund care spune povești cu lumină.","نافذة كبيرة مستديرة من الزجاج الملون تحكي القصص بالضوء."
"royal_bedroom",8827921484472334,"Royal Bedroom","Dormitorio real","Camera da letto reale","Chambre royale","Królewska sypialnia","Королівська спальня","Королевская спальня","Königliches Schlafzimmer","Királyi hálószoba","Dormitor regal","غرفة نوم ملكية"
"royal_bedroom.desc",8827921484472335,"A fancy room with a big canopied bed.","Una habitación elegante con una gran cama con dosel.","Una camera elegante con un grande letto a baldacchino.","Une chambre élégante avec un grand lit à baldaquin.","Elegancki pokój z dużym łóżkiem z baldachimem.","Шикарна кімната з великим ліжком з балдахіном.","Роскошная комната с большой кроватью под балдахином.","Ein schickes Zimmer mit einem großen Himmelbett.","Divatos szoba nagy baldachinos ággyal.","O cameră elegantă cu un pat mare cu baldachin.","غرفة فاخرة مع سرير كبير مغطى."
"royal_castle_warsaw",8827921484472336,"Royal Castle (Warsaw)","Castillo Real (Varsovia)","Castello Reale (Varsavia)","Château Royal (Varsovie)","Zamek Królewski (Warszawa)","Королівський замок (Варшава)","Королевский замок (Варшава)","Königsschloss (Warschau)","Királyi kastély (Varsó)","Castelul Regal (Varșovia)","القلعة الملكية (وارسو)"
"royal_castle_warsaw.desc",8827921484472337,"A historic castle of Polish kings, now a museum.","Un castillo histórico de los reyes polacos, ahora un museo.","Uno storico castello dei re polacchi, ora un museo.","Un château historique des rois polonais, aujourd'hui un musée.","Historyczny zamek królów polskich, obecnie muzeum.","Історичний замок польських королів, нині музей.","Исторический замок польских королей, ныне музей.","Ein historisches Schloss polnischer Könige, heute ein Museum.","Lengyel királyok történelmi kastélya, ma múzeum.","Un castel istoric al regilor polonezi, acum muzeu.","قلعة تاريخية للملوك البولنديين، وهي الآن متحف."
"saturn",8827921484472338,"Saturn","Saturno","Saturno","Saturne","Saturn","Сатурн","Сатурн","Saturn","Szaturnusz","Saturn","زحل"
"saturn.desc",8827921484472339,"A giant planet with bright rings and many moons.","Un planeta gigante con anillos brillantes y muchas lunas.","Un pianeta gigante con anelli luminosi e numerose lune.","Une planète géante avec des anneaux brillants et de nombreuses lunes.","Olbrzymia planeta z jasnymi pierścieniami i wieloma księżycami.","Гігантська планета з яскравими кільцями та багатьма супутниками.","Гигантская планета с яркими кольцами и множеством лун.","Ein riesiger Planet mit hellen Ringen und vielen Monden.","Óriásbolygó fényes gyűrűkkel és sok holddal.","O planetă uriașă cu inele strălucitoare și multe luni.","كوكب عملاق ذو حلقات لامعة وأقمار كثيرة."
"scarf",8827921484472340,"Scarf","Bufanda","Sciarpa","Foulard","Szalik","Шарф","Шарф","Schal","Sál","Eşarfă","وشاح"
"scarf.desc",8827921484472341,"A warm cloth you wear around your neck.","Un paño cálido que se usa alrededor del cuello.","Un panno caldo da indossare intorno al collo.","Un tissu chaud que vous portez autour du cou.","Ciepły kawałek materiału noszony wokół szyi.","Тепла тканина, яку ви носите на шиї.","Теплая ткань, которую вы надеваете на шею.","Ein warmes Tuch, das Sie um den Hals tragen.","Meleg kendő, amit a nyakában hord.","O cârpă caldă pe care o porți la gât.","قطعة قماش دافئة ترتديها حول رقبتك."
"school_bag",8827921484472342,"School bag","Bolsa para la escuela","Cartella","Le cartable","Plecak szkolny","Шкільний портфель","Школьная сумка","Schulranzen","Iskolatáska","Ghiozdan","حقيبة مدرسية"
"school_bag.desc",8827921484472343,"A bag that students use to carry their books, pencils, and homework to school.","Una bolsa que los estudiantes usan para llevar sus libros, lápices y tareas a la escuela.","Una borsa che gli studenti usano per portare a scuola libri, matite e compiti.","Dans ton cartable, tu transportes ton matériel d'école. Tu ranges ta trousse, tes cahiers, tes crayons, tes livres. ","Plecak, w którym uczniowie noszą książki, ołówki i prace domowe.","Сумка, яку учні використовують для того, щоб носити свої підручники, олівці та домашні завдання до школи.","Сумка, которую учащиеся используют для переноски книг, карандашей и домашних заданий в школу.","Eine Tasche, in der Schüler ihre Bücher, Stifte und Hausaufgaben zur Schule tragen.","Egy táska, amellyel a tanulók magukkal viszik könyveiket, ceruzájukat és házi feladatukat az iskolába.","O geantă pe care elevii o folosesc pentru a-și duce cărțile, creioanele și temele la școală.","حقيبة يستخدمها الطلاب لحمل كتبهم وأقلامهم وواجباتهم المدرسية إلى المدرسة."
"scooter",8827921484472344,"Scooter","Scooter","Scooter","Scooter","Skuter","Скутер","Скутер","Roller","Robogó","Scuter","سكوتر"
"scooter.desc",8827921484472345,"A small two-wheeled scooter (trottinette).","Un pequeño scooter de dos ruedas (trottinette).","Un piccolo scooter a due ruote (trottinette).","Une petite trottinette à deux roues.","Mały dwukołowy skuter (trottinette).","Невеликий двоколісний самокат (тротинет).","Небольшой двухколесный самокат (троттинет).","Ein kleiner zweirädriger Roller (Trottinette).","Egy kis kétkerekű robogó (trottinette).","Un scuter mic cu două roți (trottinette).","دراجة بخارية صغيرة ذات عجلتين (تروتينيت)."
"seagull",8827921484472346,"Seagull","Gaviota","Gabbiano","Mouette","Mewa","Чайка","Чайка","Möwe","Sirály","Pescăruş de mare","نورس"
"seagull.desc",8827921484472347,"A sea bird that lives near the coast.","Un ave marina que vive cerca de la costa.","Un uccello marino che vive vicino alla costa.","Un oiseau marin qui vit près de la côte.","Ptak morski żyjący w pobliżu wybrzeża.","Морський птах, що живе біля узбережжя.","Морская птица, обитающая вблизи побережья.","Ein Seevogel, der in Küstennähe lebt.","Tengeri madár, amely a part közelében él.","O pasăre de mare care trăiește lângă coastă.","طائر بحري يعيش بالقرب من الساحل."
"seal",8827921484472348,"Seal","Sello","Foca","Joint","Foka","Печатка","Тюлень","Siegel","Pecsét","Sigiliu","ختم"
"seal.desc",8827921484472349,"A wild sea animal that rests on beaches.","Un animal marino salvaje que descansa en las playas.","Un animale marino selvatico che riposa sulle spiagge.","Un animal marin sauvage qui se repose sur les plages.","Dzikie zwierzę morskie, odpoczywające na plażach.","Дика морська тварина, яка відпочиває на пляжах.","Дикое морское животное, отдыхающее на пляжах.","Ein wildes Meerestier, das an Stränden ruht.","Vadon élő tengeri állat, amely a strandokon pihen.","Un animal marin sălbatic care se odihnește pe plaje.","حيوان بحري بري يستقر على الشواطئ."
"seashell",8827921484472350,"Seashell","Concha","Conchiglia","Coquillage","Muszla","черепашка","Ракушка","Muschel","Tengeri kagyló","scoica de mare","صدف"
"seashell.desc",8827921484472351,"A hard shell from a sea animal; good for crafts.","Una concha dura de un animal marino, ideal para manualidades.","Un guscio duro di un animale marino, ottimo per i lavoretti.","Une coquille dure provenant d'un animal marin ; idéale pour l'artisanat.","Twarda muszla zwierzęcia morskiego, wykorzystywana w rzemiośle.","Тверда раковина морської тварини; підходить для рукоділля.","Твердый панцирь морского животного; пригоден для поделок.","Eine harte Schale eines Meerestiers; gut zum Basteln.","Tengeri állat kemény héja; kézművességhez jó.","O coajă tare de la un animal marin; bun pentru meșteșuguri.","صدفة صلبة من حيوان بحري، جيدة للصناعات اليدوية."
"seine",8827921488666624,"The Seine","Jábega","Senna","La Seine","Sekwana","Сена","Сена","Seine","Szajna","Seine","نهر السين"
"seine_map",8827921488666626,"Map of Seine River","Mapa del río Sena","Mappa della Senna","La carte de la Seine","Mapa Sekwany","Карта річки Сени","Карта реки Сены","Karte der Seine","A Szajna folyó térképe","Harta râului Sena","خريطة نهر السين"
"seine_map_in_paris",8827921488666628,"Map of Seine in Paris","Mapa del Sena en París","Mappa della Senna a Parigi","La carte de la Seine à Paris","Mapa Sekwany w Paryżu","Карта Сени в Парижі","Карта Сены в Париже","Karte der Seine in Paris","Szajna térképe Párizsban","Harta Senei din Paris","خريطة نهر السين في باريس"
"seine_map_in_paris.desc",8827921488666629,"A picture that shows how the Seine River flows through the city of Paris.","Una imagen que muestra cómo el río Sena fluye a través de la ciudad de París.","Un'immagine che mostra come la Senna scorre attraverso la città di Parigi.","La Seine est le fleuve. La Seine traverse Paris.","Zdjęcie przedstawiające jak Sekwana płynie przez Paryż.","Картина, яка показує, як річка Сена протікає через місто Париж.","Фотография, показывающая, как река Сена протекает через Париж.","Ein Bild, das zeigt, wie die Seine durch die Stadt Paris fließt.","Egy kép, amely bemutatja, hogyan folyik át a Szajna Párizs városán.","O imagine care arată cum curge râul Sena prin orașul Paris.","صورة توضح كيفية تدفق نهر السين عبر مدينة باريس."
"seine_map.desc",8827921488666627,"A picture that shows the Seine River and where it flows through the land.","Una imagen que muestra el río Sena y su recorrido a través de la tierra.","Un'immagine che mostra il fiume Senna e il punto in cui scorre attraverso il territorio."," La Seine mesure 777 km. Elle se jette dans La Manche..","Zdjęcie przedstawiające rzekę Sekwanę i jej przepływ przez ląd.","Малюнок, на якому зображено річку Сену та її течію по суші.","Фотография, на которой изображена река Сена и место, где она протекает по территории.","Ein Bild, das die Seine und ihre Fließrichtung durch das Land zeigt.","Egy kép, amelyen látható a Szajna folyó és hol folyik át a szárazföldön.","O imagine care arată râul Sena și unde curge prin pământ.","صورة تظهر نهر السين ومكان تدفقه عبر الأرض."
"seine.desc",8827921488666625,"The Seine flows through Paris. It is 777 km long and flows into the English Channel.","El río Sena pasa por París. Mide 777 km y desemboca en el canal de la Mancha.","La Senna attraversa Parigi. È lunga 777 km e sfocia nella Manica.","C'est le fleuve qui passe à Paris. La Seine mesure 777 km. Elle se jette dans la Manche.","Sekwana przepływa przez Paryż. Ma 777 km długości i uchodzi do kanału La Manche.","Сена протікає через Париж. Її довжина — 777 км, і вона впадає в Ла-Манш.","Сена протекает через Париж. Её длина — 777 км, и она впадает в пролив Ла-Манш.","Die Seine fließt durch Paris. Sie ist 777 km lang und mündet in den Ärmelkanal.","A Szajna áthalad Párizson. 777 km hosszú, és a La Manche csatornába torkollik.","Sena trece prin Paris. Are 777 km lungime și se varsă în Canalul Mânecii.","يمر نهر السين عبر باريس. يبلغ طوله 777 كيلومترًا ويصب في بحر المانش."
"ship",8827921488666630,"Ship","Barco","Nave","le bateau de marchandises","Statek","Корабель","Корабль","Schiff","Hajó","Navă","سفينة"
"ship.desc",8827921488666631,"A big boat that carries people or goods.","Un barco grande que transporta personas o mercancías.","Una grande imbarcazione che trasporta persone o merci."," C’est un bateau qui transporte des objets, du sable, de la nourriture… On l’appelle aussi bateau cargo.","Duża łódź przewożąca ludzi lub towary.","Великий човен, який перевозить людей або товари.","Большое судно, перевозящее людей или грузы.","Ein großes Boot, das Menschen oder Güter transportiert.","Egy nagy hajó, amely embereket vagy árukat szállít.","O barcă mare care transportă oameni sau mărfuri.","قارب كبير يحمل الناس أو البضائع."
"sign",8827921488666632,"Sign","Firmar","Cartello","Signe","Znak","Знак","Знак","Zeichen","Jel","Semn","لافتة"
"sign.desc",8827921488666633,"A board with simple facts to help you learn.","Un tablero con datos sencillos para ayudarte a aprender.","Una lavagna con informazioni semplici per aiutarti a imparare.","Un tableau avec des faits simples pour vous aider à apprendre.","Tablica z prostymi faktami, które pomogą Ci się uczyć.","Дошка з простими фактами, які допоможуть вам навчитися.","Доска с простыми фактами, которые помогут вам учиться.","Eine Tafel mit einfachen Fakten, die Ihnen beim Lernen helfen.","Egy tábla egyszerű tényekkel, amelyek segítenek a tanulásban.","O tablă cu fapte simple pentru a vă ajuta să învățați.","لوحة تحتوي على حقائق بسيطة لمساعدتك على التعلم."
"skiing",8827921488666634,"Skiing","Esquiar","Sciare","Ski","Narciarstwo","Катання на лижах","Катание на лыжах","Skifahren","Síelés","Schi","التزحلق"
"skiing.desc",8827921488666635,"Sliding on snow with skis.","Deslizarse sobre la nieve con esquís.","Scivolare sulla neve con gli sci.","Glisser sur la neige avec des skis.","Zjeżdżanie na nartach po śniegu.","Ковзання по снігу з лижами.","Скольжение по снегу на лыжах.","Mit Skiern auf Schnee gleiten.","Csúszás havon sílécekkel.","Alunecare pe zăpadă cu schiurile.","الانزلاق على الثلج باستخدام الزلاجات."
"sky_tower_plaza",8827921488666636,"Sky Tower Plaza","Plaza de la Torre Sky","Sky Tower Plaza","Place de la Sky Tower","Sky Tower Plaza","Sky Tower Plaza","Скай Тауэр Плаза","Sky Tower Plaza","Sky Tower Plaza","Sky Tower Plaza","سكاي تاور بلازا"
"sky_tower_plaza.desc",8827921488666637,"A modern plaza where people meet near the tower.","Una plaza moderna donde la gente se reúne cerca de la torre.","Una piazza moderna dove le persone si incontrano vicino alla torre.","Une place moderne où les gens se rencontrent près de la tour.","Nowoczesny plac, na którym ludzie spotykają się w pobliżu wieży.","Сучасна площа, де люди зустрічаються біля вежі.","Современная площадь, где люди встречаются возле башни.","Ein moderner Platz, auf dem sich die Menschen in der Nähe des Turms treffen.","Modern tér, ahol az emberek a torony közelében találkoznak.","O piață modernă unde oamenii se întâlnesc lângă turn.","ساحة حديثة حيث يجتمع الناس بالقرب من البرج."
"snow",8827921488666638,"Snow","Nieve","Nevicare","Neige","Śnieg","сніг","Снег","Schnee","Hó","Zăpadă","الثلج"
"snow.desc",8827921488666639,"Frozen water that falls in cold weather.","Agua congelada que cae cuando hace frío.","Acqua ghiacciata che cade quando fa freddo.","Eau gelée qui tombe par temps froid.","Zamarznięta woda spadająca w zimne dni.","Замерзла вода, яка падає в холодну погоду.","Замёрзшая вода, выпадающая в холодную погоду.","Gefrorenes Wasser, das bei kaltem Wetter fällt.","Fagyott víz, amely hideg időben esik.","Apă înghețată care cade pe vreme rece.","مياه متجمدة تسقط في الطقس البارد."
"soccer_field",8827921488666640,"Soccer Field","Campo de fútbol","Campo da calcio","terrain de football","Boisko do piłki nożnej","Футбольне поле","Футбольное поле","Fußballplatz","Focipálya","Teren de fotbal","ملعب كرة القدم"
"soccer_field.desc",8827921488666641,"The grass field where football is played.","El campo de césped donde se juega al fútbol.","Il campo erboso dove si gioca a calcio.","Le terrain en herbe où se joue le football.","Trawiaste boisko, na którym gra się w piłkę nożną.","Травяне поле, де грають у футбол.","Травяное поле, на котором играют в футбол.","Der Rasenplatz, auf dem Fußball gespielt wird.","A füves pálya, ahol futballoznak.","Terenul de iarbă unde se joacă fotbal.","الملعب العشبي الذي يتم لعب كرة القدم فيه."
"solar_system",8827921488666642,"Solar System","Sistema solar","Sistema solare","Système solaire","Układ Słoneczny","Сонячна система","Солнечная система","Sonnensystem","Naprendszer","Sistemul Solar","النظام الشمسي"
"solar_system.desc",8827921488666643,"The Sun and the eight planets that travel around it.","El Sol y los ocho planetas que giran a su alrededor.","Il Sole e gli otto pianeti che gli ruotano attorno.","Le Soleil et les huit planètes qui tournent autour de lui.","Słońce i osiem planet krążących wokół niego.","Сонце та вісім планет, які обертаються навколо нього.","Солнце и восемь планет, вращающихся вокруг него.","Die Sonne und die acht Planeten, die sie umkreisen.","A Nap és a körülötte utazó nyolc bolygó.","Soarele și cele opt planete care călătoresc în jurul lui.","الشمس والكواكب الثمانية التي تدور حولها."
"space_rocket",8827921488666644,"Space Rocket","Cohete espacial","Razzo spaziale","Fusée","Rakieta kosmiczna","Космічна ракета","Космическая ракета","Weltraumrakete","Űrrakéta","Racheta spatiala","صاروخ فضائي"
"space_rocket.desc",8827921488666645,"A rocket that goes into space.","Un cohete que va al espacio.","Un razzo che va nello spazio.","Une fusée monte dans le ciel jusqu'à l'espace.","Rakieta, która leci w kosmos.","Ракета, яка летить у космос.","Ракета, отправляющаяся в космос.","Eine Rakete, die ins All fliegt.","Egy rakéta, ami az űrbe megy.","O rachetă care merge în spațiu.","صاروخ يتجه إلى الفضاء."
"stop_sign",8827921488666646,"STOP Sign","Señal de PARE","Segnale di STOP","Panneau STOP","Znak STOP","Знак СТОП","Знак СТОП","STOP-Schild","STOP tábla","Semn STOP","علامة التوقف"
"stop_sign.desc",8827921488666647,"A red sign that means you must stop your vehicle.","Una señal roja que significa que debe detener su vehículo.","Un cartello rosso che indica che è obbligatorio fermare il veicolo.","Un panneau rouge qui signifie que vous devez arrêter votre véhicule.","Czerwony znak oznaczający, że musisz zatrzymać pojazd.","Червоний знак означає, що ви повинні зупинити свій автомобіль.","Красный знак, который означает, что вы должны остановить свое транспортное средство.","Ein rotes Schild bedeutet, dass Sie Ihr Fahrzeug anhalten müssen.","Piros jelzés, amely azt jelenti, hogy meg kell állnia a járművel.","Un semn roșu care înseamnă că trebuie să vă opriți vehiculul.","علامة حمراء تعني أنه يجب عليك إيقاف سيارتك."
"street_safety",8827921488666648,"Street Safety","Seguridad en la calle","Sicurezza stradale","Sécurité routière","Bezpieczeństwo uliczne","Безпека вулиці","Безопасность на улице","Sicherheit im Straßenverkehr","Utcai biztonság","Siguranța Stradă","السلامة في الشوارع"
"street_safety.desc",8827921488666649,"Rules that keep everyone safe on the road.","Reglas que mantienen a todos seguros en la carretera.","Regole che garantiscono la sicurezza di tutti sulla strada.","Des règles qui assurent la sécurité de tous sur la route.","Zasady zapewniające bezpieczeństwo wszystkim uczestnikom ruchu drogowego.","Правила, які забезпечують безпеку всіх на дорозі.","Правила, обеспечивающие безопасность всех на дороге.","Regeln, die für die Sicherheit aller auf der Straße sorgen.","Szabályok, amelyek mindenkit biztonságban tartanak az úton.","Reguli care țin pe toată lumea în siguranță pe drum.","القواعد التي تحافظ على سلامة الجميع على الطريق."
"submarine_nautilus",8827921488666650,"Submarine (The Nautilus)","Submarino (El Nautilus)","Sottomarino (Il Nautilus)","Sous-marin (Le Nautilus)","Łódź podwodna (Nautilus)","Підводний човен (Наутілус)","Подводная лодка (Наутилус)","U-Boot (Die Nautilus)","Tengeralattjáró (The Nautilus)","Submarin (Nautilus)","الغواصة (نوتيلوس)"
"submarine_nautilus.desc",8827921488666651,"A submarine from Jules Verne’s story. It could explore the deep sea.","Un submarino de la historia de Julio Verne. Podía explorar las profundidades marinas.","Un sottomarino tratto dal racconto di Jules Verne. Poteva esplorare le profondità marine.","C'est le sous-marin du livre de Jules Verne. On peut explorer la mer et observer les animaux à bord.","Łódź podwodna z powieści Juliusza Verne'a. Mogła badać głębiny morskie.","Підводний човен з оповідання Жуля Верна. Він міг досліджувати морські глибини.","Подводная лодка из рассказа Жюля Верна. Она могла бы исследовать морские глубины.","Ein U-Boot aus Jules Vernes Geschichte. Es könnte die Tiefsee erkunden.","Tengeralattjáró Jules Verne történetéből. Fedezhetné a mélytengert.","Un submarin din povestea lui Jules Verne. Ar putea explora marea adâncă.","غواصة من رواية جول فيرن. بإمكانها استكشاف أعماق البحار."
"summit",8827921492860928,"Summit","Cumbre","Vertice","Sommet","Szczyt","саміт","Саммит","Gipfel","Csúcstalálkozó","Summit","قمة"
"summit.desc",8827921492860929,"The very top of a mountain.","La cima misma de una montaña.","La cima di una montagna.","Le sommet d'une montagne.","Najwyższy punkt góry.","Сама вершина гори.","Самая вершина горы.","Der Gipfel eines Berges.","Egy hegy legteteje.","Însuși vârful unui munte.","قمة الجبل."
"sun",8827921492860930,"Sun","Sol","Sole","Soleil","Słoneczny","сонце","Солнце","Sonne","Nap","Soare","شمس"
"sun.desc",8827921492860931,"Bright light that can reflect on the snow.","Luz brillante que puede reflejarse en la nieve.","Luce intensa che può riflettersi sulla neve.","Une lumière vive qui peut se refléter sur la neige.","Jasne światło, które może odbijać się od śniegu.","Яскраве світло, здатне відбиватися на снігу.","Яркий свет, который может отражаться на снегу.","Helles Licht, das sich im Schnee spiegeln kann.","Erős fény, amely visszaverődik a havon.","Lumină puternică care se poate reflecta pe zăpadă.","ضوء ساطع يمكن أن ينعكس على الثلج."
"sunglasses",8827921492860932,"Sunglasses","Gafas de sol","Occhiali da sole","Lunettes de soleil","Okulary przeciwsłoneczne","Сонцезахисні окуляри","Солнцезащитные очки","Sonnenbrille","Napszemüveg","Ochelari de soare","نظارات شمسية"
"sunglasses.desc",8827921492860933,"Glasses that protect your eyes from bright light.","Gafas que protegen tus ojos de la luz brillante.","Occhiali che proteggono gli occhi dalla luce intensa.","Des lunettes qui protègent vos yeux de la lumière vive.","Okulary chroniące oczy przed jasnym światłem.","Окуляри, які захищають очі від яскравого світла.","Очки, защищающие глаза от яркого света.","Brillen, die Ihre Augen vor hellem Licht schützen.","Szemüveg, amely védi a szemet az erős fénytől.","Ochelari care vă protejează ochii de lumina puternică.","نظارات تحمي عينيك من الضوء الساطع."
"sword",8827921492860934,"Sword","Espada","Spada","Épée","Miecz","меч","Меч","Schwert","Kard","Sabie","سيف"
"sword.desc",8827921492860935,"A long blade used by knights.","Una hoja larga utilizada por los caballeros.","Una lunga lama usata dai cavalieri.","Une longue lame utilisée par les chevaliers.","Długie ostrze używane przez rycerzy.","Довгий клинок, яким користувалися лицарі.","Длинный клинок, использовавшийся рыцарями.","Eine lange Klinge, die von Rittern verwendet wird.","A lovagok által használt hosszú penge.","O lamă lungă folosită de cavaleri.","شفرة طويلة يستخدمها الفرسان."
"telescope",8827921492860936,"Telescope","Telescopio","Telescopio","Télescope","Teleskop","Телескоп","Телескоп","Teleskop","Távcső","Telescop","تلسكوب"
"telescope.desc",8827921492860937,"A tool that helps us see far‑away things in the sky.","Una herramienta que nos ayuda a ver cosas lejanas en el cielo.","Uno strumento che ci aiuta a vedere cose lontane nel cielo.","Un outil qui nous aide à voir des choses lointaines dans le ciel.","Narzędzie pozwalające nam zobaczyć odległe obiekty na niebie.","Інструмент, який допомагає нам бачити далекі предмети в небі.","Инструмент, который помогает нам видеть далекие объекты на небе.","Ein Werkzeug, das uns hilft, weit entfernte Dinge am Himmel zu sehen.","Egy eszköz, amely segít meglátni a távoli dolgokat az égen.","Un instrument care ne ajută să vedem lucruri îndepărtate pe cer.","أداة تساعدنا على رؤية الأشياء البعيدة في السماء."
"the_seated_scribe",8827921492860938,"The Seated Scribe","El escriba sentado","Lo scriba seduto","Le scribe assis","Siedzący skryba","Сидячий писар","Сидящий писец","Der sitzende Schreiber","Az ülő írástudó","Scribul Așezat","الكاتب الجالس"
"the_seated_scribe.desc",8827921492860939,"An ancient Egyptian statue of a person writing.","Una antigua estatua egipcia de una persona escribiendo.","Un'antica statua egizia raffigurante una persona che scrive.","Une ancienne statue égyptienne d'une personne en train d'écrire.","Starożytna egipska rzeźba przedstawiająca uczonego piszącego na papirusie.","Давньоєгипетська статуя людини, що пише.","Древнеегипетская статуя пишущего человека.","Eine altägyptische Statue einer schreibenden Person.","Író személy ókori egyiptomi szobra.","O statuie egipteană antică a unei persoane care scrie.","تمثال مصري قديم لشخص يكتب."
"torun",8827921492860940,"Toruń","Torun","Toruń","Toruń","Toruń","Торунь","Торунь","Thorn","Toruń","Toruń","تورون"
"torun_town_hall",8827921492860942,"Torun Town Hall","Ayuntamiento de Torun","Municipio di Toruń","Hôtel de ville de Torun","Ratusz w Toruniu","Торунська ратуша","Ратуша Торуни","Rathaus von Thorn","Toruni városháza","Primăria Torun","قاعة مدينة تورون"
"torun_town_hall.desc",8827921492860943,"A big Gothic building in Toruń next to the market square.","Un gran edificio gótico en Toruń junto a la plaza del mercado.","Un grande edificio gotico a Toruń, vicino alla piazza del mercato.","Un grand bâtiment gothique à Toruń à côté de la place du marché.","Duża gotycka budowla w Toruniu, położona tuż przy rynku.","Велика готична будівля в Торуні біля ринкової площі.","Большое готическое здание в Торуни рядом с рыночной площадью.","Ein großes gotisches Gebäude in Toruń neben dem Marktplatz.","Egy nagy gótikus épület Toruńban a piactér mellett.","O clădire mare gotică în Toruń lângă piață.","مبنى قوطي كبير في تورون بجوار ساحة السوق."
"torun.desc",8827921492860941,"A city in Poland where Nicolaus Copernicus was born.","Una ciudad de Polonia donde nació Nicolás Copérnico.","Città della Polonia dove nacque Niccolò Copernico.","Une ville de Pologne où est né Nicolas Copernic.","Miasto w Polsce, w którym urodził się Mikołaj Kopernik.","Місто в Польщі, де народився Микола Коперник.","Город в Польше, где родился Николай Коперник.","Eine Stadt in Polen, in der Nikolaus Kopernikus geboren wurde.","Egy város Lengyelországban, ahol Nicolaus Kopernikusz született.","Un oraș din Polonia unde s-a născut Nicolaus Copernic.","مدينة في بولندا ولد فيها نيكولاس كوبرنيكوس."
"town_hall",8827921492860946,"Town Hall","Ayuntamiento","Municipio","Mairie","Ratusz","Ратуша","Ратуша","Rathaus","Városháza","Primărie","مبنى البلدية"
"town_hall.desc",8827921492860947,"The place where city leaders work and meet.","El lugar donde los líderes de la ciudad trabajan y se reúnen.","Il luogo in cui i leader della città lavorano e si incontrano.","Le lieu où les dirigeants de la ville travaillent et se rencontrent.","Budynek, w którym pracują władze miasta.","Місце, де працюють і зустрічаються керівники міста.","Место, где работают и встречаются руководители города.","Der Ort, an dem die Stadtführer arbeiten und sich treffen.","Az a hely, ahol a város vezetői dolgoznak és találkoznak.","Locul unde lucrează și se întâlnesc liderii orașului.","المكان الذي يعمل فيه قادة المدينة ويجتمعون."
"traffic_lights",8827921492860950,"Traffic Lights","Semáforo","Semaforo","Feux de signalisation","Sygnalizacja świetlna","Світлофори","Светофоры","Ampel","Közlekedési lámpák","Semafoare","إشارات المرور"
"traffic_lights.desc",8827921492860951,"Street lights that tell you when to STOP or GO.","Luces de calle que te indican cuando PARAR o SEGUIR.","Lampioni che ti dicono quando FERMARTI o ANDARE.","Des lampadaires qui vous indiquent quand vous devez vous ARRÊTER ou PARTIR.","Światła uliczne, które informują, kiedy należy się ZATRZYMAĆ lub JECHAĆ.","Вуличні ліхтарі, які підказують вам, коли ЗУПИНЯТИСЯ або ЇТИ.","Уличные фонари, которые подсказывают вам, когда нужно ОСТАНОВИТЬСЯ или ИДТИ.","Straßenlaternen, die Ihnen sagen, wann Sie STOPPEN oder LOSFAHREN sollen.","Utcai lámpák, amelyek megmondják, mikor álljon meg vagy induljon.","Lumini stradale care vă spun când să vă opriți sau să mergeți.","أضواء الشوارع التي تخبرك متى تتوقف أو تمضي."
"train",8827921492860952,"Train","Tren","Treno","le train","Pociąg","поїзд","Тренироваться","Zug","Vonat","Tren","يدرب"
"train_bridge",8827921492860954,"Train Bridge","Puente del tren","Ponte ferroviario","Le pont pour les trains","Most kolejowy","Залізничний міст","Железнодорожный мост","Eisenbahnbrücke","Vonathíd","Podul Trenului","جسر القطار"
"train_bridge.desc",8827921492860955,"A bridge with tracks for trains.","Un puente con vías para trenes.","Un ponte con binari per i treni.","C'est un pont qui permet aux trains de passer.","Most z torami kolejowymi.","Міст із коліями для поїздів.","Мост с путями для поездов.","Eine Brücke mit Gleisen für Züge.","Egy híd sínekkel a vonatok számára.","Un pod cu șine pentru trenuri.","جسر مع مسارات للقطارات."
"train.desc",8827921492860953,"Trains carry people and goods fast across the country.","Los trenes transportan personas y mercancías rápidamente por todo el país.","I treni trasportano rapidamente persone e merci in tutto il Paese.","Les trains transportent des personnes et des marchandises rapidement dans tout le pays.","Pociągi szybko przewożą ludzi i towary przez cały kraj.","Потяги швидко перевозять людей і вантажі по країні.","Поезда быстро перевозят людей и товары по всей стране.","Züge transportieren Menschen und Güter schnell durch das Land.","A vonatok gyorsan szállítják az embereket és az árukat az egész országban.","Trenurile transportă rapid oameni și mărfuri în toată țara.","تنقل القطارات الأشخاص والبضائع بسرعة عبر البلاد."
"tram",8827921492860956,"Tram","Tranvía","Tram","le tramway","Tramwaj","Трамвай","Трамвай","Tram","Villamos","Tramvai","ترام"
"tram.desc",8827921492860957,"A city train that runs on tracks in the street.","Un tren urbano que circula sobre vías en la calle.","Un treno urbano che corre sui binari della strada.","C'est un train qui circule en ville. Il transporte des personnes dans la ville.","Pojazd miejski poruszający się po torach.","Міський потяг, який курсує по коліях вул.","Городской поезд, курсирующий по рельсам на улице.","Eine Stadtbahn, die auf Gleisen auf der Straße fährt.","Városi vonat, amely sínen közlekedik az utcán.","Un tren de oraș care circulă pe șine în stradă.","قطار المدينة الذي يسير على مسارات في الشارع."
"tree_wattle",16699856528596992,"Wattle plant","Planta de acacia","Pianta di acacia","Plante d'acacia","Akacja","Плетена рослина","Плетень","Akazienpflanze","Wattle növény","Planta de vaci","نبات السنط"
"tree_wattle.desc",16699856528596993,"A plant covered in tiny golden flowers. It brightens the land with its yellow glow!","Una planta cubierta de diminutas flores doradas. ¡Ilumina la tierra con su resplandor amarillo!","Una pianta ricoperta di minuscoli fiori dorati. Illumina la terra con il suo bagliore giallo!","Une plante couverte de minuscules fleurs dorées. Elle illumine la terre de sa lueur jaune !","Roślina pokryta drobnymi złotymi kwiatami. Rozświetla wszystko swoim żółtym blaskiem!","Рослина, вкрита крихітними золотистими квітами. Освітлює землю своїм жовтим сяйвом!","Растение, покрытое крошечными золотистыми цветочками. Оно освещает землю своим жёлтым сиянием!","Eine Pflanze voller winziger goldener Blüten. Sie erhellt das Land mit ihrem gelben Schein!","Apró aranyszínű virágokkal borított növény. Sárga fényével felragyogja a földet!","O plantă acoperită cu flori mici aurii. Ea luminează pământul cu strălucirea lui galbenă!","نبتةٌ مُغطاةٌ بأزهارٍ ذهبيةٍ صغيرة. تُضفي على الأرضِ بريقَها الأصفرَ الزاهي!"
"tumski_bridge",8827921497055232,"Tumski Bridge","Puente Tumski","Ponte Tumski","Pont de Tumski","Most Tumski","Тумський міст","Тумский мост","Tumski-Brücke","Tumski híd","Podul Tumski","جسر تومسكي"
"tumski_bridge.desc",8827921497055233,"A famous bridge with love locks and gas lanterns.","Un famoso puente con candados del amor y linternas de gas.","Un famoso ponte con lucchetti dell'amore e lanterne a gas.","Un pont célèbre avec des cadenas d'amour et des lanternes à gaz.","Słynny most z latarniami gazowymi i kłódkami symbolizującymi miłość.","Відомий міст із замками кохання та газовими ліхтарями.","Знаменитый мост с «замками любви» и газовыми фонарями.","Eine berühmte Brücke mit Liebesschlössern und Gaslaternen.","Híres híd szerelmi zárakkal és gázlámpásokkal.","Un pod faimos cu lacăte de dragoste și lampioane cu gaz.","جسر مشهور بأقفال الحب والفوانيس الغازية."
"uranus",8827921497055234,"Uranus","Urano","Urano","Uranus","Uran","Уран","Уран","Uranus","Uránusz","Uranus","أورانوس"
"uranus.desc",8827921497055235,"A blue‑green planet that spins on its side.","Un planeta azul-verde que gira sobre su lado.","Un pianeta blu-verde che ruota su un lato.","Une planète bleu-vert qui tourne sur le côté.","Niebiesko-zielona planeta, toczy się na boku.","Синьо-зелена планета, яка обертається на боці.","Сине-зелёная планета, вращающаяся на боку.","Ein blaugrüner Planet, der sich auf der Seite dreht.","Egy kék-zöld bolygó, amely az oldalán forog.","O planetă albastru-verde care se învârte pe o parte.","كوكب أزرق مخضر يدور على جانبه."
"venus",8827921497055236,"Venus","Venus","Venere","Vénus","Wenus","Венера","Венера","Venus","Vénusz","Venus","الزهرة"
"venus.desc",8827921497055237,"A very hot planet covered by thick clouds.","Un planeta muy caliente cubierto de espesas nubes.","Un pianeta molto caldo ricoperto da spesse nubi.","Une planète très chaude recouverte de nuages ​​épais.","Bardzo gorąca planeta pokryta grubymi chmurami.","Дуже гаряча планета, покрита густими хмарами.","Очень горячая планета, покрытая густыми облаками.","Ein sehr heißer Planet, der von dicken Wolken bedeckt ist.","Nagyon forró bolygó, amelyet vastag felhők borítanak.","O planetă foarte fierbinte acoperită de nori groși.","كوكب شديد الحرارة مغطى بالغيوم الكثيفة."
"vistula_river",8827921497055238,"Vistula River","Río Vístula","fiume Vistola","la Vistule","Wisła","Річка Вісла","Река Висла","Weichsel","Visztula folyó","Râul Vistula","نهر فيستولا"
"vistula_river.desc",8827921497055239,"Poland’s longest river; it flows to the Baltic Sea.","El río más largo de Polonia; fluye hacia el mar Báltico.","Il fiume più lungo della Polonia; sfocia nel Mar Baltico.","Le plus long fleuve de Pologne ; il coule vers la mer Baltique.","Najdłuższa rzeka Polski. Wpada do Morza Bałtyckiego.","найдовша річка Польщі; впадає в Балтійське море.","Самая длинная река Польши; впадает в Балтийское море.","Der längste Fluss Polens mündet in die Ostsee.","Lengyelország leghosszabb folyója; a Balti-tengerbe folyik.","cel mai lung râu din Polonia; se varsă spre Marea Baltică.","أطول نهر في بولندا، ويتدفق إلى بحر البلطيق."
"wars_and_sawa",8827921497055240,"Wars and Sawa","Guerras y Sawa","Guerre e Sawa","Guerres et Sawa","Wars i Sawa","Війни і Сава","Войны и Савва","Kriege und Sawa","Háborúk és Sawa","Războaie și Sawa","الحروب والصراع"
"wars_and_sawa_statue",8827921497055242,"Wars and Sawa Statue","Estatua de Wars y Sawa","Guerre e statua di Sawa","Statue des guerres et de Sawa","Pomnik Warsa i Sawy","Війни та пам'ятник Савві","Статуя Войны и Саввы","Kriege und Sawa-Statue","Háborúk és Sawa szobor","Wars și Statuia Sawa","تمثال الحروب وسوا"
"wars_and_sawa_statue.desc",8827921497055243,"A statue showing the city’s legend about Wars and Sawa.","Una estatua que muestra la leyenda de la ciudad sobre Wars y Sawa.","Una statua che raffigura la leggenda della città su Wars e Sawa.","Une statue représentant la légende de la ville sur les guerres et Sawa.","Rzeźba przedstawiająca legendę miasta o Warsie i Sawie.","Статуя, яка показує міську легенду про Війн і Савву.","Статуя, демонстрирующая городскую легенду о Варсе и Савве.","Eine Statue, die die Legende der Stadt über Kriege und Sawa zeigt.","A város háborúkról és Sawáról szóló legendáját bemutató szobor.","O statuie care arată legenda orașului despre Războaie și Sawa.","تمثال يجسد أسطورة المدينة عن الحروب والسوا."
"wars_and_sawa.desc",8827921497055241,"Two legendary figures who gave Warsaw its name. Wars was a brave warrior and Sawa was a beautiful mermaid who lived in the Vistula River.","Dos figuras legendarias que dieron nombre a Varsovia: Wars, un valiente guerrero, y Sawa, una hermosa sirena que vivía en el río Vístula.","Due figure leggendarie che diedero il nome a Varsavia: Wars era un coraggioso guerriero e Sawa era una bellissima sirena che viveva nel fiume Vistola.","Deux personnages légendaires ont donné son nom à Varsovie. Wars était un guerrier courageux et Sawa était une belle sirène vivant dans la Vistule.","Dwie legendarne postacie, które nadały Warszawie nazwę. Wars był dzielnym wojownikiem, a Sawa piękną syreną, która mieszkała w Wiśle.","Дві легендарні постаті, які дали назву Варшаві. Війни був хоробрим воїном, а Сава була прекрасною русалкою, яка жила в річці Вісла.","Две легендарные личности, давшие название Варшаве. Варс был храбрым воином, а Савва — прекрасной русалкой, жившей в реке Висла.","Zwei legendäre Figuren gaben Warschau seinen Namen. Wars war ein tapferer Krieger und Sawa war eine wunderschöne Meerjungfrau, die in der Weichsel lebte.","Két legendás alak, akik Varsó nevét adták. Wars bátor harcos volt, Sawa pedig egy gyönyörű sellő, aki a Visztula folyóban élt.","Două figuri legendare care i-au dat numele Varșoviei. Wars era un războinic curajos, iar Sawa era o sirenă frumoasă care trăia în râul Vistula.","شخصيتان أسطوريتان أعطتا وارسو اسمها. كان وورز محاربًا شجاعًا، وسوا حورية بحر جميلة عاشت في نهر فيستولا."
"waves",8827921497055244,"Waves","Ondas","Onde","Flots","Fale","Хвилі","Волны","Wellen","Hullámok","Valuri","الأمواج"
"waves.desc",8827921497055245,"Moving water on the sea.","Movimiento del agua en el mar.","Acqua in movimento sul mare.","Eau en mouvement sur la mer.","Ruch wody na morzu.","Рухома вода на морі.","Движение воды в море.","Bewegtes Wasser auf dem Meer.","Mozgó víz a tengeren.","Apa în mișcare pe mare.","حركة المياه في البحر."
"wind",8827921497055246,"Wind","Viento","Vento","Vent","Wiatr","Вітер","Ветер","Wind","Szél","Vânt","رياح"
"wind.desc",8827921497055247,"Moving air that can feel strong in the mountains.","Aire en movimiento que puede sentirse fuerte en las montañas.","Aria in movimento che può risultare forte in montagna.","Un air en mouvement qui peut sembler fort en montagne.","Ruch powietrza, który w górach może być odczuwalnie silniejszy.","Рухоме повітря, яке може відчуватися сильним у горах.","Движущийся воздух, который в горах может ощущаться сильным.","Bewegte Luft, die sich in den Bergen stark anfühlen kann.","Mozgó levegő, amely erősnek érezhető a hegyekben.","Aer în mișcare care se poate simți puternic în munți.","هواء متحرك يمكن أن يكون قوياً في الجبال."
"winged_victory_of_samothrace",8827921497055248,"Winged Victory of Samothrace","Victoria Alada de Samotracia","Vittoria alata di Samotracia","Victoire ailée de Samothrace","Nike z Samotraki","Крилата перемога Самофракії","Крылатая Виктория Самофракийская","Nike von Samothrake","Samothrace szárnyas győzelme","Victoria înaripată a Samotraciei","نصر ساموثريس المجنح"
"winged_victory_of_samothrace.desc",8827921497055249,"A famous ancient sculpture of a goddess with wings.","Una famosa escultura antigua de una diosa con alas.","Una famosa scultura antica raffigurante una dea con le ali.","Une célèbre sculpture antique d'une déesse avec des ailes.","Słynna starożytna rzeźba przedstawiająca boginię ze skrzydłami.","Відома антична скульптура богині з крилами.","Знаменитая древняя скульптура богини с крыльями.","Eine berühmte antike Skulptur einer Göttin mit Flügeln.","Egy híres ősi szobor egy szárnyas istennőről.","O sculptură antică faimoasă a unei zeițe cu aripi.","تمثال قديم مشهور لإلهة ذات أجنحة."
"worlds_fair_1889",8827921497055250,"World’s Fair (1889)","Exposición Universal (1889)","Esposizione universale (1889)","Exposition universelle (1889)","Wystawa światowa (1889)","Всесвітня виставка (1889)","Всемирная выставка (1889)","Weltausstellung (1889)","Világkiállítás (1889)","Târgul Mondial (1889)","المعرض العالمي (1889)"
"worlds_fair_1889.desc",8827921497055251,"The big world expo when the Eiffel Tower was shown.","La gran exposición mundial cuando se mostró la Torre Eiffel.","La grande esposizione universale in cui venne esposta la Torre Eiffel.","La grande exposition universelle où la Tour Eiffel a été présentée.","Wielka światowa wystawa, na której pokazano Wieżę Eiffla.","Велика світова виставка, коли показали Ейфелеву вежу.","Крупнейшая всемирная выставка, на которой демонстрировалась Эйфелева башня.","Die große Weltausstellung, bei der der Eiffelturm gezeigt wurde.","A nagy világkiállítás, amikor bemutatták az Eiffel-tornyot.","Marea expoziție mondială când a fost prezentat Turnul Eiffel.","المعرض العالمي الكبير الذي تم فيه عرض برج إيفل."
"wroclaw",8827921497055258,"Wrocław","Breslavia","Breslavia","Wrocław","Wrocław","Вроцлав","Вроцлав","Breslau","Wrocław","Wrocław","فروتسواف"
"wroclaw_bridges",16699856528596994,"Wrocław Bridges","Puentes de Breslavia","Ponti di Breslavia","Ponts de Wrocław","Wrocławskie mosty","Вроцлавські мости","Вроцлавские мосты","Breslauer Brücken","Wrocławi hidak","Poduri Wrocław","جسور فروتسواف"
"wroclaw_bridges.desc",16699856528596995,"Many bridges cross the Odra River in Wrocław.","Numerosos puentes cruzan el río Óder en Breslavia.","A Breslavia ci sono molti ponti che attraversano il fiume Odra.","De nombreux ponts traversent la rivière Odra à Wrocław.","Wrocław znany jest z licznych mostów.","Через річку Одру у Вроцлаві перетинають багато мостів.","Во Вроцлаве реку Одра пересекает множество мостов.","In Breslau überqueren viele Brücken die Oder.","Wrocławban sok híd szeli át az Odra folyót.","Multe poduri traversează râul Odra din Wrocław.","تعبر العديد من الجسور نهر أودرا في فروتسواف."
"wroclaw_cathedral",8827921501249536,"Wroclaw: Cathedral","Breslavia: Catedral","Breslavia: Cattedrale","Wroclaw : Cathédrale","Wrocław: Katedra","Вроцлав: Собор","Вроцлав: Кафедральный собор","Breslau: Kathedrale","Wroclaw: katedrális","Wroclaw: Catedrala","فروتسواف: الكاتدرائية"
"wroclaw_cathedral.desc",8827921501249537,"A big, important church where people pray. You can climb the tower for a view.","Una iglesia grande e importante donde se reza. Se puede subir a la torre para disfrutar de las vistas.","Una chiesa grande e importante, dove la gente prega. È possibile salire sulla torre per ammirare il panorama.","Une grande et importante église où l'on prie. On peut grimper au clocher pour admirer la vue.","Duży, ważny kościół, w którym ludzie sie modlą, Można wspiąć sie na jego wieżę i podziwiać widoki.","Велика, важлива церква, де люди моляться. Ви можете піднятися на вежу, щоб побачити краєвид.","Большая, важная церковь, где молятся. Можно подняться на башню, чтобы полюбоваться видом.","Eine große, bedeutende Kirche, in der Menschen beten. Sie können auf den Turm steigen und die Aussicht genießen.","Egy nagy, fontos templom, ahol az emberek imádkoznak. Fel lehet mászni a toronyba a kilátásért.","O biserică mare, importantă, unde oamenii se roagă. Puteți urca în turn pentru o vedere.","كنيسة كبيرة ومهمة، يصلي فيها الناس. يمكنك تسلق البرج للاستمتاع بالمنظر."
"wroclaw_centennial_hall",8827921501249538,"Centennial Hall ","Salón del Centenario","Sala del Centenario","Salle du Centenaire","Hala Stulecia","Зал Століття ","Зал Столетия","Jahrhunderthalle","Centenáriumi terem ","Sala Centenarului ","قاعة المئوية"
"wroclaw_centennial_hall.desc",8827921501249539,"The Centennial Hall is a huge building that looks like a big tent with a roof. It’s very tall. Inside, you can see different shows, listen to concerts, or watch sports games.","El Salón del Centenario es un edificio enorme que parece una gran carpa con techo. Es muy alto. En su interior, se pueden ver diferentes espectáculos, escuchar conciertos o ver partidos deportivos.","La Centennial Hall è un enorme edificio che sembra una grande tenda con un tetto. È molto alto. Al suo interno si possono vedere diversi spettacoli, ascoltare concerti o guardare partite sportive.","Le Centennial Hall est un immense bâtiment ressemblant à une grande tente avec un toit. Il est très haut. À l'intérieur, vous pouvez assister à différents spectacles, écouter des concerts ou regarder des matchs.","Hala Stulecia to ogromny budynek przypominający wielki namiot z dachem. Jest bardzo wysoki. Wewnątrz można oglądać różne pokazy, słuchać koncertów i oglądać mecze sportowe.","Зал Століття – величезна будівля, схожа на великий шатер з дахом. Він дуже високий. Всередині можна подивитися різні шоу, послухати концерти або подивитися спортивні ігри.","Зал Столетия — это огромное здание, похожее на большой шатер с крышей. Он очень высокий. Внутри можно посмотреть различные шоу, послушать концерты или посмотреть спортивные матчи.","Die Jahrhunderthalle ist ein riesiges Gebäude, das wie ein großes Zelt mit Dach aussieht. Es ist sehr hoch. Im Inneren können Sie verschiedene Shows sehen, Konzerte hören oder Sportspiele verfolgen.","A Centennial Hall egy hatalmas épület, amely úgy néz ki, mint egy nagy tetős sátor. nagyon magas. Belül különféle műsorokat láthat, koncerteket hallgathat, vagy sportmérkőzéseket nézhet.","Sala Centenarului este o clădire imensă care arată ca un cort mare cu acoperiș. Este foarte înalt. În interior, puteți vedea diferite spectacole, puteți asculta concerte sau puteți urmări jocuri sportive.","قاعة المئوية مبنى ضخم يشبه خيمة كبيرة ذات سقف. إنه شاهق الارتفاع. في داخله، يمكنك مشاهدة عروض متنوعة، والاستماع إلى حفلات موسيقية، أو مشاهدة مباريات رياضية."
"wroclaw_dwarf_statue",8827921501249540,"Wrocław Dwarf Statue","Estatua del Enano de Breslavia","Statua del nano di Breslavia","Statue du nain de Wrocław","Figurka wrocławskiego krasnala","Статуя гнома у Вроцлаві","Статуя Вроцлавского гнома","Breslauer Zwergenstatue","Wrocławi törpe szobor","Statuia piticului din Wrocław","تمثال قزم فروتسواف"
"wroclaw_dwarf_statue.desc",8827921501249541,"A small city statue; dwarfs are Wrocław’s symbol.","Una pequeña estatua urbana; los enanos son el símbolo de Wrocław.","Una piccola statua cittadina; i nani sono il simbolo di Breslavia.","Une petite statue de la ville ; les nains sont le symbole de Wrocław.","Niewielka figurka krasnala-symbolu Wrocławia.","Мала міська статуя; гноми є символом Вроцлава.","Небольшая городская статуя; гномы являются символом Вроцлава.","Eine kleine Stadtstatue; Zwerge sind das Symbol von Breslau.","Egy kis városi szobor; a törpék Wrocław jelképei.","O statuie de oraș mic; piticii sunt simbolul Wrocław.","تمثال صغير للمدينة، والأقزام هم رمز فروتسواف."
"wroclaw_dwarfs",8827921501249542,"Wrocław Dwarfs","Enanos de Breslavia","Nani di Breslavia","Nains de Wrocław","Wrocławskie krasnale","Вроцлавські гноми","Вроцлавские гномы","Breslauer Zwerge","Wrocławi törpék","Piticii din Wrocław","أقزام فروتسواف"
"wroclaw_dwarfs.desc",8827921501249543,"Tiny statues across the city that love to play tricks.","Pequeñas estatuas por toda la ciudad a las que les encanta hacer bromas.","Piccole statue sparse per la città che amano fare scherzi.","De petites statues à travers la ville qui aiment jouer des tours.","Malutkie figurki w całym mieście. Krasnale lubią płatać figle.","Крихітні статуї по всьому місту, які люблять трюкати.","Маленькие статуи по всему городу, которые любят шутить.","Überall in der Stadt gibt es kleine Statuen, die gerne Streiche spielen.","Apró szobrok városszerte, amelyek szeretnek trükközni.","Statui minuscule din oraș, cărora le place să joace feste.","تماثيل صغيرة في جميع أنحاء المدينة تحب لعب الحيل."
"wroclaw_flag",8827921501249544,"Wrocław Flag","Bandera de Breslavia","Bandiera di Breslavia","Drapeau de Wrocław","Flaga Wrocławia","Прапор Вроцлава","Флаг Вроцлава","Flagge von Breslau","Wrocław zászló","Steagul Wrocław","علم فروتسواف"
"wroclaw_flag.desc",8827921501249545,"The city flag that must be found and returned.","La bandera de la ciudad que hay que encontrar y devolver.","La bandiera della città che deve essere ritrovata e restituita.","Le drapeau de la ville qu'il faut retrouver et restituer.","Flaga miasta, którą należy znaleźć i zwrócić.","Прапор міста, який треба знайти і повернути.","Городской флаг, который необходимо найти и вернуть.","Die Stadtflagge, die gefunden und zurückgegeben werden muss.","A város zászlója, amelyet meg kell találni és vissza kell adni.","Steagul orașului care trebuie găsit și returnat.","علم المدينة الذي يجب العثور عليه وإعادته."
"wroclaw_market_square",8827921501249546,"Wrocław Market Square","Plaza del Mercado de Breslavia","Piazza del mercato di Breslavia","Place du marché de Wrocław","Wrocławski Rynek","Ринкова площа Вроцлава","Рыночная площадь Вроцлава","Breslauer Marktplatz","Wrocław piactér","Piața Wrocław","ساحة سوق فروتسواف"
"wroclaw_market_square.desc",8827921501249547,"The main square of the Old Town, full of life.","La plaza principal del Casco Antiguo, llena de vida.","La piazza principale della Città Vecchia, piena di vita.","La place principale de la vieille ville, pleine de vie.","Główny plac Starego Miasta, pełen życia.","Головна площа Старого міста, повна життя.","Главная площадь Старого города, полная жизни.","Der Hauptplatz der Altstadt, voller Leben.","Az Óváros főtere, tele élettel.","Piața principală a Orașului Vechi, plină de viață.","الساحة الرئيسية للمدينة القديمة، مليئة بالحياة."
"wroclaw_multimedia_fountain",8827921501249548,"Wrocław Multimedia Fountain","Fuente multimedia de Breslavia","Fontana multimediale di Breslavia","Fontaine multimédia de Wrocław","Wrocławska Fontanna Multimedialna","Вроцлавський мультимедійний фонтан","Вроцлавский мультимедийный фонтан","Multimedia-Brunnen von Breslau","Wrocław multimédiás szökőkút","Fântâna multimedia din Wrocław","نافورة فروتسواف للوسائط المتعددة"
"wroclaw_multimedia_fountain.desc",8827921501249549,"Water that dances with music and colorful lights.","Agua que baila con música y luces de colores.","Acqua che danza con musica e luci colorate.","De l'eau qui danse avec de la musique et des lumières colorées.","Woda tańcząca w rytm muzyki i kolorowych świateł.","Вода, яка танцює з музикою та різнокольоровими вогнями.","Вода, танцующая под музыку и разноцветные огни.","Wasser, das mit Musik und bunten Lichtern tanzt.","Zenével és színes fényekkel táncoló víz.","Apă care dansează cu muzică și lumini colorate.","مياه ترقص على أنغام الموسيقى والأضواء الملونة."
"wroclaw_old_town_hall",8827921501249550,"Old Town Hall (Wroclaw)","Ayuntamiento de la Ciudad Vieja (Wroclaw)","Vecchio Municipio (Breslavia)","Ancien hôtel de ville (Wroclaw)","Stary Ratusz (Wrocław)","Стара ратуша (Вроцлав)","Старая ратуша (Вроцлав)","Altes Rathaus (Breslau)","Régi Városháza (Wroclaw)","Primăria Veche (Wroclaw)","قاعة المدينة القديمة (فروتسواف)"
"wroclaw_old_town_hall.desc",8827921501249551,"A beautiful Gothic building in the main square. It has a famous clock.","Un hermoso edificio gótico en la plaza principal. Tiene un famoso reloj.","Uno splendido edificio gotico nella piazza principale. Ha un famoso orologio.","Un magnifique édifice gothique sur la place principale. Il possède une horloge célèbre.","Piękny gotycki budynek na Rynku.","Красива готична будівля на головній площі. Має знаменитий годинник.","Прекрасное готическое здание на главной площади. На нём находятся знаменитые часы.","Ein wunderschönes gotisches Gebäude auf dem Hauptplatz. Es hat eine berühmte Uhr.","Egy gyönyörű gótikus épület a főtéren. Híres órája van.","O clădire gotică frumoasă în piața principală. Are un ceas faimos.","مبنى قوطي جميل في الساحة الرئيسية، يتميز بساعة شهيرة."
"wroclaw_sky_tower",8827921501249552,"Wroclaw: Sky Tower","Breslavia: Torre del Cielo","Breslavia: Sky Tower","Wroclaw : Sky Tower","Wrocław: Sky Tower","Вроцлав: Sky Tower","Вроцлав: Sky Tower","Breslau: Sky Tower","Wroclaw: Sky Tower","Wroclaw: Sky Tower","فروتسواف: برج السماء"
"wroclaw_sky_tower.desc",8827921501249553,"One of the tallest buildings in Poland. It has shops and a viewpoint.","Uno de los edificios más altos de Polonia. Tiene tiendas y un mirador.","Uno degli edifici più alti della Polonia. Ospita negozi e un punto panoramico.","L'un des plus hauts bâtiments de Pologne. Il abrite des boutiques et un belvédère.","Jeden z najwyższych budynków w Polsce. Znajdują się w nim sklepy i punkt widokowy.","Одна з найвищих будівель у Польщі. Тут є магазини та оглядовий майданчик.","Одно из самых высоких зданий в Польше. В нём есть магазины и смотровая площадка.","Eines der höchsten Gebäude in Polen. Es verfügt über Geschäfte und einen Aussichtspunkt.","Lengyelország egyik legmagasabb épülete. Vannak üzletek és egy kilátó.","Una dintre cele mai înalte clădiri din Polonia. Are magazine si un punct de belvedere.","أحد أطول المباني في بولندا. يضم متاجر ونقطة مشاهدة."
"wroclaw_zoo",8827921501249554,"Wrocław Zoo","Zoológico de Breslavia","Zoo di Breslavia","Zoo de Wrocław","Ogród Zoologiczny we Wrocławiu","Вроцлавський зоопарк","Вроцлавский зоопарк","Zoo Breslau","Wrocławi Állatkert","Grădina Zoologică din Wrocław","حديقة حيوان فروتسواف"
"wroclaw_zoo.desc",8827921501249555,"A big zoo in Wrocław with many animals to learn about.","Un gran zoológico en Wrocław con muchos animales para conocer.","Un grande zoo a Breslavia con molti animali da scoprire.","Un grand zoo à Wrocław avec de nombreux animaux à découvrir.","Duży ogród zoologiczny we Wrocławiu, w którym można poznać wiele zwierząt.","Великий зоопарк у Вроцлаві з багатьма тваринами, про яких варто дізнатися.","Большой зоопарк во Вроцлаве со множеством животных, о которых можно узнать.","Ein großer Zoo in Breslau mit vielen Tieren, über die man etwas lernen kann.","Egy nagy állatkert Wrocławban, ahol sok érdekes állat található.","O grădină zoologică mare din Wrocław cu multe animale despre care să înveți.","حديقة حيوانات كبيرة في فروتسواف تضم العديد من الحيوانات التي يمكن التعرف عليها."
"wroclaw.desc",8827921497055259,"A city in Poland with rivers, bridges, and history.","Una ciudad de Polonia con ríos, puentes e historia.","Una città in Polonia con fiumi, ponti e storia.","Une ville de Pologne avec des rivières, des ponts et de l'histoire.","Miasto w Polsce z rzekami, mostami i pięknymi zabytkami.","Місто в Польщі з річками, мостами та історією.","Город в Польше с реками, мостами и историей.","Eine Stadt in Polen mit Flüssen, Brücken und Geschichte.","Egy város Lengyelországban folyókkal, hidakkal és történelemmel.","Un oraș din Polonia cu râuri, poduri și istorie.","مدينة في بولندا بها أنهار وجسور وتاريخ."
"wroklaw_map",16699856532791296,"Map of Wroklaw","Mapa de Wroklaw","Mappa di Wroklaw","Carte de Wroklaw","Mapa Wrocławia","Карта Вроцлава","Карта Вроцлава","Karte von Breslau","Wroklaw térképe","Harta Wroklaw","خريطة فروكلاف"
"wroklaw_map.desc",16699856532791297,"A simple map of Wrocław showing the Odra River with its islands and many bridges","Un mapa sencillo de Wrocław que muestra el río Óder con sus islas y numerosos puentes.","Una semplice mappa di Breslavia che mostra il fiume Odra con le sue isole e numerosi ponti","Une carte simple de Wrocław montrant la rivière Odra avec ses îles et ses nombreux ponts","Prosta mapa Wrocławia przedstawiająca rzekę Odrę z wyspami i wieloma mostami","Проста карта Вроцлава, на якій зображена річка Одра з її островами та багатьма мостами","Простая карта Вроцлава с изображением реки Одра с ее островами и множеством мостов.","Eine einfache Karte von Breslau, die die Oder mit ihren Inseln und vielen Brücken zeigt","Wrocław egyszerű térképe, amely az Odra folyót mutatja szigeteivel és számos hídjával","O hartă simplă a orașului Wrocław care arată râul Odra cu insulele sale și multe poduri","خريطة بسيطة لمدينة فروتسواف تُظهر نهر أودرا مع جزره والعديد من الجسور"
"xylophone",8827921501249556,"Xylophone","Xilófono","Xilofono","Xylophone","Ksylofon","Ксилофон","Ксилофон","Xylophon","Xilofon","Xilofon","إكسيليفون"
"xylophone.desc",8827921501249557,"An instrument with bars you hit to make notes.","Un instrumento con barras que se golpean para crear notas.","Uno strumento con delle barre che si percuotono per produrre note.","Un instrument avec des barres sur lesquelles on frappe pour prendre des notes.","Instrument ze sztabkami, w które uderza się, aby uzyskać dźwięki.","Інструмент зі штрихами, по яких ви вдаряєте, щоб робити нотатки.","Инструмент со брусками, ударяя по которым, извлекаются ноты.","Ein Instrument mit Takten, die Sie anschlagen, um Noten zu erzeugen.","Egy hangszer ütőkkel, amellyel jegyzeteket készíthet.","Un instrument cu bare pe care le lovești pentru a nota.","آلة موسيقية تحتوي على أشرطة يمكنك الضغط عليها لتدوين النوتات الموسيقية."
"zebra_crossing",8827921501249558,"Zebra Crossing","Paso de cebra","attraversamento pedonale","Le passage piéton","Zebra","Зебра","Зебра","Zebrastreifen","Zebra átkelőhely","Trecere cu zebră","معبر الحمار الوحشي"
"zebra_crossing.desc",8827921501249559,"White stripes where people cross the street.","Rayas blancas donde la gente cruza la calle.","Strisce bianche dove le persone attraversano la strada.","Un passage piéton est indiqué par des bandes blanches sur la route. Il indique un endroit pour traverser la route en toute sécurité.là où les gens traversent la rue.","Białe pasy tam, gdzie ludzie przechodzą przez ulicę.","Білі смуги там, де люди переходять вулицю.","Белые полосы там, где люди переходят улицу.","Weiße Streifen, wo Menschen die Straße überqueren.","Fehér csíkok, ahol az emberek átkelnek az utcán.","Dungi albe pe unde oamenii traversează strada.","خطوط بيضاء حيث يعبر الناس الشارع."
"zoo_animals",16699856532791298,"Zoo Animals","Animales del zoológico","Animali dello zoo","Animaux du zoo","Zwierzęta z zoo","Тварини зоопарку","Животные зоопарка","Zootiere","Állatkerti állatok","Animale de la Zoo","حيوانات حديقة الحيوان"
"zoo_animals.desc",16699856532791299,"Animals from around the world live here. Come meet them, watch, and learn their stories!","Tarjeta creada automáticamente para el tema 'Animales del zoológico'.","Scheda creata automaticamente per l'argomento 'Animali dello zoo'.","Carte créée automatiquement pour le thème « Animaux du zoo ».","Automatycznie utworzona karta na temat „Zwierzęta w zoo”.","Автоматично створена картка для теми «Тварини зоопарку».","Автоматически созданная карточка по теме «Животные зоопарка».","Automatisch erstellte Karte zum Thema „Zootiere“.","Automatikusan létrehozott kártya az „Állatkerti állatok” témához.","Card creat automat pentru subiectul „Animale din Grădina Zoologică”.","بطاقة تم إنشاؤها تلقائيًا لموضوع ""حيوانات حديقة الحيوانات""."
"zoo_director",8827921501249560,"Zoo Director","Director del zoológico","Direttore dello zoo","Directeur du zoo","Dyrektor zoo","Директор зоопарку","Директор зоопарка","Zoodirektor","Állatkert igazgatója","Directorul Grădinii Zoologice","مدير حديقة الحيوان"
"zoo_director.desc",8827921501249561,"The person who runs the zoo and helps visitors.","La persona que dirige el zoológico y ayuda a los visitantes.","La persona che gestisce lo zoo e aiuta i visitatori.","La personne qui dirige le zoo et aide les visiteurs.","Osoba zarządzająca zoo i pomagająca zwiedzającym.","Людина, яка керує зоопарком і допомагає відвідувачам.","Человек, который управляет зоопарком и помогает посетителям.","Die Person, die den Zoo leitet und den Besuchern hilft.","Az a személy, aki az állatkertet vezeti és segíti a látogatókat.","Persoana care conduce grădina zoologică și ajută vizitatorii.","الشخص الذي يدير حديقة الحيوانات ويساعد الزوار."
"zoo_keeper",8827921505443840,"Zoo Keeper","Guardián del zoológico","Guardiano dello zoo","Gardien de zoo","Opiekun zwierząt w zoo","Доглядач зоопарку","Смотритель зоопарка","Tierpfleger","Állatkert őrzője","Grădina Zoologică","حارس حديقة الحيوان"
"zoo_keeper.desc",8827921505443841,"A person who cares for animals at the zoo.","Una persona que cuida a los animales en el zoológico.","Una persona che si prende cura degli animali allo zoo.","Une personne qui s'occupe des animaux au zoo.","Osoba opiekująca się zwierzętami w zoo.","Людина, яка доглядає за тваринами в зоопарку.","Человек, который заботится о животных в зоопарке.","Eine Person, die sich im Zoo um Tiere kümmert.","Egy személy, aki állatokat gondoz az állatkertben.","O persoană care are grijă de animale la grădina zoologică.","الشخص الذي يهتم بالحيوانات في حديقة الحيوانات."
"zoty_coins",8827921518026752,"Złoty Coins","Monedas de zloty","Monete Złoty","Pièces de złoty","Polskie monety","Злоті монети","Злотые монеты","Złoty-Münzen","Zloty érmék","Monede Złoty","عملات زلوتي"
"zoty_coins.desc",8827921518026753,"Polish money (złoty) shown as coins.","Dinero polaco (zloty) mostrado en forma de monedas.","Denaro polacco (złoty) raffigurato come monete.","Monnaie polonaise (złoty) représentée sous forme de pièces de monnaie.","Polskie pieniądze (złoty) przedstawiane jako monety.","Польські гроші (злоті), зображені як монети.","Польские деньги (злотые) показаны в виде монет.","Polnisches Geld (Złoty) als Münzen dargestellt.","A lengyel pénz (złoty) érmékként látható.","Bani polonezi (złoty) afișați ca monede.","العملة البولندية (زلوتي) تظهر على شكل عملات معدنية."
"zuraw_crane",8827921518026754,"Żuraw Crane","Grúa de Żuraw","Żuraw Crane","Grue Żuraw","Żuraw Gdański","Журавський кран","Журав Крейн","Żuraw-Kranich","Żuraw Crane","Macara Żuraw","رافعة زوراو"
"zuraw_crane.desc",8827921518026755,"An old port crane and city gate on the river.","Una antigua grúa portuaria y puerta de la ciudad en el río.","Una vecchia gru portuale e una porta della città sul fiume.","Une ancienne grue portuaire et une porte de ville sur la rivière.","Stary dźwig portowy i brama miejska nad rzeką.","Старий портовий кран і міські ворота на річці.","Старый портовый кран и городские ворота на реке.","Ein alter Hafenkran und ein Stadttor am Fluss.","Egy régi kikötői daru és városkapu a folyón.","O macara de port veche și poarta orașului pe râu.","رافعة الميناء القديمة وبوابة المدينة على النهر."
"food_sugar",38823301399699456,"Sugar","Azúcar","Zucchero","Sucre","Cukier","Цукор","Сахар","Zucker","Cukor","Zahăr","سكر"
"food_sugar.desc",38823426821971968,"Sugar is made from plants like beets or cane. It gives energy and makes cakes and cookies taste delicious.","El azúcar se obtiene de plantas como la remolacha o la caña de azúcar. Aporta energía y hace que los pasteles y las galletas tengan un sabor delicioso.","Lo zucchero è ricavato da piante come la barbabietola o la canna da zucchero. Fornisce energia e rende deliziosi dolci e biscotti.","Le sucre est fabriqué à partir de plantes comme la betterave ou la canne à sucre. Il apporte de l'énergie et donne un goût délicieux aux gâteaux et aux biscuits.","Cukier wytwarza się z roślin takich jak buraki czy trzcina cukrowa. Dodaje energii i sprawia, że ​​ciasta i ciasteczka smakują wyśmienicie.","Цукор виготовляють з рослин, таких як буряк або тростина. Він дає енергію та робить торти та печиво смачними.","Сахар получают из растений, таких как свекла или тростник. Он дает энергию и придает вкус тортам и печенью.","Zucker wird aus Pflanzen wie Rüben oder Zuckerrohr hergestellt. Er liefert Energie und verleiht Kuchen und Keksen einen köstlichen Geschmack.","A cukrot növényekből, például céklából vagy nádból állítják elő. Energiát ad, és ízletessé teszi a süteményeket és a kekszeket.","Zahărul este obținut din plante precum sfecla sau trestia de zahăr. Oferă energie și face ca prăjiturile și fursecurile să aibă un gust delicios.","يُصنع السكر من نباتات مثل الشمندر أو قصب السكر. وهو يمنح الطاقة ويجعل الكعك والبسكويت لذيذ المذاق."
"person_spicevendor",38835393993367552,"Spice Vendor","Vendedor de especias","Venditore di spezie","Vendeur d'épices","Sprzedawca przypraw","Продавець спецій","Продавец специй","Gewürzhändler","Fűszerárus","Vânzător de condimente","بائع التوابل"
"person_spicevendor.desc",38835455716745216,"Sells small jars of tasty smells like cinnamon, cloves, and ginger. They help make food warm, sweet, and full of flavor.","Vende pequeños frascos con aromas deliciosos como canela, clavo y jengibre. Ayudan a que la comida esté caliente, dulce y llena de sabor.","Vende piccoli barattoli di aromi gustosi come cannella, chiodi di garofano e zenzero. Aiutano a rendere i cibi caldi, dolci e ricchi di sapore.","Vend des petits pots aux arômes délicieux comme la cannelle, le clou de girofle et le gingembre. Ils contribuent à rendre les plats chaleureux, sucrés et savoureux.","Sprzedaje małe słoiczki z pysznymi zapachami, takimi jak cynamon, goździki i imbir. Dzięki nim potrawy stają się ciepłe, słodkie i pełne smaku.","Продає маленькі баночки зі смачними ароматами, такими як кориця, гвоздика та імбир. Вони допомагають зробити їжу теплою, солодкою та насиченою смаком.","Продаются небольшие баночки с ароматными добавками, такими как корица, гвоздика и имбирь. Они помогают сделать еду теплой, сладкой и насыщенной вкусом.","Verkauft kleine Gläser mit leckeren Aromen wie Zimt, Nelken und Ingwer. Sie verleihen Speisen eine warme, süße und geschmackvolle Note.","Kis üvegcsékben árul finom illatokat, például fahéjat, szegfűszeget és gyömbért. Segítenek melegíteni, édessé és ízessé tenni az ételeket.","Vinde borcane mici cu arome gustoase precum scorțișoară, cuișoare și ghimbir. Acestea ajută la încălzirea, dulceața și savoarea mâncării.","يبيع عبوات صغيرة من روائح لذيذة مثل القرفة والقرنفل والزنجبيل. تساعد هذه الروائح على جعل الطعام دافئًا وحلوًا وغنيًا بالنكهة."
"river_sign",68531352775942144,"River Sign","Signo del río","Cartello di un fiume","Panneau de la rivière","Znak rzeki","Річковий знак","Речной указатель","Flusszeichen","Folyójel","Semnul râului","علامة النهر"
"river_sign.desc",68531437567991808,"A blue rectangular sign with white wavy lines that acts as the universal European symbol to show where a river flows.","Un cartel rectangular azul con líneas onduladas blancas que actúa como símbolo europeo universal para mostrar dónde fluye un río.","Un cartello rettangolare blu con linee ondulate bianche che funge da simbolo universale europeo per indicare il punto in cui scorre un fiume.","Un panneau rectangulaire bleu avec des lignes blanches ondulées qui sert de symbole européen universel pour indiquer le cours d'une rivière.","Niebieski, prostokątny znak z białymi falistymi liniami, będący uniwersalnym europejskim symbolem pokazującym, gdzie płynie rzeka.","Синій прямокутний знак з білими хвилястими лініями, який служить універсальним європейським символом, що показує, де протікає річка.","Синий прямоугольный знак с белыми волнистыми линиями, являющийся универсальным европейским символом, указывающим место протекания реки.","Ein blaues rechteckiges Schild mit weißen Wellenlinien, das als universelles europäisches Symbol dient, um anzuzeigen, wo ein Fluss verläuft.","Egy kék téglalap alakú tábla fehér hullámos vonalakkal, amely egyetemes európai szimbólumként szolgál, jelezve a folyók folyását.","Un indicator dreptunghiular albastru cu linii albe ondulate, care acționează ca simbol european universal pentru a arăta pe unde curge un râu.","لافتة مستطيلة زرقاء اللون ذات خطوط بيضاء متموجة، تعمل كرمز أوروبي عالمي للدلالة على مسار النهر."
"dwarf_animal_lover",81421328857423872,"Animal Lover Dwarf","Enano amante de los animales","Nano amante degli animali","Nain amoureux des animaux","Miłośnik zwierząt Krasnolud","Гном-любитель тварин","Карлик-любитель животных","Tierliebhaber Zwerg","Állatbarát törpe","Pitic iubitor de animale","قزم محب للحيوانات"
"dwarf_animal_lover.desc",81421328886784000,"A dwarf statue that loves the zoo and animals.","Una estatua de un enano que adora el zoológico y los animales.","Una statuetta di nano che ama lo zoo e gli animali.","Une statue de nain qui adore le zoo et les animaux.","Figurka krasnala, który uwielbia zoo i zwierzęta.","Статуя карлика, який любить зоопарк і тварин.","Статуя карлика, который обожает зоопарк и животных.","Eine Zwergenstatue, die den Zoo und Tiere liebt.","Egy törpeszobor, amely imádja az állatkertet és az állatokat.","O statuie pitică care iubește grădina zoologică și animalele.","تمثال قزم يعشق حديقة الحيوانات والحيوانات."
"dwarf_architect",81421328886784001,"Architect Dwarf","Arquitecto Enano","Nano architetto","Architecte nain","Architekt Krasnolud","Архітектор-гном","Архитектор-карлик","Architekt Zwerg","Építész törpe","Pitic Arhitect","قزم معماري"
"dwarf_architect.desc",81421328886784002,"A thoughtful dwarf who loves shapes, buildings, and clever design.","Un enano reflexivo al que le encantan las formas, los edificios y el diseño ingenioso.","Un nano riflessivo che ama le forme, gli edifici e il design intelligente.","Un nain réfléchi qui aime les formes, les bâtiments et les conceptions ingénieuses.","Myślący krasnolud, który kocha kształty, budynki i pomysłowe projekty.","Вдумливий гном, який любить форми, будівлі та розумний дизайн.","Вдумчивый гном, который обожает формы, здания и оригинальный дизайн.","Ein nachdenklicher Zwerg, der Formen, Gebäude und cleveres Design liebt.","Egy gondolkodó törpe, aki szereti a formákat, az épületeket és az ötletes terveket.","Un pitic grijuliu care iubește formele, clădirile și designul ingenios.","قزمٌ متأملٌ يعشق الأشكال والمباني والتصميم الذكي."
"dwarf_bishop",81421328886784003,"Bishop Dwarf","Obispo Enano","Vescovo Nano","Évêque Nain","Biskup Krasnolud","Єпископ Дворф","Епископ Карлик","Bischof Zwerg","Törpe püspök","Episcopul Pitic","أسقف قزم"
"dwarf_bishop.desc",81421328886784004,"A dwarf statue who asks a church question.","Una estatua de un enano que hace una pregunta en la iglesia.","Una statua di nano che pone una domanda a una chiesa.","Une statue de nain qui pose une question sur l'église.","Posąg karła zadającego pytanie kościelne.","Статуя карлика, яка ставить церковне питання.","Статуя карлика, задающего вопрос церкви.","Eine Zwergenstatue, die eine Frage an die Kirche stellt.","Egy törpeszobor, aki egyházi kérdést tesz fel.","O statuie pitică care pune o întrebare bisericească.","تمثال قزم يطرح سؤالاً كنسياً."
"dwarf_conductor",81421328886784005,"Conductor Dwarf","Enano conductor","Direttore d'orchestra nano","Nain chef d'orchestre","Dyrygent Krasnolud","Диригент-гном","Дирижер Гном","Dirigent Zwerg","Karmester törpe","Piticul dirijor","قائد أوركسترا قزم"
"dwarf_conductor.desc",81421328886784006,"A lively dwarf who loves water, lights, and music.","Un enano muy animado al que le encanta el agua, las luces y la música.","Un nano vivace che ama l'acqua, le luci e la musica.","Un nain plein de vie qui aime l'eau, les lumières et la musique.","Żywiołowy krasnolud, który kocha wodę, światła i muzykę.","Жвавий гном, який любить воду, світло та музику.","Жизнерадостный гном, обожающий воду, свет и музыку.","Ein lebhafter Zwerg, der Wasser, Licht und Musik liebt.","Egy eleven törpe, aki szereti a vizet, a fényeket és a zenét.","Un pitic vioi care iubește apa, luminile și muzica.","قزم مرح يحب الماء والأضواء والموسيقى."
"dwarf_councilor",81421328886784007,"Councilor Dwarf","Concejal Enano","Consigliere Nano","Conseiller Nain","Radny Krasnolud","Радник-гном","Советник-гном","Ratsmitglied Zwerg","Tanácsos törpe","Consilier Pitic","عضو المجلس القزم"
"dwarf_councilor.desc",81421328886784008,"A formal dwarf linked to the Old Town Hall and city work.","Un enano formal vinculado al antiguo ayuntamiento y a las obras municipales.","Un nano formale legato al vecchio municipio e alle opere cittadine.","Un nain officiel lié à l'ancien hôtel de ville et aux travaux municipaux.","Formalny krasnolud związany ze Starym Ratuszem i sprawami miasta.","Формальний карлик, пов'язаний зі Старою ратушею та міською роботою.","Формально изображен карлик, связанный со старой ратушей и городскими работами.","Ein formaler Zwerg, der mit dem Alten Rathaus und städtischen Arbeiten in Verbindung steht.","Egy hivatalos törpe, amely a régi városházához és a városi munkálatokhoz kapcsolódik.","Un pitic oficial legat de Primăria Veche și de activitatea orașului.","قزم رسمي مرتبط بدار البلدية القديمة وأعمال المدينة."
"dwarf_keymaster",81421328886784009,"Keymaster Dwarf","Enano guardián de llaves","Nano Custode delle Chiavi","Maître des clés nain","Krasnolud Klucznik","Гном-ключник","Гном-хранитель ключей","Schlüsselmeister-Zwerg","Keymaster törpe","Piticul Maestru al Cheilor","قزم حارس المفاتيح"
"dwarf_keymaster.desc",81421328886784010,"A dwarf statue guarding the elevator with a big key.","Una estatua de un enano custodiando el ascensor con una llave grande.","Una statua di un nano fa la guardia all'ascensore con una grande chiave.","Une statue de nain gardant l'ascenseur avec une grosse clé.","Posąg krasnoluda pilnującego windy z dużym kluczem.","Карликова статуя, що охороняє ліфт з великим ключем.","Статуя карлика, охраняющего лифт, с большим ключом в руках.","Eine Zwergenstatue bewacht den Aufzug mit einem großen Schlüssel.","Egy törpeszobor őrzi a liftet egy nagy kulccsal.","O statuie pitică care păzea liftul cu o cheie mare.","تمثال قزم يحرس المصعد بمفتاح كبير."
"dwarf_origin",81421328886784011,"Origin Dwarf","Origen Enano","Nano d'origine","Origine Nain","Pochodzenie Krasnoluda","Походження карлика","Происхождение: гном","Ursprungszwerg","Származási törpe","Pitic de origine","قزم أصلي"
"dwarf_origin.desc",81421328886784012,"A classic Wroclaw dwarf statue with a pointed hat and strong boots.","Una estatua clásica de un enano de Breslavia con sombrero puntiagudo y botas robustas.","Una classica statua di un nano di Breslavia con cappello a punta e robusti stivali.","Une statue classique de nain de Wroclaw, coiffé d'un chapeau pointu et chaussé de bottes robustes.","Klasyczna wrocławska figura krasnala w spiczastym kapeluszu i solidnych butach.","Класична вроцлавська статуя карлика у загостреному капелюсі та міцних чоботях.","Классическая статуя вроцлавского гнома в остроконечной шляпе и крепких сапогах.","Eine klassische Breslauer Zwergenstatue mit spitzem Hut und derben Stiefeln.","Klasszikus wroclawi törpeszobor hegyes kalappal és erős csizmával.","O statuie clasică a unui pitic din Wroclaw, cu o pălărie ascuțită și cizme rezistente.","تمثال قزم كلاسيكي من فروتسواف يرتدي قبعة مدببة وحذاءً قوياً."
"dwarf_painter",81421328886784013,"Painter Dwarf","Enano pintor","Nano Pittore","Nain peintre","Malarz Krasnolud","Гном-художник","Художник-карлик","Malerzwerg","Festő törpe","Pictor Pictor","قزم رسام"
"dwarf_painter.desc",81421328886784014,"An artistic dwarf who loves color, paint, and big pictures.","Un enano artístico al que le encantan el color, la pintura y los cuadros grandes.","Un nano artista che ama i colori, la pittura e i quadri di grandi dimensioni.","Un nain artiste qui aime les couleurs, la peinture et les grands formats.","Artystyczny krasnolud, który kocha kolory, farby i duże obrazy.","Художній гном, який любить колір, фарби та великі картини.","Карлик-художник, обожающий цвет, краски и масштабные картины.","Ein künstlerisch begabter Zwerg, der Farben, Malerei und große Bilder liebt.","Egy művészi törpe, aki imádja a színeket, a festéket és a nagy képeket.","Un pitic artistic care iubește culoarea, vopseaua și imaginile mari.","قزم فنان يعشق الألوان والطلاء واللوحات الكبيرة."
"dwarf_traveler",81421328886784015,"Traveler Dwarf","Enano viajero","Nano viaggiatore","Nain voyageur","Podróżnik Krasnolud","Гном-мандрівник","Путешественник-гном","Reisender Zwerg","Utazó törpe","Pitic călător","قزم مسافر"
"dwarf_traveler.desc",81421328886784016,"An adventurous dwarf who loves busy places and new paths.","Un enano aventurero al que le encantan los lugares concurridos y los caminos nuevos.","Un nano avventuroso che ama i luoghi affollati e i nuovi percorsi.","Un nain aventureux qui adore les endroits animés et les nouveaux chemins.","Żądny przygód krasnolud, który kocha ruchliwe miejsca i nowe ścieżki.","Авантюрний гном, який любить жваві місця та нові стежки.","Предприимчивый гном, любящий оживленные места и новые пути.","Ein abenteuerlustiger Zwerg, der belebte Orte und neue Wege liebt.","Egy kalandvágyó törpe, aki szereti a nyüzsgő helyeket és az új ösvényeket.","Un pitic aventuros care iubește locurile aglomerate și cărările noi.","قزم مغامر يعشق الأماكن المزدحمة والمسارات الجديدة."
"dwarf_writer",81421328886784017,"Writer Dwarf","Enano escritor","Nano scrittore","Écrivain nain","Pisarz Krasnolud","Письменник-гном","Писатель-карлик","Schriftsteller Zwerg","Író törpe","Pitic scriitor","كاتب قزم"
"dwarf_writer.desc",81421328886784018,"A quiet dwarf who loves stories, books, and reading.","Un enano tranquilo al que le encantan las historias, los libros y la lectura.","Un nano tranquillo che ama le storie, i libri e la lettura.","Un nain discret qui adore les histoires, les livres et la lecture.","Cichy krasnolud, który uwielbia opowieści, książki i czytanie.","Тихий гном, який любить історії, книги та читання.","Тихий карлик, любящий истории, книги и чтение.","Ein stiller Zwerg, der Geschichten, Bücher und das Lesen liebt.","Egy csendes törpe, aki szereti a történeteket, a könyveket és az olvasást.","Un pitic tăcut căruia îi plac poveștile, cărțile și cititul.","قزم هادئ يحب القصص والكتب والقراءة."
"wroklaw_islands_map",81421328903561216,"Wroklaw islands map","Mapa de las islas Wroklaw","Mappa delle isole di Wroklaw","Carte des îles Wroklaw","Mapa wysp wrocławskich","Мапа Вроцлавських островів","Карта островов Вроцлав","Karte der Wroklaw-Inseln","Wrokław-szigetek térképe","Harta insulelor Wroklaw","خريطة جزر وركلو"
"wroklaw_islands_map.desc",81421328903561217,"A colorful map of Wrocław's central islands along the Odra River, showing the historical buildings, bridges, and green spaces of the Old Town district.","Un colorido mapa de las islas centrales de Breslavia a lo largo del río Óder, que muestra los edificios históricos, los puentes y las zonas verdes del casco antiguo.","Una mappa colorata delle isole centrali di Breslavia lungo il fiume Odra, che mostra gli edifici storici, i ponti e gli spazi verdi del centro storico.","Une carte colorée des îles centrales de Wrocław le long de l'Odra, montrant les bâtiments historiques, les ponts et les espaces verts du quartier de la vieille ville.","Kolorowa mapa centralnych wysp Wrocławia, położonych wzdłuż Odry, prezentująca zabytkowe budynki, mosty i tereny zielone Starego Miasta.","Барвиста карта центральних островів Вроцлава вздовж річки Одра, на якій зображено історичні будівлі, мости та зелені зони Старого міста.","Красочная карта центральных островов Вроцлава вдоль реки Одра, на которой изображены исторические здания, мосты и зеленые зоны Старого города.","Eine farbenfrohe Karte der zentralen Inseln Breslaus entlang der Oder, die die historischen Gebäude, Brücken und Grünflächen der Altstadt zeigt.","Wrocław központi szigeteinek színes térképe az Odera folyó mentén, amelyen láthatók az Óváros történelmi épületei, hídjai és zöldterületei.","O hartă colorată a insulelor centrale din Wrocław, de-a lungul râului Odra, care prezintă clădirile istorice, podurile și spațiile verzi din cartierul Orașului Vechi.","خريطة ملونة للجزر المركزية في فروتسواف على طول نهر أودرا، تُظهر المباني التاريخية والجسور والمساحات الخضراء في منطقة المدينة القديمة."
"dali_profile_of_time",81851436135079936,"Dalí - Profile of Time","Dalí - Perfil del tiempo","Dalí - Profilo del tempo","Dalí - Profil du temps","Dalí - Profil czasu","Далі - Профіль часу","Дали — Профиль времени","Dalí – Profil der Zeit","Dalí - Az idő profilja","Dalí - Profilul timpului","دالي - لمحة عن الزمن"
"dali_profile_of_time.desc",81851436147662848,"This famous ""melting clock"" is a statue that shows time can be bendy and wiggly, just like in a dream!","Este famoso ""reloj derretido"" es una estatua que demuestra que el tiempo puede ser flexible y ondulante, ¡igual que en un sueño!","Questo famoso ""orologio che si scioglie"" è una statua che dimostra come il tempo possa essere flessibile e ondeggiante, proprio come in un sogno!","Cette célèbre « horloge fondante » est une statue qui montre que le temps peut être flexible et tortueux, comme dans un rêve !","Ten słynny „topniejący zegar” to statua, która pokazuje, że czas może być giętki i wirować, zupełnie jak we śnie!","Цей знаменитий «годинник, що плавиться» – статуя, яка показує, що час може бути гнучким і хвилястим, як уві сні!","Эти знаменитые «тающие часы» — статуя, демонстрирующая, что время может быть изменчивым и непостоянным, как во сне!","Diese berühmte „schmelzende Uhr“ ist eine Statue, die zeigt, dass die Zeit biegsam und wackelig sein kann, genau wie in einem Traum!","Ez a híres ""olvadó óra"" egy szobor, amely azt mutatja, hogy az idő hajlékony és tekergőző lehet, akárcsak egy álomban!","Acest faimos „ceas topit” este o statuie care arată că timpul poate fi flexibil și sinuos, exact ca într-un vis!","هذه ""الساعة الذائبة"" الشهيرة عبارة عن تمثال يوضح أن الزمن يمكن أن يكون مرنًا ومتذبذبًا، تمامًا كما هو الحال في الحلم!"
"wroclaw_map",81851436160245760,"Map of Wroklaw","Mapa de Wroklaw","Mappa di Wroklaw","Carte de Wroklaw","Mapa Wrocławia","Мапа Вроцлава","Карта Вроцлава","Karte von Wroklaw","Wrocław térképe","Harta orașului Wrocław","خريطة وركلاف"
"wroclaw_map.desc",81851436160245761,"A simple map of Wrocław showing the Odra River with its islands and many bridges","Un mapa sencillo de Breslavia que muestra el río Óder con sus islas y numerosos puentes.","Una semplice mappa di Breslavia che mostra il fiume Odra con le sue isole e i numerosi ponti.","Une carte simplifiée de Wrocław montrant le fleuve Odra avec ses îles et ses nombreux ponts.","Prosta mapa Wrocławia przedstawiająca rzekę Odrę z wyspami i wieloma mostami","Проста карта Вроцлава із зображенням річки Одра з її островами та численними мостами","Простая карта Вроцлава, на которой изображена река Одра с островами и многочисленными мостами.","Eine einfache Karte von Breslau, die den Fluss Oder mit seinen Inseln und zahlreichen Brücken zeigt.","Wrocław egyszerű térképe, amelyen az Odera folyó látható szigeteivel és számos hídjával.","O hartă simplă a orașului Wrocław care arată râul Odra cu insulele sale și numeroasele poduri","خريطة بسيطة لمدينة فروتسواف تُظهر نهر أودرا بجزره وجسوره العديدة."
"musical_scale",83950295082590208,"Musical Scale","Escala musical","Scala musicale","Gamme musicale","Skala muzyczna","Музична гама","Музыкальная гамма","Tonleiter","Zenei skála","Gamă muzicală","السلم الموسيقي"
"musical_scale.desc",83950295095173120,"The seven notes played in order","Las siete notas tocadas en orden","Le sette note suonate in ordine","Les sept notes jouées dans l'ordre","Siedem nut granych w kolejności","Сім нот, зіграних по порядку","Семь нот, сыгранных по порядку.","Die sieben Noten werden der Reihe nach gespielt","A hét hangjegy sorrendben lejátszott","Cele șapte note cântate în ordine","النوتات السبع التي تم عزفها بالترتيب"